,Unnamed: 0,reaction_idx,reaction_type,uid,substrates,products,solvent,reaction_smiles,label,simulation_idx
15,15,5,2,15,COC1=CC=CC=C1OC.ClCCCC(Cl)=O,COc1cccc(C(=O)CCCCl)c1OC,CH2Cl2,COC1=CC=CC=C1OC.ClCCCC(Cl)=O>>COc1cccc(C(=O)CCCCl)c1OC,0,0.0
16,16,5,2,16,COC1=CC=CC=C1OC.ClCCCC(Cl)=O,COc1ccc(C(=O)CCCCl)cc1OC,CH2Cl2,COC1=CC=CC=C1OC.ClCCCC(Cl)=O>>COc1ccc(C(=O)CCCCl)cc1OC,1,0.0
51,51,16,2,51,COC1=CC=CC=C1OC.CCC(Cl)=O,CCC(=O)c1ccc(OC)c(OC)c1,CH2Cl2,COC1=CC=CC=C1OC.CCC(Cl)=O>>CCC(=O)c1ccc(OC)c(OC)c1,1,0.0
52,52,16,2,52,COC1=CC=CC=C1OC.CCC(Cl)=O,CCC(=O)c1cccc(OC)c1OC,CH2Cl2,COC1=CC=CC=C1OC.CCC(Cl)=O>>CCC(=O)c1cccc(OC)c1OC,0,0.0
82,82,26,2,82,C1=CC2=C(C=C1)C1=C(C=CC=C1)C1=C2C=CC=C1.CC(Cl)=O,CC(=O)c1ccc2c3ccccc3c3ccccc3c2c1,CH2Cl2,C1=CC2=C(C=C1)C1=C(C=CC=C1)C1=C2C=CC=C1.CC(Cl)=O>>CC(=O)c1ccc2c3ccccc3c3ccccc3c2c1,1,0.0
83,83,26,2,83,C1=CC2=C(C=C1)C1=C(C=CC=C1)C1=C2C=CC=C1.CC(Cl)=O,CC(=O)c1cccc2c3ccccc3c3ccccc3c12,CH2Cl2,C1=CC2=C(C=C1)C1=C(C=CC=C1)C1=C2C=CC=C1.CC(Cl)=O>>CC(=O)c1cccc2c3ccccc3c3ccccc3c12,0,0.0
122,122,41,2,122,C1CCC2=CC=CC=C2C1.ClCCC(Cl)=O,O=C(CCCl)c1cccc2c1CCCC2,CH2Cl2,C1CCC2=CC=CC=C2C1.ClCCC(Cl)=O>>O=C(CCCl)c1cccc2c1CCCC2,0,0.0
123,123,41,2,123,C1CCC2=CC=CC=C2C1.ClCCC(Cl)=O,O=C(CCCl)c1ccc2c(c1)CCCC2,CH2Cl2,C1CCC2=CC=CC=C2C1.ClCCC(Cl)=O>>O=C(CCCl)c1ccc2c(c1)CCCC2,1,0.0
182,182,58,2,182,NC1=CC=C(Cl)C=C1.ClC(=O)C1=CC=CC=C1,Nc1ccc(Cl)c(C(=O)c2ccccc2)c1,CH2Cl2,NC1=CC=C(Cl)C=C1.ClC(=O)C1=CC=CC=C1>>Nc1ccc(Cl)c(C(=O)c2ccccc2)c1,0,0.0
183,183,58,2,183,NC1=CC=C(Cl)C=C1.ClC(=O)C1=CC=CC=C1,Nc1ccc(Cl)cc1C(=O)c1ccccc1,CH2Cl2,NC1=CC=C(Cl)C=C1.ClC(=O)C1=CC=CC=C1>>Nc1ccc(Cl)cc1C(=O)c1ccccc1,1,0.0
204,204,63,2,204,C1CC2=CC=CC=C2C1.ClCCC(Cl)=O,O=C(CCCl)c1cccc2c1CCC2,CH2Cl2,C1CC2=CC=CC=C2C1.ClCCC(Cl)=O>>O=C(CCCl)c1cccc2c1CCC2,0,0.0
205,205,63,2,205,C1CC2=CC=CC=C2C1.ClCCC(Cl)=O,O=C(CCCl)c1ccc2c(c1)CCC2,CH2Cl2,C1CC2=CC=CC=C2C1.ClCCC(Cl)=O>>O=C(CCCl)c1ccc2c(c1)CCC2,1,0.0
218,218,68,2,218,C1COC2=C(O1)C=CC=C2.CCOC(=O)C(Cl)=O,CCOC(=O)C(=O)c1ccc2c(c1)OCCO2,CH2Cl2,C1COC2=C(O1)C=CC=C2.CCOC(=O)C(Cl)=O>>CCOC(=O)C(=O)c1ccc2c(c1)OCCO2,1,0.0
219,219,68,2,219,C1COC2=C(O1)C=CC=C2.CCOC(=O)C(Cl)=O,CCOC(=O)C(=O)c1cccc2c1OCCO2,CH2Cl2,C1COC2=C(O1)C=CC=C2.CCOC(=O)C(Cl)=O>>CCOC(=O)C(=O)c1cccc2c1OCCO2,0,0.0
225,225,71,2,225,CCCCCCCCCCCC(Cl)=O.ClC1=C(Cl)C=CC=C1,CCCCCCCCCCCC(=O)c1cccc(Cl)c1Cl,Water,CCCCCCCCCCCC(Cl)=O.ClC1=C(Cl)C=CC=C1>>CCCCCCCCCCCC(=O)c1cccc(Cl)c1Cl,0,0.0
226,226,71,2,226,CCCCCCCCCCCC(Cl)=O.ClC1=C(Cl)C=CC=C1,CCCCCCCCCCCC(=O)c1ccc(Cl)c(Cl)c1,Water,CCCCCCCCCCCC(Cl)=O.ClC1=C(Cl)C=CC=C1>>CCCCCCCCCCCC(=O)c1ccc(Cl)c(Cl)c1,1,0.0
336,336,106,2,336,COC1=CC=C(C)C=C1.CC(Cl)=O,COc1ccc(C)cc1C(C)=O,CH2Cl2,COC1=CC=C(C)C=C1.CC(Cl)=O>>COc1ccc(C)cc1C(C)=O,1,0.0
337,337,106,2,337,COC1=CC=C(C)C=C1.CC(Cl)=O,COc1ccc(C)c(C(C)=O)c1,CH2Cl2,COC1=CC=C(C)C=C1.CC(Cl)=O>>COc1ccc(C)c(C(C)=O)c1,0,0.0
350,350,110,2,350,COC1=CC=C(C)C=C1.CC(C)C(Cl)=O,COc1ccc(C)cc1C(=O)C(C)C,CH2Cl2,COC1=CC=C(C)C=C1.CC(C)C(Cl)=O>>COc1ccc(C)cc1C(=O)C(C)C,1,0.0
351,351,110,2,351,COC1=CC=C(C)C=C1.CC(C)C(Cl)=O,COc1ccc(C)c(C(=O)C(C)C)c1,CH2Cl2,COC1=CC=C(C)C=C1.CC(C)C(Cl)=O>>COc1ccc(C)c(C(=O)C(C)C)c1,0,0.0
355,355,112,2,355,C1OC2=CC=CC=C2O1.CCOC(=O)C(Cl)=O,CCOC(=O)C(=O)c1cccc2c1OCO2,CH2Cl2,C1OC2=CC=CC=C2O1.CCOC(=O)C(Cl)=O>>CCOC(=O)C(=O)c1cccc2c1OCO2,0,0.0
356,356,112,2,356,C1OC2=CC=CC=C2O1.CCOC(=O)C(Cl)=O,CCOC(=O)C(=O)c1ccc2c(c1)OCO2,CH2Cl2,C1OC2=CC=CC=C2O1.CCOC(=O)C(Cl)=O>>CCOC(=O)C(=O)c1ccc2c(c1)OCO2,1,0.0
379,379,121,2,379,CC1(C)CCC(C)(C)C2=C1C=CC=C2.CC(Cl)=O,CC(=O)c1ccc2c(c1)C(C)(C)CCC2(C)C,CH2Cl2,CC1(C)CCC(C)(C)C2=C1C=CC=C2.CC(Cl)=O>>CC(=O)c1ccc2c(c1)C(C)(C)CCC2(C)C,1,0.0
380,380,121,2,380,CC1(C)CCC(C)(C)C2=C1C=CC=C2.CC(Cl)=O,CC(=O)c1cccc2c1C(C)(C)CCC2(C)C,CH2Cl2,CC1(C)CCC(C)(C)C2=C1C=CC=C2.CC(Cl)=O>>CC(=O)c1cccc2c1C(C)(C)CCC2(C)C,0,0.0
406,406,130,2,406,COC1=CC=CC=C1OC.CC1=CC=C(Br)C=C1C(Cl)=O,COc1cccc(C(=O)c2cc(Br)ccc2C)c1OC,CH2Cl2,COC1=CC=CC=C1OC.CC1=CC=C(Br)C=C1C(Cl)=O>>COc1cccc(C(=O)c2cc(Br)ccc2C)c1OC,0,0.0
407,407,130,2,407,COC1=CC=CC=C1OC.CC1=CC=C(Br)C=C1C(Cl)=O,COc1ccc(C(=O)c2cc(Br)ccc2C)cc1OC,CH2Cl2,COC1=CC=CC=C1OC.CC1=CC=C(Br)C=C1C(Cl)=O>>COc1ccc(C(=O)c2cc(Br)ccc2C)cc1OC,1,0.0
449,449,145,2,449,CCCCCCCCOC1=CC=CC=C1OCCCCCCCC.ClC(=O)C1=CC=C(C=C1)N(=O)=O,CCCCCCCCOc1cccc(C(=O)c2ccc([N+](=O)[O-])cc2)c1OCCCCCCCC,CH2Cl2,CCCCCCCCOC1=CC=CC=C1OCCCCCCCC.ClC(=O)C1=CC=C(C=C1)N(=O)=O>>CCCCCCCCOc1cccc(C(=O)c2ccc([N+](=O)[O-])cc2)c1OCCCCCCCC,0,0.0
450,450,145,2,450,CCCCCCCCOC1=CC=CC=C1OCCCCCCCC.ClC(=O)C1=CC=C(C=C1)N(=O)=O,CCCCCCCCOc1ccc(C(=O)c2ccc([N+](=O)[O-])cc2)cc1OCCCCCCCC,CH2Cl2,CCCCCCCCOC1=CC=CC=C1OCCCCCCCC.ClC(=O)C1=CC=C(C=C1)N(=O)=O>>CCCCCCCCOc1ccc(C(=O)c2ccc([N+](=O)[O-])cc2)cc1OCCCCCCCC,1,0.0
451,451,146,2,451,ClC(=O)CCCCBr.CCCCCCCCOC1=CC=CC=C1OCCCCCCCC,CCCCCCCCOc1ccc(C(=O)CCCCBr)cc1OCCCCCCCC,CH2Cl2,ClC(=O)CCCCBr.CCCCCCCCOC1=CC=CC=C1OCCCCCCCC>>CCCCCCCCOc1ccc(C(=O)CCCCBr)cc1OCCCCCCCC,1,0.0
452,452,146,2,452,ClC(=O)CCCCBr.CCCCCCCCOC1=CC=CC=C1OCCCCCCCC,CCCCCCCCOc1cccc(C(=O)CCCCBr)c1OCCCCCCCC,CH2Cl2,ClC(=O)CCCCBr.CCCCCCCCOC1=CC=CC=C1OCCCCCCCC>>CCCCCCCCOc1cccc(C(=O)CCCCBr)c1OCCCCCCCC,0,0.0
453,453,147,2,453,CCCCCCCCOC1=CC=CC=C1OCCCCCCCC.COC(=O)C1=CC=C(C=C1)C(Cl)=O,CCCCCCCCOc1ccc(C(=O)c2ccc(C(=O)OC)cc2)cc1OCCCCCCCC,CH2Cl2,CCCCCCCCOC1=CC=CC=C1OCCCCCCCC.COC(=O)C1=CC=C(C=C1)C(Cl)=O>>CCCCCCCCOc1ccc(C(=O)c2ccc(C(=O)OC)cc2)cc1OCCCCCCCC,1,0.0
454,454,147,2,454,CCCCCCCCOC1=CC=CC=C1OCCCCCCCC.COC(=O)C1=CC=C(C=C1)C(Cl)=O,CCCCCCCCOc1cccc(C(=O)c2ccc(C(=O)OC)cc2)c1OCCCCCCCC,CH2Cl2,CCCCCCCCOC1=CC=CC=C1OCCCCCCCC.COC(=O)C1=CC=C(C=C1)C(Cl)=O>>CCCCCCCCOc1cccc(C(=O)c2ccc(C(=O)OC)cc2)c1OCCCCCCCC,0,0.0
475,475,155,2,475,COC1=CC=CC=C1OC.CC(C)(C)CC(Cl)=O,COc1ccc(C(=O)CC(C)(C)C)cc1OC,CH2Cl2,COC1=CC=CC=C1OC.CC(C)(C)CC(Cl)=O>>COc1ccc(C(=O)CC(C)(C)C)cc1OC,0,0.0
476,476,155,2,476,COC1=CC=CC=C1OC.CC(C)(C)CC(Cl)=O,COc1cccc(C(=O)CC(C)(C)C)c1OC,CH2Cl2,COC1=CC=CC=C1OC.CC(C)(C)CC(Cl)=O>>COc1cccc(C(=O)CC(C)(C)C)c1OC,1,0.0
487,487,160,2,487,COC1=CC=C(C)C=C1.COC(=O)CC(Cl)=O,COC(=O)CC(=O)c1cc(C)ccc1OC,CH2Cl2,COC1=CC=C(C)C=C1.COC(=O)CC(Cl)=O>>COC(=O)CC(=O)c1cc(C)ccc1OC,1,0.0
488,488,160,2,488,COC1=CC=C(C)C=C1.COC(=O)CC(Cl)=O,COC(=O)CC(=O)c1cc(OC)ccc1C,CH2Cl2,COC1=CC=C(C)C=C1.COC(=O)CC(Cl)=O>>COC(=O)CC(=O)c1cc(OC)ccc1C,0,0.0
511,511,169,2,511,COC(=O)C1=CC(OC)=CC(OC)=C1.CC(Cl)=O,COC(=O)c1cc(OC)cc(OC)c1C(C)=O,CH2Cl2,COC(=O)C1=CC(OC)=CC(OC)=C1.CC(Cl)=O>>COC(=O)c1cc(OC)cc(OC)c1C(C)=O,1,0.0
512,512,169,2,512,COC(=O)C1=CC(OC)=CC(OC)=C1.CC(Cl)=O,COC(=O)c1cc(OC)c(C(C)=O)c(OC)c1,CH2Cl2,COC(=O)C1=CC(OC)=CC(OC)=C1.CC(Cl)=O>>COC(=O)c1cc(OC)c(C(C)=O)c(OC)c1,0,0.0
529,529,174,2,529,CCCCCCCCOC1=CC=CC=C1OCCCCCCCC.ClC(=O)C1=CC=C(C=C1)C#N,CCCCCCCCOc1cccc(C(=O)c2ccc(C#N)cc2)c1OCCCCCCCC,CH2Cl2,CCCCCCCCOC1=CC=CC=C1OCCCCCCCC.ClC(=O)C1=CC=C(C=C1)C#N>>CCCCCCCCOc1cccc(C(=O)c2ccc(C#N)cc2)c1OCCCCCCCC,0,0.0
530,530,174,2,530,CCCCCCCCOC1=CC=CC=C1OCCCCCCCC.ClC(=O)C1=CC=C(C=C1)C#N,CCCCCCCCOc1ccc(C(=O)c2ccc(C#N)cc2)cc1OCCCCCCCC,CH2Cl2,CCCCCCCCOC1=CC=CC=C1OCCCCCCCC.ClC(=O)C1=CC=C(C=C1)C#N>>CCCCCCCCOc1ccc(C(=O)c2ccc(C#N)cc2)cc1OCCCCCCCC,1,0.0
531,531,175,2,531,CCCCCCCCOC1=CC=CC=C1OCCCCCCCC.ClC(=O)C1=CC=CC(=C1)N(=O)=O,CCCCCCCCOc1cccc(C(=O)c2cccc([N+](=O)[O-])c2)c1OCCCCCCCC,CH2Cl2,CCCCCCCCOC1=CC=CC=C1OCCCCCCCC.ClC(=O)C1=CC=CC(=C1)N(=O)=O>>CCCCCCCCOc1cccc(C(=O)c2cccc([N+](=O)[O-])c2)c1OCCCCCCCC,0,0.0
532,532,175,2,532,CCCCCCCCOC1=CC=CC=C1OCCCCCCCC.ClC(=O)C1=CC=CC(=C1)N(=O)=O,CCCCCCCCOc1ccc(C(=O)c2cccc([N+](=O)[O-])c2)cc1OCCCCCCCC,CH2Cl2,CCCCCCCCOC1=CC=CC=C1OCCCCCCCC.ClC(=O)C1=CC=CC(=C1)N(=O)=O>>CCCCCCCCOc1ccc(C(=O)c2cccc([N+](=O)[O-])c2)cc1OCCCCCCCC,1,0.0
589,589,193,2,589,COC1=CC=C(C)C=C1.COCC(Cl)=O,COCC(=O)c1cc(C)ccc1OC,CH2Cl2,COC1=CC=C(C)C=C1.COCC(Cl)=O>>COCC(=O)c1cc(C)ccc1OC,1,0.0
590,590,193,2,590,COC1=CC=C(C)C=C1.COCC(Cl)=O,COCC(=O)c1cc(OC)ccc1C,CH2Cl2,COC1=CC=C(C)C=C1.COCC(Cl)=O>>COCC(=O)c1cc(OC)ccc1C,0,0.0
600,600,199,2,600,ClC1=C(Cl)C=CC=C1.COC(=O)CCC(Cl)=O,COC(=O)CCC(=O)c1cccc(Cl)c1Cl,CH2Cl2,ClC1=C(Cl)C=CC=C1.COC(=O)CCC(Cl)=O>>COC(=O)CCC(=O)c1cccc(Cl)c1Cl,0,0.0
601,601,199,2,601,ClC1=C(Cl)C=CC=C1.COC(=O)CCC(Cl)=O,COC(=O)CCC(=O)c1ccc(Cl)c(Cl)c1,CH2Cl2,ClC1=C(Cl)C=CC=C1.COC(=O)CCC(Cl)=O>>COC(=O)CCC(=O)c1ccc(Cl)c(Cl)c1,1,0.0
661,661,220,2,661,COC1=CC(O)=CC(O)=C1.CC(Cl)=O,COc1cc(O)c(C(C)=O)c(O)c1,CH2Cl2,COC1=CC(O)=CC(O)=C1.CC(Cl)=O>>COc1cc(O)c(C(C)=O)c(O)c1,1,0.0
662,662,220,2,662,COC1=CC(O)=CC(O)=C1.CC(Cl)=O,COc1cc(O)cc(O)c1C(C)=O,CH2Cl2,COC1=CC(O)=CC(O)=C1.CC(Cl)=O>>COc1cc(O)cc(O)c1C(C)=O,0,0.0
725,725,243,2,725,COC(=O)C1=CC(OC)=CC(OC)=C1.COC1=C(C=CC(C)=C1)C(Cl)=O,COC(=O)c1cc(OC)cc(OC)c1C(=O)c1ccc(C)cc1OC,CH2Cl2,COC(=O)C1=CC(OC)=CC(OC)=C1.COC1=C(C=CC(C)=C1)C(Cl)=O>>COC(=O)c1cc(OC)cc(OC)c1C(=O)c1ccc(C)cc1OC,1,0.0
726,726,243,2,726,COC(=O)C1=CC(OC)=CC(OC)=C1.COC1=C(C=CC(C)=C1)C(Cl)=O,COC(=O)c1cc(OC)c(C(=O)c2ccc(C)cc2OC)c(OC)c1,CH2Cl2,COC(=O)C1=CC(OC)=CC(OC)=C1.COC1=C(C=CC(C)=C1)C(Cl)=O>>COC(=O)c1cc(OC)c(C(=O)c2ccc(C)cc2OC)c(OC)c1,0,0.0
732,732,247,2,732,COC1=C(C)C(O)=CC(O)=C1.CC(C)CC(Cl)=O,COc1c(C)c(O)cc(O)c1C(=O)CC(C)C,CH2Cl2,COC1=C(C)C(O)=CC(O)=C1.CC(C)CC(Cl)=O>>COc1c(C)c(O)cc(O)c1C(=O)CC(C)C,0,0.0
733,733,247,2,733,COC1=C(C)C(O)=CC(O)=C1.CC(C)CC(Cl)=O,COc1cc(O)c(C(=O)CC(C)C)c(O)c1C,CH2Cl2,COC1=C(C)C(O)=CC(O)=C1.CC(C)CC(Cl)=O>>COc1cc(O)c(C(=O)CC(C)C)c(O)c1C,1,0.0
734,734,248,2,734,CCC(C)C(Cl)=O.COC1=C(C)C(O)=CC(O)=C1,CCC(C)C(=O)c1c(O)cc(OC)c(C)c1O,CH2Cl2,CCC(C)C(Cl)=O.COC1=C(C)C(O)=CC(O)=C1>>CCC(C)C(=O)c1c(O)cc(OC)c(C)c1O,1,0.0
735,735,248,2,735,CCC(C)C(Cl)=O.COC1=C(C)C(O)=CC(O)=C1,CCC(C)C(=O)c1c(O)cc(O)c(C)c1OC,CH2Cl2,CCC(C)C(Cl)=O.COC1=C(C)C(O)=CC(O)=C1>>CCC(C)C(=O)c1c(O)cc(O)c(C)c1OC,0,0.0
754,754,257,2,754,ClC(=O)CC1CCCC1.CC1=C(O)C=CC=C1O,Cc1c(O)ccc(C(=O)CC2CCCC2)c1O,CH2Cl2,ClC(=O)CC1CCCC1.CC1=C(O)C=CC=C1O>>Cc1c(O)ccc(C(=O)CC2CCCC2)c1O,1,0.0
755,755,257,2,755,ClC(=O)CC1CCCC1.CC1=C(O)C=CC=C1O,Cc1c(O)cc(C(=O)CC2CCCC2)cc1O,CH2Cl2,ClC(=O)CC1CCCC1.CC1=C(O)C=CC=C1O>>Cc1c(O)cc(C(=O)CC2CCCC2)cc1O,0,0.0
837,837,288,2,837,COC1=CC=CC=C1OC.COC1=CC(=CC(OC)=C1OC)C(Cl)=O,COc1cc(C(=O)c2cccc(OC)c2OC)cc(OC)c1OC,CH2Cl2,COC1=CC=CC=C1OC.COC1=CC(=CC(OC)=C1OC)C(Cl)=O>>COc1cc(C(=O)c2cccc(OC)c2OC)cc(OC)c1OC,0,0.0
838,838,288,2,838,COC1=CC=CC=C1OC.COC1=CC(=CC(OC)=C1OC)C(Cl)=O,COc1ccc(C(=O)c2cc(OC)c(OC)c(OC)c2)cc1OC,CH2Cl2,COC1=CC=CC=C1OC.COC1=CC(=CC(OC)=C1OC)C(Cl)=O>>COc1ccc(C(=O)c2cc(OC)c(OC)c(OC)c2)cc1OC,1,0.0
842,842,290,2,842,C1=CC2=CC=CC=C2C=C1.CC(Cl)=O,CC(=O)c1cccc2ccccc12,n-Hexane,C1=CC2=CC=CC=C2C=C1.CC(Cl)=O>>CC(=O)c1cccc2ccccc12,1,0.0
843,843,290,2,843,C1=CC2=CC=CC=C2C=C1.CC(Cl)=O,CC(=O)c1ccc2ccccc2c1,n-Hexane,C1=CC2=CC=CC=C2C=C1.CC(Cl)=O>>CC(=O)c1ccc2ccccc2c1,0,0.0
860,860,298,2,860,CCCCCCCCCCCCOC1=CC=CC=C1OCCCCCCCCCCCC.CC(Cl)=O,CCCCCCCCCCCCOc1ccc(C(C)=O)cc1OCCCCCCCCCCCC,CH2Cl2,CCCCCCCCCCCCOC1=CC=CC=C1OCCCCCCCCCCCC.CC(Cl)=O>>CCCCCCCCCCCCOc1ccc(C(C)=O)cc1OCCCCCCCCCCCC,1,0.0
861,861,298,2,861,CCCCCCCCCCCCOC1=CC=CC=C1OCCCCCCCCCCCC.CC(Cl)=O,CCCCCCCCCCCCOc1cccc(C(C)=O)c1OCCCCCCCCCCCC,CH2Cl2,CCCCCCCCCCCCOC1=CC=CC=C1OCCCCCCCCCCCC.CC(Cl)=O>>CCCCCCCCCCCCOc1cccc(C(C)=O)c1OCCCCCCCCCCCC,0,0.0
862,862,299,2,862,CCCCCCCCOC1=CC=CC=C1OCCCCCCCC.CC(Cl)=O,CCCCCCCCOc1ccc(C(C)=O)cc1OCCCCCCCC,CH2Cl2,CCCCCCCCOC1=CC=CC=C1OCCCCCCCC.CC(Cl)=O>>CCCCCCCCOc1ccc(C(C)=O)cc1OCCCCCCCC,1,0.0
863,863,299,2,863,CCCCCCCCOC1=CC=CC=C1OCCCCCCCC.CC(Cl)=O,CCCCCCCCOc1cccc(C(C)=O)c1OCCCCCCCC,CH2Cl2,CCCCCCCCOC1=CC=CC=C1OCCCCCCCC.CC(Cl)=O>>CCCCCCCCOc1cccc(C(C)=O)c1OCCCCCCCC,0,0.0
867,867,301,2,867,COC1=CC=CC=C1OC.ClC(=O)CCCBr,COc1ccc(C(=O)CCCBr)cc1OC,CH2Cl2,COC1=CC=CC=C1OC.ClC(=O)CCCBr>>COc1ccc(C(=O)CCCBr)cc1OC,1,0.0
868,868,301,2,868,COC1=CC=CC=C1OC.ClC(=O)CCCBr,COc1cccc(C(=O)CCCBr)c1OC,CH2Cl2,COC1=CC=CC=C1OC.ClC(=O)CCCBr>>COc1cccc(C(=O)CCCBr)c1OC,0,0.0
904,904,312,2,904,FC1=C(F)C=CC=C1.ClCCC(Cl)=O,O=C(CCCl)c1cccc(F)c1F,CH2Cl2,FC1=C(F)C=CC=C1.ClCCC(Cl)=O>>O=C(CCCl)c1cccc(F)c1F,0,0.0
905,905,312,2,905,FC1=C(F)C=CC=C1.ClCCC(Cl)=O,O=C(CCCl)c1ccc(F)c(F)c1,CH2Cl2,FC1=C(F)C=CC=C1.ClCCC(Cl)=O>>O=C(CCCl)c1ccc(F)c(F)c1,1,0.0
928,928,317,2,928,CC1(C)CCC2=C(O)C=C(O)C=C2O1.COC1=CC=C(C=C1OC)C(Cl)=O,COc1ccc(C(=O)c2c(O)cc3c(c2O)CCC(C)(C)O3)cc1OC,CH2Cl2,CC1(C)CCC2=C(O)C=C(O)C=C2O1.COC1=CC=C(C=C1OC)C(Cl)=O>>COc1ccc(C(=O)c2c(O)cc3c(c2O)CCC(C)(C)O3)cc1OC,1,0.0
929,929,317,2,929,CC1(C)CCC2=C(O)C=C(O)C=C2O1.COC1=CC=C(C=C1OC)C(Cl)=O,COc1ccc(C(=O)c2c(O)cc(O)c3c2OC(C)(C)CC3)cc1OC,CH2Cl2,CC1(C)CCC2=C(O)C=C(O)C=C2O1.COC1=CC=C(C=C1OC)C(Cl)=O>>COc1ccc(C(=O)c2c(O)cc(O)c3c2OC(C)(C)CC3)cc1OC,0,0.0
997,997,341,2,997,C1CCC2=C(CC1)C=CC=C2.COC(=O)CCC(Cl)=O,COC(=O)CCC(=O)c1ccc2c(c1)CCCCC2,CH2Cl2,C1CCC2=C(CC1)C=CC=C2.COC(=O)CCC(Cl)=O>>COC(=O)CCC(=O)c1ccc2c(c1)CCCCC2,1,0.0
998,998,341,2,998,C1CCC2=C(CC1)C=CC=C2.COC(=O)CCC(Cl)=O,COC(=O)CCC(=O)c1cccc2c1CCCCC2,CH2Cl2,C1CCC2=C(CC1)C=CC=C2.COC(=O)CCC(Cl)=O>>COC(=O)CCC(=O)c1cccc2c1CCCCC2,0,0.0
1005,1005,345,2,1005,COC1=CC=CC(OC)=C1C.CC(Cl)=O,COc1ccc(C(C)=O)c(OC)c1C,Benzene,COC1=CC=CC(OC)=C1C.CC(Cl)=O>>COc1ccc(C(C)=O)c(OC)c1C,1,0.0
1006,1006,345,2,1006,COC1=CC=CC(OC)=C1C.CC(Cl)=O,COc1cc(C(C)=O)cc(OC)c1C,Benzene,COC1=CC=CC(OC)=C1C.CC(Cl)=O>>COc1cc(C(C)=O)cc(OC)c1C,0,0.0
1095,1095,371,2,1095,C1CCC2=C(CC1)C=CC=C2.ClCCC(Cl)=O,O=C(CCCl)c1cccc2c1CCCCC2,CH2Cl2,C1CCC2=C(CC1)C=CC=C2.ClCCC(Cl)=O>>O=C(CCCl)c1cccc2c1CCCCC2,0,0.0
1096,1096,371,2,1096,C1CCC2=C(CC1)C=CC=C2.ClCCC(Cl)=O,O=C(CCCl)c1ccc2c(c1)CCCCC2,CH2Cl2,C1CCC2=C(CC1)C=CC=C2.ClCCC(Cl)=O>>O=C(CCCl)c1ccc2c(c1)CCCCC2,1,0.0
1133,1133,385,2,1133,CC1(C)CCC(C)(C)C2=C1C=CC=C2.COC(=O)C1=CC=C(C=C1)C(Cl)=O,COC(=O)c1ccc(C(=O)c2ccc3c(c2)C(C)(C)CCC3(C)C)cc1,CH2Cl2,CC1(C)CCC(C)(C)C2=C1C=CC=C2.COC(=O)C1=CC=C(C=C1)C(Cl)=O>>COC(=O)c1ccc(C(=O)c2ccc3c(c2)C(C)(C)CCC3(C)C)cc1,1,0.0
1134,1134,385,2,1134,CC1(C)CCC(C)(C)C2=C1C=CC=C2.COC(=O)C1=CC=C(C=C1)C(Cl)=O,COC(=O)c1ccc(C(=O)c2cccc3c2C(C)(C)CCC3(C)C)cc1,CH2Cl2,CC1(C)CCC(C)(C)C2=C1C=CC=C2.COC(=O)C1=CC=C(C=C1)C(Cl)=O>>COC(=O)c1ccc(C(=O)c2cccc3c2C(C)(C)CCC3(C)C)cc1,0,0.0
1135,1135,386,2,1135,COC1=CC=CC(OC)=C1C.CCC(Cl)=O,CCC(=O)c1cc(OC)c(C)c(OC)c1,Benzene,COC1=CC=CC(OC)=C1C.CCC(Cl)=O>>CCC(=O)c1cc(OC)c(C)c(OC)c1,0,0.0
1136,1136,386,2,1136,COC1=CC=CC(OC)=C1C.CCC(Cl)=O,CCC(=O)c1ccc(OC)c(C)c1OC,Benzene,COC1=CC=CC(OC)=C1C.CCC(Cl)=O>>CCC(=O)c1ccc(OC)c(C)c1OC,1,0.0
1141,1141,392,2,1141,C1OC2=CC=CC=C2O1.ClC(=O)CCBr,O=C(CCBr)c1ccc2c(c1)OCO2,CH2Cl2,C1OC2=CC=CC=C2O1.ClC(=O)CCBr>>O=C(CCBr)c1ccc2c(c1)OCO2,1,0.0
1142,1142,392,2,1142,C1OC2=CC=CC=C2O1.ClC(=O)CCBr,O=C(CCBr)c1cccc2c1OCO2,CH2Cl2,C1OC2=CC=CC=C2O1.ClC(=O)CCBr>>O=C(CCBr)c1cccc2c1OCO2,0,0.0
1171,1171,403,2,1171,CCCCCCOC1=C(OCCCCCC)C=CC=C1.CC(Cl)=O,CCCCCCOc1ccc(C(C)=O)cc1OCCCCCC,CH2Cl2,CCCCCCOC1=C(OCCCCCC)C=CC=C1.CC(Cl)=O>>CCCCCCOc1ccc(C(C)=O)cc1OCCCCCC,1,0.0
1172,1172,403,2,1172,CCCCCCOC1=C(OCCCCCC)C=CC=C1.CC(Cl)=O,CCCCCCOc1cccc(C(C)=O)c1OCCCCCC,CH2Cl2,CCCCCCOC1=C(OCCCCCC)C=CC=C1.CC(Cl)=O>>CCCCCCOc1cccc(C(C)=O)c1OCCCCCC,0,0.0
1212,1212,417,2,1212,CC(C)(C)C1=CC=CC(=C1O)C(C)(C)C.CCOC(=O)C(Cl)=O,CCOC(=O)C(=O)c1ccc(C(C)(C)C)c(O)c1C(C)(C)C,CH2Cl2,CC(C)(C)C1=CC=CC(=C1O)C(C)(C)C.CCOC(=O)C(Cl)=O>>CCOC(=O)C(=O)c1ccc(C(C)(C)C)c(O)c1C(C)(C)C,0,0.0
1213,1213,417,2,1213,CC(C)(C)C1=CC=CC(=C1O)C(C)(C)C.CCOC(=O)C(Cl)=O,CCOC(=O)C(=O)c1cc(C(C)(C)C)c(O)c(C(C)(C)C)c1,CH2Cl2,CC(C)(C)C1=CC=CC(=C1O)C(C)(C)C.CCOC(=O)C(Cl)=O>>CCOC(=O)C(=O)c1cc(C(C)(C)C)c(O)c(C(C)(C)C)c1,1,0.0
1225,1225,422,2,1225,CC(C)(C)C1=CC=CC(=C1O)C(C)(C)C.CCCCC(Cl)=O,CCCCC(=O)c1cc(C(C)(C)C)c(O)c(C(C)(C)C)c1,Acetonitrile,CC(C)(C)C1=CC=CC(=C1O)C(C)(C)C.CCCCC(Cl)=O>>CCCCC(=O)c1cc(C(C)(C)C)c(O)c(C(C)(C)C)c1,1,0.0
1226,1226,422,2,1226,CC(C)(C)C1=CC=CC(=C1O)C(C)(C)C.CCCCC(Cl)=O,CCCCC(=O)c1ccc(C(C)(C)C)c(O)c1C(C)(C)C,Acetonitrile,CC(C)(C)C1=CC=CC(=C1O)C(C)(C)C.CCCCC(Cl)=O>>CCCCC(=O)c1ccc(C(C)(C)C)c(O)c1C(C)(C)C,0,0.0
1230,1230,424,2,1230,COC(=O)CC1=CC(OC)=CC(OC)=C1.CC(Cl)=O,COC(=O)Cc1cc(OC)cc(OC)c1C(C)=O,CH2Cl2,COC(=O)CC1=CC(OC)=CC(OC)=C1.CC(Cl)=O>>COC(=O)Cc1cc(OC)cc(OC)c1C(C)=O,1,0.0
1231,1231,424,2,1231,COC(=O)CC1=CC(OC)=CC(OC)=C1.CC(Cl)=O,COC(=O)Cc1cc(OC)c(C(C)=O)c(OC)c1,CH2Cl2,COC(=O)CC1=CC(OC)=CC(OC)=C1.CC(Cl)=O>>COC(=O)Cc1cc(OC)c(C(C)=O)c(OC)c1,0,0.0
1266,1266,436,2,1266,COC1=CC(OC)=CC(O)=C1.CCOC(=O)C(Cl)=O,CCOC(=O)C(=O)c1c(OC)cc(O)cc1OC,CH2Cl2,COC1=CC(OC)=CC(O)=C1.CCOC(=O)C(Cl)=O>>CCOC(=O)C(=O)c1c(OC)cc(O)cc1OC,0,0.0
1267,1267,436,2,1267,COC1=CC(OC)=CC(O)=C1.CCOC(=O)C(Cl)=O,CCOC(=O)C(=O)c1c(O)cc(OC)cc1OC,CH2Cl2,COC1=CC(OC)=CC(O)=C1.CCOC(=O)C(Cl)=O>>CCOC(=O)C(=O)c1c(O)cc(OC)cc1OC,1,0.0
1277,1277,441,2,1277,CC1(C)CCC(C)(C)C2=C1C=CC=C2.COC(=O)C1=CN=C(N=C1)C(Cl)=O,COC(=O)c1cnc(C(=O)c2cccc3c2C(C)(C)CCC3(C)C)nc1,CH2Cl2,CC1(C)CCC(C)(C)C2=C1C=CC=C2.COC(=O)C1=CN=C(N=C1)C(Cl)=O>>COC(=O)c1cnc(C(=O)c2cccc3c2C(C)(C)CCC3(C)C)nc1,0,0.0
1278,1278,441,2,1278,CC1(C)CCC(C)(C)C2=C1C=CC=C2.COC(=O)C1=CN=C(N=C1)C(Cl)=O,COC(=O)c1cnc(C(=O)c2ccc3c(c2)C(C)(C)CCC3(C)C)nc1,CH2Cl2,CC1(C)CCC(C)(C)C2=C1C=CC=C2.COC(=O)C1=CN=C(N=C1)C(Cl)=O>>COC(=O)c1cnc(C(=O)c2ccc3c(c2)C(C)(C)CCC3(C)C)nc1,1,0.0
1279,1279,444,2,1279,COC1=CC=CC=C1OC.COC1=CC=C(C=C1OC)C(Cl)=O,COc1ccc(C(=O)c2cccc(OC)c2OC)cc1OC,CH2Cl2,COC1=CC=CC=C1OC.COC1=CC=C(C=C1OC)C(Cl)=O>>COc1ccc(C(=O)c2cccc(OC)c2OC)cc1OC,0,0.0
1280,1280,444,2,1280,COC1=CC=CC=C1OC.COC1=CC=C(C=C1OC)C(Cl)=O,COc1ccc(C(=O)c2ccc(OC)c(OC)c2)cc1OC,CH2Cl2,COC1=CC=CC=C1OC.COC1=CC=C(C=C1OC)C(Cl)=O>>COc1ccc(C(=O)c2ccc(OC)c(OC)c2)cc1OC,1,0.0
1353,1353,477,2,1353,COC1=CC(O)=CC(O)=C1.CCCC(Cl)=O,CCCC(=O)c1c(O)cc(OC)cc1O,CH2Cl2,COC1=CC(O)=CC(O)=C1.CCCC(Cl)=O>>CCCC(=O)c1c(O)cc(OC)cc1O,1,0.0
1354,1354,477,2,1354,COC1=CC(O)=CC(O)=C1.CCCC(Cl)=O,CCCC(=O)c1c(O)cc(O)cc1OC,CH2Cl2,COC1=CC(O)=CC(O)=C1.CCCC(Cl)=O>>CCCC(=O)c1c(O)cc(O)cc1OC,0,0.0
1373,1373,484,2,1373,CC(C)(C)C1=CC2=C3C(C=CC4=CC(=CC(C=C2)=C34)C(C)(C)C)=C1.CCOC(=O)C(Cl)=O,CCOC(=O)C(=O)c1cc2cc(C(C)(C)C)cc3ccc4cc(C(C)(C)C)cc1c4c32,CH2Cl2,CC(C)(C)C1=CC2=C3C(C=CC4=CC(=CC(C=C2)=C34)C(C)(C)C)=C1.CCOC(=O)C(Cl)=O>>CCOC(=O)C(=O)c1cc2cc(C(C)(C)C)cc3ccc4cc(C(C)(C)C)cc1c4c32,1,0.0
1374,1374,484,2,1374,CC(C)(C)C1=CC2=C3C(C=CC4=CC(=CC(C=C2)=C34)C(C)(C)C)=C1.CCOC(=O)C(Cl)=O,CCOC(=O)C(=O)c1c(C(C)(C)C)cc2ccc3cc(C(C)(C)C)cc4ccc1c2c34,CH2Cl2,CC(C)(C)C1=CC2=C3C(C=CC4=CC(=CC(C=C2)=C34)C(C)(C)C)=C1.CCOC(=O)C(Cl)=O>>CCOC(=O)C(=O)c1c(C(C)(C)C)cc2ccc3cc(C(C)(C)C)cc4ccc1c2c34,0,0.0
1384,1384,490,2,1384,ClC(=O)C1=CC=CO1.COC1=CC=CC=C1OC,COc1cccc(C(=O)c2ccco2)c1OC,CH2Cl2,ClC(=O)C1=CC=CO1.COC1=CC=CC=C1OC>>COc1cccc(C(=O)c2ccco2)c1OC,0,0.0
1385,1385,490,2,1385,ClC(=O)C1=CC=CO1.COC1=CC=CC=C1OC,COc1ccc(C(=O)c2ccco2)cc1OC,CH2Cl2,ClC(=O)C1=CC=CO1.COC1=CC=CC=C1OC>>COc1ccc(C(=O)c2ccco2)cc1OC,1,0.0
1445,1445,511,2,1445,ClC(=O)CCCBr.C1CCC2=C(CC1)C=CC=C2,O=C(CCCBr)c1cccc2c1CCCCC2,CH2Cl2,ClC(=O)CCCBr.C1CCC2=C(CC1)C=CC=C2>>O=C(CCCBr)c1cccc2c1CCCCC2,0,0.0
1446,1446,511,2,1446,ClC(=O)CCCBr.C1CCC2=C(CC1)C=CC=C2,O=C(CCCBr)c1ccc2c(c1)CCCCC2,CH2Cl2,ClC(=O)CCCBr.C1CCC2=C(CC1)C=CC=C2>>O=C(CCCBr)c1ccc2c(c1)CCCCC2,1,0.0
1454,1454,515,2,1454,CC1=CC=CC=C1C.COC(=O)CCC(Cl)=O,COC(=O)CCC(=O)c1cccc(C)c1C,CH2Cl2,CC1=CC=CC=C1C.COC(=O)CCC(Cl)=O>>COC(=O)CCC(=O)c1cccc(C)c1C,0,0.0
1455,1455,515,2,1455,CC1=CC=CC=C1C.COC(=O)CCC(Cl)=O,COC(=O)CCC(=O)c1ccc(C)c(C)c1,CH2Cl2,CC1=CC=CC=C1C.COC(=O)CCC(Cl)=O>>COC(=O)CCC(=O)c1ccc(C)c(C)c1,1,0.0
1532,1532,550,2,1532,ClC(=O)C1=C(Cl)C2=C(S1)C=CC=C2.COC1=CC=CC=C1OC,COc1ccc(C(=O)c2sc3ccccc3c2Cl)cc1OC,CH2Cl2,ClC(=O)C1=C(Cl)C2=C(S1)C=CC=C2.COC1=CC=CC=C1OC>>COc1ccc(C(=O)c2sc3ccccc3c2Cl)cc1OC,1,0.0
1533,1533,550,2,1533,ClC(=O)C1=C(Cl)C2=C(S1)C=CC=C2.COC1=CC=CC=C1OC,COc1cccc(C(=O)c2sc3ccccc3c2Cl)c1OC,CH2Cl2,ClC(=O)C1=C(Cl)C2=C(S1)C=CC=C2.COC1=CC=CC=C1OC>>COc1cccc(C(=O)c2sc3ccccc3c2Cl)c1OC,0,0.0
1537,1537,552,2,1537,COC1=CC=CC=C1OC.ClC(=O)C1=C(Cl)C2=CC=C(Br)C=C2S1,COc1ccc(C(=O)c2sc3cc(Br)ccc3c2Cl)cc1OC,CH2Cl2,COC1=CC=CC=C1OC.ClC(=O)C1=C(Cl)C2=CC=C(Br)C=C2S1>>COc1ccc(C(=O)c2sc3cc(Br)ccc3c2Cl)cc1OC,1,0.0
1538,1538,552,2,1538,COC1=CC=CC=C1OC.ClC(=O)C1=C(Cl)C2=CC=C(Br)C=C2S1,COc1cccc(C(=O)c2sc3cc(Br)ccc3c2Cl)c1OC,CH2Cl2,COC1=CC=CC=C1OC.ClC(=O)C1=C(Cl)C2=CC=C(Br)C=C2S1>>COc1cccc(C(=O)c2sc3cc(Br)ccc3c2Cl)c1OC,0,0.0
1551,1551,558,2,1551,CC1(C)CCC(C)(C)C2=C1C=CC=C2.ClC(=O)C1=CC=C(I)C=C1,CC1(C)CCC(C)(C)c2c(C(=O)c3ccc(I)cc3)cccc21,CH2Cl2,CC1(C)CCC(C)(C)C2=C1C=CC=C2.ClC(=O)C1=CC=C(I)C=C1>>CC1(C)CCC(C)(C)c2c(C(=O)c3ccc(I)cc3)cccc21,0,0.0
1552,1552,558,2,1552,CC1(C)CCC(C)(C)C2=C1C=CC=C2.ClC(=O)C1=CC=C(I)C=C1,CC1(C)CCC(C)(C)c2cc(C(=O)c3ccc(I)cc3)ccc21,CH2Cl2,CC1(C)CCC(C)(C)C2=C1C=CC=C2.ClC(=O)C1=CC=C(I)C=C1>>CC1(C)CCC(C)(C)c2cc(C(=O)c3ccc(I)cc3)ccc21,1,0.0
1553,1553,559,2,1553,C1=CC2=CC=CC=C2C=C1.CC(C)(C)C(Cl)=O,CC(C)(C)C(=O)c1cccc2ccccc12,n-Hexane,C1=CC2=CC=CC=C2C=C1.CC(C)(C)C(Cl)=O>>CC(C)(C)C(=O)c1cccc2ccccc12,1,0.0
1554,1554,559,2,1554,C1=CC2=CC=CC=C2C=C1.CC(C)(C)C(Cl)=O,CC(C)(C)C(=O)c1ccc2ccccc2c1,n-Hexane,C1=CC2=CC=CC=C2C=C1.CC(C)(C)C(Cl)=O>>CC(C)(C)C(=O)c1ccc2ccccc2c1,0,0.0
1668,1668,591,2,1668,C1CCC2=CC=C(CCC3=CC=C(C1)C=C3)C=C2.CC(Cl)=O,CC(=O)c1cc2ccc1CCc1ccc(cc1)CCCC2,CH2Cl2,C1CCC2=CC=C(CCC3=CC=C(C1)C=C3)C=C2.CC(Cl)=O>>CC(=O)c1cc2ccc1CCc1ccc(cc1)CCCC2,1,0.0
1669,1669,591,2,1669,C1CCC2=CC=C(CCC3=CC=C(C1)C=C3)C=C2.CC(Cl)=O,CC(=O)c1cc2ccc1CCCCc1ccc(cc1)CC2,CH2Cl2,C1CCC2=CC=C(CCC3=CC=C(C1)C=C3)C=C2.CC(Cl)=O>>CC(=O)c1cc2ccc1CCCCc1ccc(cc1)CC2,0,0.0
1670,1670,594,2,1670,ClC(=O)C1=CC=C(Br)O1.COC1=CC=C(Br)C=C1,COc1ccc(Br)cc1C(=O)c1ccc(Br)o1,CH2Cl2,ClC(=O)C1=CC=C(Br)O1.COC1=CC=C(Br)C=C1>>COc1ccc(Br)cc1C(=O)c1ccc(Br)o1,1,0.0
1671,1671,594,2,1671,ClC(=O)C1=CC=C(Br)O1.COC1=CC=C(Br)C=C1,COc1ccc(Br)c(C(=O)c2ccc(Br)o2)c1,CH2Cl2,ClC(=O)C1=CC=C(Br)O1.COC1=CC=C(Br)C=C1>>COc1ccc(Br)c(C(=O)c2ccc(Br)o2)c1,0,0.0
1675,1675,597,2,1675,[H][C@]12C3=CC=CC=C3[C@]3([H])C4=C(C=CC=C4)[C@]([H])(C4=C1C=CC=C4)[C@@]23C.CC(Cl)=O,CC(=O)c1ccc2c(c1)C1c3ccccc3C3c4ccccc4C2C31C,CH2Cl2,[H][C@]12C3=CC=CC=C3[C@]3([H])C4=C(C=CC=C4)[C@]([H])(C4=C1C=CC=C4)[C@@]23C.CC(Cl)=O>>CC(=O)c1ccc2c(c1)C1c3ccccc3C3c4ccccc4C2C31C,1,0.0
1676,1676,597,2,1676,[H][C@]12C3=CC=CC=C3[C@]3([H])C4=C(C=CC=C4)[C@]([H])(C4=C1C=CC=C4)[C@@]23C.CC(Cl)=O,CC(=O)c1cccc2c1C1c3ccccc3C3c4ccccc4C2C31C,CH2Cl2,[H][C@]12C3=CC=CC=C3[C@]3([H])C4=C(C=CC=C4)[C@]([H])(C4=C1C=CC=C4)[C@@]23C.CC(Cl)=O>>CC(=O)c1cccc2c1C1c3ccccc3C3c4ccccc4C2C31C,0,0.0
1697,1697,607,2,1697,COC1=CC=CC=C1OC.COC1=CC=C2C(Cl)=C(SC2=C1)C(Cl)=O,COc1ccc2c(Cl)c(C(=O)c3ccc(OC)c(OC)c3)sc2c1,CH2Cl2,COC1=CC=CC=C1OC.COC1=CC=C2C(Cl)=C(SC2=C1)C(Cl)=O>>COc1ccc2c(Cl)c(C(=O)c3ccc(OC)c(OC)c3)sc2c1,1,0.0
1698,1698,607,2,1698,COC1=CC=CC=C1OC.COC1=CC=C2C(Cl)=C(SC2=C1)C(Cl)=O,COc1ccc2c(Cl)c(C(=O)c3cccc(OC)c3OC)sc2c1,CH2Cl2,COC1=CC=CC=C1OC.COC1=CC=C2C(Cl)=C(SC2=C1)C(Cl)=O>>COc1ccc2c(Cl)c(C(=O)c3cccc(OC)c3OC)sc2c1,0,0.0
1705,1705,610,2,1705,COC1=CC=CC=C1OC.CCCCCCCCCC(Cl)=O,CCCCCCCCCC(=O)c1ccc(OC)c(OC)c1,CH2Cl2,COC1=CC=CC=C1OC.CCCCCCCCCC(Cl)=O>>CCCCCCCCCC(=O)c1ccc(OC)c(OC)c1,1,0.0
1706,1706,610,2,1706,COC1=CC=CC=C1OC.CCCCCCCCCC(Cl)=O,CCCCCCCCCC(=O)c1cccc(OC)c1OC,CH2Cl2,COC1=CC=CC=C1OC.CCCCCCCCCC(Cl)=O>>CCCCCCCCCC(=O)c1cccc(OC)c1OC,0,0.0
1707,1707,612,2,1707,C1OC2=CC=CC=C2O1.ClC(=O)C1=CC=CC=C1,O=C(c1ccccc1)c1cccc2c1OCO2,CH2Cl2,C1OC2=CC=CC=C2O1.ClC(=O)C1=CC=CC=C1>>O=C(c1ccccc1)c1cccc2c1OCO2,0,0.0
1708,1708,612,2,1708,C1OC2=CC=CC=C2O1.ClC(=O)C1=CC=CC=C1,O=C(c1ccccc1)c1ccc2c(c1)OCO2,CH2Cl2,C1OC2=CC=CC=C2O1.ClC(=O)C1=CC=CC=C1>>O=C(c1ccccc1)c1ccc2c(c1)OCO2,1,0.0
1715,1715,615,2,1715,C1=CC2=C(C=C1)C1=C(C=CC=C1)C1=C2C=CC=C1.ClC(=O)C1=CC=CC=C1,O=C(c1ccccc1)c1ccc2c3ccccc3c3ccccc3c2c1,CH2Cl2,C1=CC2=C(C=C1)C1=C(C=CC=C1)C1=C2C=CC=C1.ClC(=O)C1=CC=CC=C1>>O=C(c1ccccc1)c1ccc2c3ccccc3c3ccccc3c2c1,1,0.0
1716,1716,615,2,1716,C1=CC2=C(C=C1)C1=C(C=CC=C1)C1=C2C=CC=C1.ClC(=O)C1=CC=CC=C1,O=C(c1ccccc1)c1cccc2c3ccccc3c3ccccc3c12,CH2Cl2,C1=CC2=C(C=C1)C1=C(C=CC=C1)C1=C2C=CC=C1.ClC(=O)C1=CC=CC=C1>>O=C(c1ccccc1)c1cccc2c3ccccc3c3ccccc3c12,0,0.0
1743,1743,623,2,1743,COC1=CC=CC(OC)=C1OC.CCOC(=O)C(Cl)=O,CCOC(=O)C(=O)c1cc(OC)c(OC)c(OC)c1,CH2Cl2,COC1=CC=CC(OC)=C1OC.CCOC(=O)C(Cl)=O>>CCOC(=O)C(=O)c1cc(OC)c(OC)c(OC)c1,0,0.0
1744,1744,623,2,1744,COC1=CC=CC(OC)=C1OC.CCOC(=O)C(Cl)=O,CCOC(=O)C(=O)c1ccc(OC)c(OC)c1OC,CH2Cl2,COC1=CC=CC(OC)=C1OC.CCOC(=O)C(Cl)=O>>CCOC(=O)C(=O)c1ccc(OC)c(OC)c1OC,1,0.0
1745,1745,624,2,1745,CC(=O)OC1CCC2=CC=CC=C2CC1.CC(Cl)=O,CC(=O)OC1CCc2ccc(C(C)=O)cc2CC1,CH2Cl2,CC(=O)OC1CCC2=CC=CC=C2CC1.CC(Cl)=O>>CC(=O)OC1CCc2ccc(C(C)=O)cc2CC1,1,0.0
1746,1746,624,2,1746,CC(=O)OC1CCC2=CC=CC=C2CC1.CC(Cl)=O,CC(=O)OC1CCc2cccc(C(C)=O)c2CC1,CH2Cl2,CC(=O)OC1CCC2=CC=CC=C2CC1.CC(Cl)=O>>CC(=O)OC1CCc2cccc(C(C)=O)c2CC1,0,0.0
1768,1768,631,2,1768,ClC(=O)C1=CC=CO1.COC1=CC=C(Br)C=C1,COc1ccc(Br)c(C(=O)c2ccco2)c1,CH2Cl2,ClC(=O)C1=CC=CO1.COC1=CC=C(Br)C=C1>>COc1ccc(Br)c(C(=O)c2ccco2)c1,0,0.0
1769,1769,631,2,1769,ClC(=O)C1=CC=CO1.COC1=CC=C(Br)C=C1,COc1ccc(Br)cc1C(=O)c1ccco1,CH2Cl2,ClC(=O)C1=CC=CO1.COC1=CC=C(Br)C=C1>>COc1ccc(Br)cc1C(=O)c1ccco1,1,0.0
1808,1808,644,2,1808,COC1=CC=CC=C1OC.COC1=CC=C2C(Cl)=C(SC2=C1Cl)C(Cl)=O,COc1cccc(C(=O)c2sc3c(Cl)c(OC)ccc3c2Cl)c1OC,CH2Cl2,COC1=CC=CC=C1OC.COC1=CC=C2C(Cl)=C(SC2=C1Cl)C(Cl)=O>>COc1cccc(C(=O)c2sc3c(Cl)c(OC)ccc3c2Cl)c1OC,0,0.0
1809,1809,644,2,1809,COC1=CC=CC=C1OC.COC1=CC=C2C(Cl)=C(SC2=C1Cl)C(Cl)=O,COc1ccc(C(=O)c2sc3c(Cl)c(OC)ccc3c2Cl)cc1OC,CH2Cl2,COC1=CC=CC=C1OC.COC1=CC=C2C(Cl)=C(SC2=C1Cl)C(Cl)=O>>COc1ccc(C(=O)c2sc3c(Cl)c(OC)ccc3c2Cl)cc1OC,1,0.0
1810,1810,645,2,1810,COC1=CC(OC)=C2N=C(C)NC2=C1.CC(Cl)=O,COc1cc(OC)c2nc(C)[nH]c2c1C(C)=O,CHCl3,COC1=CC(OC)=C2N=C(C)NC2=C1.CC(Cl)=O>>COc1cc(OC)c2nc(C)[nH]c2c1C(C)=O,1,0.0
1811,1811,645,2,1811,COC1=CC(OC)=C2N=C(C)NC2=C1.CC(Cl)=O,COc1cc2[nH]c(C)nc2c(OC)c1C(C)=O,CHCl3,COC1=CC(OC)=C2N=C(C)NC2=C1.CC(Cl)=O>>COc1cc2[nH]c(C)nc2c(OC)c1C(C)=O,0,0.0
1860,1860,662,2,1860,COC1=CC=CC=C1OC.ClC(=O)CCC=C,C=CCCC(=O)c1cccc(OC)c1OC,CH2Cl2,COC1=CC=CC=C1OC.ClC(=O)CCC=C>>C=CCCC(=O)c1cccc(OC)c1OC,0,0.0
1861,1861,662,2,1861,COC1=CC=CC=C1OC.ClC(=O)CCC=C,C=CCCC(=O)c1ccc(OC)c(OC)c1,CH2Cl2,COC1=CC=CC=C1OC.ClC(=O)CCC=C>>C=CCCC(=O)c1ccc(OC)c(OC)c1,1,0.0
1862,1862,663,2,1862,C1CC2=CC=C(CCC3=CC=C(C1)C=C3)C=C2.CC(Cl)=O,CC(=O)c1cc2ccc1CCc1ccc(cc1)CCC2,CH2Cl2,C1CC2=CC=C(CCC3=CC=C(C1)C=C3)C=C2.CC(Cl)=O>>CC(=O)c1cc2ccc1CCc1ccc(cc1)CCC2,1,0.0
1863,1863,663,2,1863,C1CC2=CC=C(CCC3=CC=C(C1)C=C3)C=C2.CC(Cl)=O,CC(=O)c1cc2ccc1CCCc1ccc(cc1)CC2,CH2Cl2,C1CC2=CC=C(CCC3=CC=C(C1)C=C3)C=C2.CC(Cl)=O>>CC(=O)c1cc2ccc1CCCc1ccc(cc1)CC2,0,0.0
1901,1901,683,2,1901,COC(=O)C1=C(O)C=C(OC)C=C1C.CC(Cl)=O,COC(=O)c1c(O)cc(OC)c(C(C)=O)c1C,CH2Cl2,COC(=O)C1=C(O)C=C(OC)C=C1C.CC(Cl)=O>>COC(=O)c1c(O)cc(OC)c(C(C)=O)c1C,0,0.0
1902,1902,683,2,1902,COC(=O)C1=C(O)C=C(OC)C=C1C.CC(Cl)=O,COC(=O)c1c(C)cc(OC)c(C(C)=O)c1O,CH2Cl2,COC(=O)C1=C(O)C=C(OC)C=C1C.CC(Cl)=O>>COC(=O)c1c(C)cc(OC)c(C(C)=O)c1O,1,0.0
1931,1931,690,2,1931,C1=CC2=C(C=C1)C1=C(C=CC=C1)C1=C2C=CC=C1.CCOC(=O)C(Cl)=O,CCOC(=O)C(=O)c1ccc2c3ccccc3c3ccccc3c2c1,CH2Cl2,C1=CC2=C(C=C1)C1=C(C=CC=C1)C1=C2C=CC=C1.CCOC(=O)C(Cl)=O>>CCOC(=O)C(=O)c1ccc2c3ccccc3c3ccccc3c2c1,1,0.0
1932,1932,690,2,1932,C1=CC2=C(C=C1)C1=C(C=CC=C1)C1=C2C=CC=C1.CCOC(=O)C(Cl)=O,CCOC(=O)C(=O)c1cccc2c3ccccc3c3ccccc3c12,CH2Cl2,C1=CC2=C(C=C1)C1=C(C=CC=C1)C1=C2C=CC=C1.CCOC(=O)C(Cl)=O>>CCOC(=O)C(=O)c1cccc2c3ccccc3c3ccccc3c12,0,0.0
1939,1939,695,2,1939,COC1=CC=CC=C1OC.ClC(=O)C1=C(Cl)C2=C(S1)C=CC1=CC=CC=C21,COc1cccc(C(=O)c2sc3ccc4ccccc4c3c2Cl)c1OC,CH2Cl2,COC1=CC=CC=C1OC.ClC(=O)C1=C(Cl)C2=C(S1)C=CC1=CC=CC=C21>>COc1cccc(C(=O)c2sc3ccc4ccccc4c3c2Cl)c1OC,0,0.0
1940,1940,695,2,1940,COC1=CC=CC=C1OC.ClC(=O)C1=C(Cl)C2=C(S1)C=CC1=CC=CC=C21,COc1ccc(C(=O)c2sc3ccc4ccccc4c3c2Cl)cc1OC,CH2Cl2,COC1=CC=CC=C1OC.ClC(=O)C1=C(Cl)C2=C(S1)C=CC1=CC=CC=C21>>COc1ccc(C(=O)c2sc3ccc4ccccc4c3c2Cl)cc1OC,1,0.0
1976,1976,708,2,1976,COC1=CC=CC=C1OC.ClC(=O)CCN(=O)=O,COc1cccc(C(=O)CC[N+](=O)[O-])c1OC,CH2Cl2,COC1=CC=CC=C1OC.ClC(=O)CCN(=O)=O>>COc1cccc(C(=O)CC[N+](=O)[O-])c1OC,0,0.0
1977,1977,708,2,1977,COC1=CC=CC=C1OC.ClC(=O)CCN(=O)=O,COc1ccc(C(=O)CC[N+](=O)[O-])cc1OC,CH2Cl2,COC1=CC=CC=C1OC.ClC(=O)CCN(=O)=O>>COc1ccc(C(=O)CC[N+](=O)[O-])cc1OC,1,0.0
1985,1985,716,2,1985,ClCC(Cl)=O.OC1=CC=CC(O)=C1O,O=C(CCl)c1cc(O)c(O)c(O)c1,CH2Cl2,ClCC(Cl)=O.OC1=CC=CC(O)=C1O>>O=C(CCl)c1cc(O)c(O)c(O)c1,0,0.0
1986,1986,716,2,1986,ClCC(Cl)=O.OC1=CC=CC(O)=C1O,O=C(CCl)c1ccc(O)c(O)c1O,CH2Cl2,ClCC(Cl)=O.OC1=CC=CC(O)=C1O>>O=C(CCl)c1ccc(O)c(O)c1O,1,0.0
2262,2262,816,2,2262,CC1=CC=C(O1)C(Cl)=O.COC1=CC=CC=C1OC,COc1ccc(C(=O)c2ccc(C)o2)cc1OC,Benzene,CC1=CC=C(O1)C(Cl)=O.COC1=CC=CC=C1OC>>COc1ccc(C(=O)c2ccc(C)o2)cc1OC,1,0.0
2263,2263,816,2,2263,CC1=CC=C(O1)C(Cl)=O.COC1=CC=CC=C1OC,COc1cccc(C(=O)c2ccc(C)o2)c1OC,Benzene,CC1=CC=C(O1)C(Cl)=O.COC1=CC=CC=C1OC>>COc1cccc(C(=O)c2ccc(C)o2)c1OC,0,0.0
2264,2264,817,2,2264,CCOC(=O)CCC(Cl)=O.CCOC1=CC=CC=C1OCC,CCOC(=O)CCC(=O)c1ccc(OCC)c(OCC)c1,CH2Cl2,CCOC(=O)CCC(Cl)=O.CCOC1=CC=CC=C1OCC>>CCOC(=O)CCC(=O)c1ccc(OCC)c(OCC)c1,1,0.0
2265,2265,817,2,2265,CCOC(=O)CCC(Cl)=O.CCOC1=CC=CC=C1OCC,CCOC(=O)CCC(=O)c1cccc(OCC)c1OCC,CH2Cl2,CCOC(=O)CCC(Cl)=O.CCOC1=CC=CC=C1OCC>>CCOC(=O)CCC(=O)c1cccc(OCC)c1OCC,0,0.0
2270,2270,822,2,2270,COC1=CC=CC=C1OC.ClC(=O)C1=CC=C(O1)C1=CC=C(Br)C=C1,COc1ccc(C(=O)c2ccc(-c3ccc(Br)cc3)o2)cc1OC,Benzene,COC1=CC=CC=C1OC.ClC(=O)C1=CC=C(O1)C1=CC=C(Br)C=C1>>COc1ccc(C(=O)c2ccc(-c3ccc(Br)cc3)o2)cc1OC,1,0.0
2271,2271,822,2,2271,COC1=CC=CC=C1OC.ClC(=O)C1=CC=C(O1)C1=CC=C(Br)C=C1,COc1cccc(C(=O)c2ccc(-c3ccc(Br)cc3)o2)c1OC,Benzene,COC1=CC=CC=C1OC.ClC(=O)C1=CC=C(O1)C1=CC=C(Br)C=C1>>COc1cccc(C(=O)c2ccc(-c3ccc(Br)cc3)o2)c1OC,0,0.0
