,reaction_idx,uid,substrates,products,solvent,reaction_smiles,label,simulation_idx
0,0,0,[H][C@](N)(CS)C(O)=O.CC(=C)C(=O)OCC(O)COC(=O)C=C,C=C(C)C(=O)OCC(O)COC(=O)CCSCC(N)C(=O)O,Water,[H][C@](N)(CS)C(O)=O.CC(=C)C(=O)OCC(O)COC(=O)C=C>>C=C(C)C(=O)OCC(O)COC(=O)CCSCC(N)C(=O)O,1,0.0
1,0,1,[H][C@](N)(CS)C(O)=O.CC(=C)C(=O)OCC(O)COC(=O)C=C,C=CC(=O)OCC(O)COC(=O)C(C)CSCC(N)C(=O)O,Water,[H][C@](N)(CS)C(O)=O.CC(=C)C(=O)OCC(O)COC(=O)C=C>>C=CC(=O)OCC(O)COC(=O)C(C)CSCC(N)C(=O)O,0,0.0
2,1,2,COC1=CC=CC=C1S.CC1=C2[C@H]3OC(=O)C(=C)[C@@H]3CC[C@@]2(C)C=CC1=O,COc1ccccc1SCC1C(=O)OC2C3=C(C)C(=O)C=CC3(C)CCC12,Methanol,COC1=CC=CC=C1S.CC1=C2[C@H]3OC(=O)C(=C)[C@@H]3CC[C@@]2(C)C=CC1=O>>COc1ccccc1SCC1C(=O)OC2C3=C(C)C(=O)C=CC3(C)CCC12,1,0.0
3,1,3,COC1=CC=CC=C1S.CC1=C2[C@H]3OC(=O)C(=C)[C@@H]3CC[C@@]2(C)C=CC1=O,C=C1C(=O)OC2C3=C(C)C(=O)CC(Sc4ccccc4OC)C3(C)CCC12,Methanol,COC1=CC=CC=C1S.CC1=C2[C@H]3OC(=O)C(=C)[C@@H]3CC[C@@]2(C)C=CC1=O>>C=C1C(=O)OC2C3=C(C)C(=O)CC(Sc4ccccc4OC)C3(C)CCC12,0,0.0
4,1,4,COC1=CC=CC=C1S.CC1=C2[C@H]3OC(=O)C(=C)[C@@H]3CC[C@@]2(C)C=CC1=O,C=C1C(=O)OC2C1CCC1(C)C=CC(=O)C(C)C21Sc1ccccc1OC,Methanol,COC1=CC=CC=C1S.CC1=C2[C@H]3OC(=O)C(=C)[C@@H]3CC[C@@]2(C)C=CC1=O>>C=C1C(=O)OC2C1CCC1(C)C=CC(=O)C(C)C21Sc1ccccc1OC,0,0.0
5,2,5,COC1=CC=C(S)C=C1.CC1=C2[C@H]3OC(=O)C(=C)[C@@H]3CC[C@@]2(C)C=CC1=O,COc1ccc(SCC2C(=O)OC3C4=C(C)C(=O)C=CC4(C)CCC23)cc1,Methanol,COC1=CC=C(S)C=C1.CC1=C2[C@H]3OC(=O)C(=C)[C@@H]3CC[C@@]2(C)C=CC1=O>>COc1ccc(SCC2C(=O)OC3C4=C(C)C(=O)C=CC4(C)CCC23)cc1,1,0.0
6,2,6,COC1=CC=C(S)C=C1.CC1=C2[C@H]3OC(=O)C(=C)[C@@H]3CC[C@@]2(C)C=CC1=O,C=C1C(=O)OC2C3=C(C)C(=O)CC(Sc4ccc(OC)cc4)C3(C)CCC12,Methanol,COC1=CC=C(S)C=C1.CC1=C2[C@H]3OC(=O)C(=C)[C@@H]3CC[C@@]2(C)C=CC1=O>>C=C1C(=O)OC2C3=C(C)C(=O)CC(Sc4ccc(OC)cc4)C3(C)CCC12,0,0.0
7,2,7,COC1=CC=C(S)C=C1.CC1=C2[C@H]3OC(=O)C(=C)[C@@H]3CC[C@@]2(C)C=CC1=O,C=C1C(=O)OC2C1CCC1(C)C=CC(=O)C(C)C21Sc1ccc(OC)cc1,Methanol,COC1=CC=C(S)C=C1.CC1=C2[C@H]3OC(=O)C(=C)[C@@H]3CC[C@@]2(C)C=CC1=O>>C=C1C(=O)OC2C1CCC1(C)C=CC(=O)C(C)C21Sc1ccc(OC)cc1,0,0.0
8,3,8,SC1CCCCC1.CC1=C2[C@H]3OC(=O)C(=C)[C@@H]3CC[C@@]2(C)C=CC1=O,CC1=C2C3OC(=O)C(CSC4CCCCC4)C3CCC2(C)C=CC1=O,Methanol,SC1CCCCC1.CC1=C2[C@H]3OC(=O)C(=C)[C@@H]3CC[C@@]2(C)C=CC1=O>>CC1=C2C3OC(=O)C(CSC4CCCCC4)C3CCC2(C)C=CC1=O,1,0.0
9,3,9,SC1CCCCC1.CC1=C2[C@H]3OC(=O)C(=C)[C@@H]3CC[C@@]2(C)C=CC1=O,C=C1C(=O)OC2C1CCC1(C)C=CC(=O)C(C)C21SC1CCCCC1,Methanol,SC1CCCCC1.CC1=C2[C@H]3OC(=O)C(=C)[C@@H]3CC[C@@]2(C)C=CC1=O>>C=C1C(=O)OC2C1CCC1(C)C=CC(=O)C(C)C21SC1CCCCC1,0,0.0
10,3,10,SC1CCCCC1.CC1=C2[C@H]3OC(=O)C(=C)[C@@H]3CC[C@@]2(C)C=CC1=O,C=C1C(=O)OC2C3=C(C)C(=O)CC(SC4CCCCC4)C3(C)CCC12,Methanol,SC1CCCCC1.CC1=C2[C@H]3OC(=O)C(=C)[C@@H]3CC[C@@]2(C)C=CC1=O>>C=C1C(=O)OC2C3=C(C)C(=O)CC(SC4CCCCC4)C3(C)CCC12,0,0.0
11,4,11,SC1=NC=CC=C1.CC1=C2[C@H]3OC(=O)C(=C)[C@@H]3CC[C@@]2(C)C=CC1=O,C=C1C(=O)OC2C3=C(C)C(=O)CC(Sc4ccccn4)C3(C)CCC12,Methanol,SC1=NC=CC=C1.CC1=C2[C@H]3OC(=O)C(=C)[C@@H]3CC[C@@]2(C)C=CC1=O>>C=C1C(=O)OC2C3=C(C)C(=O)CC(Sc4ccccn4)C3(C)CCC12,0,0.0
12,4,12,SC1=NC=CC=C1.CC1=C2[C@H]3OC(=O)C(=C)[C@@H]3CC[C@@]2(C)C=CC1=O,CC1=C2C3OC(=O)C(CSc4ccccn4)C3CCC2(C)C=CC1=O,Methanol,SC1=NC=CC=C1.CC1=C2[C@H]3OC(=O)C(=C)[C@@H]3CC[C@@]2(C)C=CC1=O>>CC1=C2C3OC(=O)C(CSc4ccccn4)C3CCC2(C)C=CC1=O,1,0.0
13,4,13,SC1=NC=CC=C1.CC1=C2[C@H]3OC(=O)C(=C)[C@@H]3CC[C@@]2(C)C=CC1=O,C=C1C(=O)OC2C1CCC1(C)C=CC(=O)C(C)C21Sc1ccccn1,Methanol,SC1=NC=CC=C1.CC1=C2[C@H]3OC(=O)C(=C)[C@@H]3CC[C@@]2(C)C=CC1=O>>C=C1C(=O)OC2C1CCC1(C)C=CC(=O)C(C)C21Sc1ccccn1,0,0.0
14,5,14,NC1=CC=CC=C1S.CC1=C2[C@H]3OC(=O)C(=C)[C@@H]3CC[C@@]2(C)C=CC1=O,CC1=C2C3OC(=O)C(CSc4ccccc4N)C3CCC2(C)C=CC1=O,Methanol,NC1=CC=CC=C1S.CC1=C2[C@H]3OC(=O)C(=C)[C@@H]3CC[C@@]2(C)C=CC1=O>>CC1=C2C3OC(=O)C(CSc4ccccc4N)C3CCC2(C)C=CC1=O,1,0.0
15,5,15,NC1=CC=CC=C1S.CC1=C2[C@H]3OC(=O)C(=C)[C@@H]3CC[C@@]2(C)C=CC1=O,C=C1C(=O)OC2C3=C(C)C(=O)CC(Sc4ccccc4N)C3(C)CCC12,Methanol,NC1=CC=CC=C1S.CC1=C2[C@H]3OC(=O)C(=C)[C@@H]3CC[C@@]2(C)C=CC1=O>>C=C1C(=O)OC2C3=C(C)C(=O)CC(Sc4ccccc4N)C3(C)CCC12,0,0.0
16,5,16,NC1=CC=CC=C1S.CC1=C2[C@H]3OC(=O)C(=C)[C@@H]3CC[C@@]2(C)C=CC1=O,C=C1C(=O)OC2C1CCC1(C)C=CC(=O)C(C)C21Sc1ccccc1N,Methanol,NC1=CC=CC=C1S.CC1=C2[C@H]3OC(=O)C(=C)[C@@H]3CC[C@@]2(C)C=CC1=O>>C=C1C(=O)OC2C1CCC1(C)C=CC(=O)C(C)C21Sc1ccccc1N,0,0.0
17,6,17,SC1=CC=CC=C1.CC1=C2[C@H]3OC(=O)C(=C)[C@@H]3CC[C@@]2(C)C=CC1=O,C=C1C(=O)OC2C3=C(C)C(=O)CC(Sc4ccccc4)C3(C)CCC12,Methanol,SC1=CC=CC=C1.CC1=C2[C@H]3OC(=O)C(=C)[C@@H]3CC[C@@]2(C)C=CC1=O>>C=C1C(=O)OC2C3=C(C)C(=O)CC(Sc4ccccc4)C3(C)CCC12,0,0.0
18,6,18,SC1=CC=CC=C1.CC1=C2[C@H]3OC(=O)C(=C)[C@@H]3CC[C@@]2(C)C=CC1=O,CC1=C2C3OC(=O)C(CSc4ccccc4)C3CCC2(C)C=CC1=O,Methanol,SC1=CC=CC=C1.CC1=C2[C@H]3OC(=O)C(=C)[C@@H]3CC[C@@]2(C)C=CC1=O>>CC1=C2C3OC(=O)C(CSc4ccccc4)C3CCC2(C)C=CC1=O,1,0.0
19,6,19,SC1=CC=CC=C1.CC1=C2[C@H]3OC(=O)C(=C)[C@@H]3CC[C@@]2(C)C=CC1=O,C=C1C(=O)OC2C1CCC1(C)C=CC(=O)C(C)C21Sc1ccccc1,Methanol,SC1=CC=CC=C1.CC1=C2[C@H]3OC(=O)C(=C)[C@@H]3CC[C@@]2(C)C=CC1=O>>C=C1C(=O)OC2C1CCC1(C)C=CC(=O)C(C)C21Sc1ccccc1,0,0.0
20,7,20,FC1=CC=CC=C1S.CC1=C2[C@H]3OC(=O)C(=C)[C@@H]3CC[C@@]2(C)C=CC1=O,CC1=C2C3OC(=O)C(CSc4ccccc4F)C3CCC2(C)C=CC1=O,Methanol,FC1=CC=CC=C1S.CC1=C2[C@H]3OC(=O)C(=C)[C@@H]3CC[C@@]2(C)C=CC1=O>>CC1=C2C3OC(=O)C(CSc4ccccc4F)C3CCC2(C)C=CC1=O,1,0.0
21,7,21,FC1=CC=CC=C1S.CC1=C2[C@H]3OC(=O)C(=C)[C@@H]3CC[C@@]2(C)C=CC1=O,C=C1C(=O)OC2C3=C(C)C(=O)CC(Sc4ccccc4F)C3(C)CCC12,Methanol,FC1=CC=CC=C1S.CC1=C2[C@H]3OC(=O)C(=C)[C@@H]3CC[C@@]2(C)C=CC1=O>>C=C1C(=O)OC2C3=C(C)C(=O)CC(Sc4ccccc4F)C3(C)CCC12,0,0.0
22,7,22,FC1=CC=CC=C1S.CC1=C2[C@H]3OC(=O)C(=C)[C@@H]3CC[C@@]2(C)C=CC1=O,C=C1C(=O)OC2C1CCC1(C)C=CC(=O)C(C)C21Sc1ccccc1F,Methanol,FC1=CC=CC=C1S.CC1=C2[C@H]3OC(=O)C(=C)[C@@H]3CC[C@@]2(C)C=CC1=O>>C=C1C(=O)OC2C1CCC1(C)C=CC(=O)C(C)C21Sc1ccccc1F,0,0.0
23,8,23,FC1=CC=C(S)C=C1.CC1=C2[C@H]3OC(=O)C(=C)[C@@H]3CC[C@@]2(C)C=CC1=O,C=C1C(=O)OC2C3=C(C)C(=O)CC(Sc4ccc(F)cc4)C3(C)CCC12,Methanol,FC1=CC=C(S)C=C1.CC1=C2[C@H]3OC(=O)C(=C)[C@@H]3CC[C@@]2(C)C=CC1=O>>C=C1C(=O)OC2C3=C(C)C(=O)CC(Sc4ccc(F)cc4)C3(C)CCC12,0,0.0
24,8,24,FC1=CC=C(S)C=C1.CC1=C2[C@H]3OC(=O)C(=C)[C@@H]3CC[C@@]2(C)C=CC1=O,C=C1C(=O)OC2C1CCC1(C)C=CC(=O)C(C)C21Sc1ccc(F)cc1,Methanol,FC1=CC=C(S)C=C1.CC1=C2[C@H]3OC(=O)C(=C)[C@@H]3CC[C@@]2(C)C=CC1=O>>C=C1C(=O)OC2C1CCC1(C)C=CC(=O)C(C)C21Sc1ccc(F)cc1,0,0.0
25,8,25,FC1=CC=C(S)C=C1.CC1=C2[C@H]3OC(=O)C(=C)[C@@H]3CC[C@@]2(C)C=CC1=O,CC1=C2C3OC(=O)C(CSc4ccc(F)cc4)C3CCC2(C)C=CC1=O,Methanol,FC1=CC=C(S)C=C1.CC1=C2[C@H]3OC(=O)C(=C)[C@@H]3CC[C@@]2(C)C=CC1=O>>CC1=C2C3OC(=O)C(CSc4ccc(F)cc4)C3CCC2(C)C=CC1=O,1,0.0
26,9,26,SC1=CC=CC=C1Cl.CC1=C2[C@H]3OC(=O)C(=C)[C@@H]3CC[C@@]2(C)C=CC1=O,C=C1C(=O)OC2C1CCC1(C)C=CC(=O)C(C)C21Sc1ccccc1Cl,Methanol,SC1=CC=CC=C1Cl.CC1=C2[C@H]3OC(=O)C(=C)[C@@H]3CC[C@@]2(C)C=CC1=O>>C=C1C(=O)OC2C1CCC1(C)C=CC(=O)C(C)C21Sc1ccccc1Cl,0,0.0
27,9,27,SC1=CC=CC=C1Cl.CC1=C2[C@H]3OC(=O)C(=C)[C@@H]3CC[C@@]2(C)C=CC1=O,CC1=C2C3OC(=O)C(CSc4ccccc4Cl)C3CCC2(C)C=CC1=O,Methanol,SC1=CC=CC=C1Cl.CC1=C2[C@H]3OC(=O)C(=C)[C@@H]3CC[C@@]2(C)C=CC1=O>>CC1=C2C3OC(=O)C(CSc4ccccc4Cl)C3CCC2(C)C=CC1=O,1,0.0
28,9,28,SC1=CC=CC=C1Cl.CC1=C2[C@H]3OC(=O)C(=C)[C@@H]3CC[C@@]2(C)C=CC1=O,C=C1C(=O)OC2C3=C(C)C(=O)CC(Sc4ccccc4Cl)C3(C)CCC12,Methanol,SC1=CC=CC=C1Cl.CC1=C2[C@H]3OC(=O)C(=C)[C@@H]3CC[C@@]2(C)C=CC1=O>>C=C1C(=O)OC2C3=C(C)C(=O)CC(Sc4ccccc4Cl)C3(C)CCC12,0,0.0
29,10,29,SC1=CC=C(Br)C=C1.CC1=C2[C@H]3OC(=O)C(=C)[C@@H]3CC[C@@]2(C)C=CC1=O,C=C1C(=O)OC2C1CCC1(C)C=CC(=O)C(C)C21Sc1ccc(Br)cc1,Methanol,SC1=CC=C(Br)C=C1.CC1=C2[C@H]3OC(=O)C(=C)[C@@H]3CC[C@@]2(C)C=CC1=O>>C=C1C(=O)OC2C1CCC1(C)C=CC(=O)C(C)C21Sc1ccc(Br)cc1,0,0.0
30,10,30,SC1=CC=C(Br)C=C1.CC1=C2[C@H]3OC(=O)C(=C)[C@@H]3CC[C@@]2(C)C=CC1=O,CC1=C2C3OC(=O)C(CSc4ccc(Br)cc4)C3CCC2(C)C=CC1=O,Methanol,SC1=CC=C(Br)C=C1.CC1=C2[C@H]3OC(=O)C(=C)[C@@H]3CC[C@@]2(C)C=CC1=O>>CC1=C2C3OC(=O)C(CSc4ccc(Br)cc4)C3CCC2(C)C=CC1=O,1,0.0
31,10,31,SC1=CC=C(Br)C=C1.CC1=C2[C@H]3OC(=O)C(=C)[C@@H]3CC[C@@]2(C)C=CC1=O,C=C1C(=O)OC2C3=C(C)C(=O)CC(Sc4ccc(Br)cc4)C3(C)CCC12,Methanol,SC1=CC=C(Br)C=C1.CC1=C2[C@H]3OC(=O)C(=C)[C@@H]3CC[C@@]2(C)C=CC1=O>>C=C1C(=O)OC2C3=C(C)C(=O)CC(Sc4ccc(Br)cc4)C3(C)CCC12,0,0.0
32,11,32,SC1=C(Br)C=CC=C1.CC1=C2[C@H]3OC(=O)C(=C)[C@@H]3CC[C@@]2(C)C=CC1=O,CC1=C2C3OC(=O)C(CSc4ccccc4Br)C3CCC2(C)C=CC1=O,Methanol,SC1=C(Br)C=CC=C1.CC1=C2[C@H]3OC(=O)C(=C)[C@@H]3CC[C@@]2(C)C=CC1=O>>CC1=C2C3OC(=O)C(CSc4ccccc4Br)C3CCC2(C)C=CC1=O,1,0.0
33,11,33,SC1=C(Br)C=CC=C1.CC1=C2[C@H]3OC(=O)C(=C)[C@@H]3CC[C@@]2(C)C=CC1=O,C=C1C(=O)OC2C3=C(C)C(=O)CC(Sc4ccccc4Br)C3(C)CCC12,Methanol,SC1=C(Br)C=CC=C1.CC1=C2[C@H]3OC(=O)C(=C)[C@@H]3CC[C@@]2(C)C=CC1=O>>C=C1C(=O)OC2C3=C(C)C(=O)CC(Sc4ccccc4Br)C3(C)CCC12,0,0.0
34,11,34,SC1=C(Br)C=CC=C1.CC1=C2[C@H]3OC(=O)C(=C)[C@@H]3CC[C@@]2(C)C=CC1=O,C=C1C(=O)OC2C1CCC1(C)C=CC(=O)C(C)C21Sc1ccccc1Br,Methanol,SC1=C(Br)C=CC=C1.CC1=C2[C@H]3OC(=O)C(=C)[C@@H]3CC[C@@]2(C)C=CC1=O>>C=C1C(=O)OC2C1CCC1(C)C=CC(=O)C(C)C21Sc1ccccc1Br,0,0.0
35,12,35,SC1=CC=C(Cl)C=C1.CC1=C2[C@H]3OC(=O)C(=C)[C@@H]3CC[C@@]2(C)C=CC1=O,C=C1C(=O)OC2C3=C(C)C(=O)CC(Sc4ccc(Cl)cc4)C3(C)CCC12,Methanol,SC1=CC=C(Cl)C=C1.CC1=C2[C@H]3OC(=O)C(=C)[C@@H]3CC[C@@]2(C)C=CC1=O>>C=C1C(=O)OC2C3=C(C)C(=O)CC(Sc4ccc(Cl)cc4)C3(C)CCC12,0,0.0
36,12,36,SC1=CC=C(Cl)C=C1.CC1=C2[C@H]3OC(=O)C(=C)[C@@H]3CC[C@@]2(C)C=CC1=O,C=C1C(=O)OC2C1CCC1(C)C=CC(=O)C(C)C21Sc1ccc(Cl)cc1,Methanol,SC1=CC=C(Cl)C=C1.CC1=C2[C@H]3OC(=O)C(=C)[C@@H]3CC[C@@]2(C)C=CC1=O>>C=C1C(=O)OC2C1CCC1(C)C=CC(=O)C(C)C21Sc1ccc(Cl)cc1,0,0.0
37,12,37,SC1=CC=C(Cl)C=C1.CC1=C2[C@H]3OC(=O)C(=C)[C@@H]3CC[C@@]2(C)C=CC1=O,CC1=C2C3OC(=O)C(CSc4ccc(Cl)cc4)C3CCC2(C)C=CC1=O,Methanol,SC1=CC=C(Cl)C=C1.CC1=C2[C@H]3OC(=O)C(=C)[C@@H]3CC[C@@]2(C)C=CC1=O>>CC1=C2C3OC(=O)C(CSc4ccc(Cl)cc4)C3CCC2(C)C=CC1=O,1,0.0
38,13,38,CC1=C2[C@H]3OC(=O)C(=C)[C@@H]3CC[C@@]2(C)C=CC1=O.CC1=CC=CC=C1S,CC1=C2C3OC(=O)C(CSc4ccccc4C)C3CCC2(C)C=CC1=O,Methanol,CC1=C2[C@H]3OC(=O)C(=C)[C@@H]3CC[C@@]2(C)C=CC1=O.CC1=CC=CC=C1S>>CC1=C2C3OC(=O)C(CSc4ccccc4C)C3CCC2(C)C=CC1=O,1,0.0
39,13,39,CC1=C2[C@H]3OC(=O)C(=C)[C@@H]3CC[C@@]2(C)C=CC1=O.CC1=CC=CC=C1S,C=C1C(=O)OC2C3=C(C)C(=O)CC(Sc4ccccc4C)C3(C)CCC12,Methanol,CC1=C2[C@H]3OC(=O)C(=C)[C@@H]3CC[C@@]2(C)C=CC1=O.CC1=CC=CC=C1S>>C=C1C(=O)OC2C3=C(C)C(=O)CC(Sc4ccccc4C)C3(C)CCC12,0,0.0
40,13,40,CC1=C2[C@H]3OC(=O)C(=C)[C@@H]3CC[C@@]2(C)C=CC1=O.CC1=CC=CC=C1S,C=C1C(=O)OC2C1CCC1(C)C=CC(=O)C(C)C21Sc1ccccc1C,Methanol,CC1=C2[C@H]3OC(=O)C(=C)[C@@H]3CC[C@@]2(C)C=CC1=O.CC1=CC=CC=C1S>>C=C1C(=O)OC2C1CCC1(C)C=CC(=O)C(C)C21Sc1ccccc1C,0,0.0
41,14,41,CC1=CC=C(S)C=C1.CC1=C2[C@H]3OC(=O)C(=C)[C@@H]3CC[C@@]2(C)C=CC1=O,C=C1C(=O)OC2C3=C(C)C(=O)CC(Sc4ccc(C)cc4)C3(C)CCC12,Methanol,CC1=CC=C(S)C=C1.CC1=C2[C@H]3OC(=O)C(=C)[C@@H]3CC[C@@]2(C)C=CC1=O>>C=C1C(=O)OC2C3=C(C)C(=O)CC(Sc4ccc(C)cc4)C3(C)CCC12,0,0.0
42,14,42,CC1=CC=C(S)C=C1.CC1=C2[C@H]3OC(=O)C(=C)[C@@H]3CC[C@@]2(C)C=CC1=O,CC1=C2C3OC(=O)C(CSc4ccc(C)cc4)C3CCC2(C)C=CC1=O,Methanol,CC1=CC=C(S)C=C1.CC1=C2[C@H]3OC(=O)C(=C)[C@@H]3CC[C@@]2(C)C=CC1=O>>CC1=C2C3OC(=O)C(CSc4ccc(C)cc4)C3CCC2(C)C=CC1=O,1,0.0
43,14,43,CC1=CC=C(S)C=C1.CC1=C2[C@H]3OC(=O)C(=C)[C@@H]3CC[C@@]2(C)C=CC1=O,C=C1C(=O)OC2C1CCC1(C)C=CC(=O)C(C)C21Sc1ccc(C)cc1,Methanol,CC1=CC=C(S)C=C1.CC1=C2[C@H]3OC(=O)C(=C)[C@@H]3CC[C@@]2(C)C=CC1=O>>C=C1C(=O)OC2C1CCC1(C)C=CC(=O)C(C)C21Sc1ccc(C)cc1,0,0.0
44,15,44,CC1=C(S)C=CC(Br)=C1.CC1=C2[C@H]3OC(=O)C(=C)[C@@H]3CC[C@@]2(C)C=CC1=O,CC1=C2C3OC(=O)C(CSc4ccc(Br)cc4C)C3CCC2(C)C=CC1=O,Methanol,CC1=C(S)C=CC(Br)=C1.CC1=C2[C@H]3OC(=O)C(=C)[C@@H]3CC[C@@]2(C)C=CC1=O>>CC1=C2C3OC(=O)C(CSc4ccc(Br)cc4C)C3CCC2(C)C=CC1=O,1,0.0
45,15,45,CC1=C(S)C=CC(Br)=C1.CC1=C2[C@H]3OC(=O)C(=C)[C@@H]3CC[C@@]2(C)C=CC1=O,C=C1C(=O)OC2C1CCC1(C)C=CC(=O)C(C)C21Sc1ccc(Br)cc1C,Methanol,CC1=C(S)C=CC(Br)=C1.CC1=C2[C@H]3OC(=O)C(=C)[C@@H]3CC[C@@]2(C)C=CC1=O>>C=C1C(=O)OC2C1CCC1(C)C=CC(=O)C(C)C21Sc1ccc(Br)cc1C,0,0.0
46,15,46,CC1=C(S)C=CC(Br)=C1.CC1=C2[C@H]3OC(=O)C(=C)[C@@H]3CC[C@@]2(C)C=CC1=O,C=C1C(=O)OC2C3=C(C)C(=O)CC(Sc4ccc(Br)cc4C)C3(C)CCC12,Methanol,CC1=C(S)C=CC(Br)=C1.CC1=C2[C@H]3OC(=O)C(=C)[C@@H]3CC[C@@]2(C)C=CC1=O>>C=C1C(=O)OC2C3=C(C)C(=O)CC(Sc4ccc(Br)cc4C)C3(C)CCC12,0,0.0
47,16,47,FC1=C(F)C=C(S)C=C1.CC1=C2[C@H]3OC(=O)C(=C)[C@@H]3CC[C@@]2(C)C=CC1=O,CC1=C2C3OC(=O)C(CSc4ccc(F)c(F)c4)C3CCC2(C)C=CC1=O,Methanol,FC1=C(F)C=C(S)C=C1.CC1=C2[C@H]3OC(=O)C(=C)[C@@H]3CC[C@@]2(C)C=CC1=O>>CC1=C2C3OC(=O)C(CSc4ccc(F)c(F)c4)C3CCC2(C)C=CC1=O,1,0.0
48,16,48,FC1=C(F)C=C(S)C=C1.CC1=C2[C@H]3OC(=O)C(=C)[C@@H]3CC[C@@]2(C)C=CC1=O,C=C1C(=O)OC2C1CCC1(C)C=CC(=O)C(C)C21Sc1ccc(F)c(F)c1,Methanol,FC1=C(F)C=C(S)C=C1.CC1=C2[C@H]3OC(=O)C(=C)[C@@H]3CC[C@@]2(C)C=CC1=O>>C=C1C(=O)OC2C1CCC1(C)C=CC(=O)C(C)C21Sc1ccc(F)c(F)c1,0,0.0
49,16,49,FC1=C(F)C=C(S)C=C1.CC1=C2[C@H]3OC(=O)C(=C)[C@@H]3CC[C@@]2(C)C=CC1=O,C=C1C(=O)OC2C3=C(C)C(=O)CC(Sc4ccc(F)c(F)c4)C3(C)CCC12,Methanol,FC1=C(F)C=C(S)C=C1.CC1=C2[C@H]3OC(=O)C(=C)[C@@H]3CC[C@@]2(C)C=CC1=O>>C=C1C(=O)OC2C3=C(C)C(=O)CC(Sc4ccc(F)c(F)c4)C3(C)CCC12,0,0.0
50,17,50,CN1C(S)=NC2=C1C=CC=C2.CC1=C2[C@H]3OC(=O)C(=C)[C@@H]3CC[C@@]2(C)C=CC1=O,C=C1C(=O)OC2C1CCC1(C)C=CC(=O)C(C)C21Sc1nc2ccccc2n1C,Methanol,CN1C(S)=NC2=C1C=CC=C2.CC1=C2[C@H]3OC(=O)C(=C)[C@@H]3CC[C@@]2(C)C=CC1=O>>C=C1C(=O)OC2C1CCC1(C)C=CC(=O)C(C)C21Sc1nc2ccccc2n1C,0,0.0
51,17,51,CN1C(S)=NC2=C1C=CC=C2.CC1=C2[C@H]3OC(=O)C(=C)[C@@H]3CC[C@@]2(C)C=CC1=O,CC1=C2C3OC(=O)C(CSc4nc5ccccc5n4C)C3CCC2(C)C=CC1=O,Methanol,CN1C(S)=NC2=C1C=CC=C2.CC1=C2[C@H]3OC(=O)C(=C)[C@@H]3CC[C@@]2(C)C=CC1=O>>CC1=C2C3OC(=O)C(CSc4nc5ccccc5n4C)C3CCC2(C)C=CC1=O,1,0.0
52,17,52,CN1C(S)=NC2=C1C=CC=C2.CC1=C2[C@H]3OC(=O)C(=C)[C@@H]3CC[C@@]2(C)C=CC1=O,C=C1C(=O)OC2C3=C(C)C(=O)CC(Sc4nc5ccccc5n4C)C3(C)CCC12,Methanol,CN1C(S)=NC2=C1C=CC=C2.CC1=C2[C@H]3OC(=O)C(=C)[C@@H]3CC[C@@]2(C)C=CC1=O>>C=C1C(=O)OC2C3=C(C)C(=O)CC(Sc4nc5ccccc5n4C)C3(C)CCC12,0,0.0
53,18,53,CC1=C2[C@H]3OC(=O)C(=C)[C@@H]3CC[C@@]2(C)C=CC1=O.SC1=NC2=C(C=CC=C2)C(=O)N1,C=C1C(=O)OC2C1CCC1(C)C=CC(=O)C(C)C21Sc1nc2ccccc2c(=O)[nH]1,Methanol,CC1=C2[C@H]3OC(=O)C(=C)[C@@H]3CC[C@@]2(C)C=CC1=O.SC1=NC2=C(C=CC=C2)C(=O)N1>>C=C1C(=O)OC2C1CCC1(C)C=CC(=O)C(C)C21Sc1nc2ccccc2c(=O)[nH]1,0,0.0
54,18,54,CC1=C2[C@H]3OC(=O)C(=C)[C@@H]3CC[C@@]2(C)C=CC1=O.SC1=NC2=C(C=CC=C2)C(=O)N1,CC1=C2C3OC(=O)C(CSc4nc5ccccc5c(=O)[nH]4)C3CCC2(C)C=CC1=O,Methanol,CC1=C2[C@H]3OC(=O)C(=C)[C@@H]3CC[C@@]2(C)C=CC1=O.SC1=NC2=C(C=CC=C2)C(=O)N1>>CC1=C2C3OC(=O)C(CSc4nc5ccccc5c(=O)[nH]4)C3CCC2(C)C=CC1=O,1,0.0
55,18,55,CC1=C2[C@H]3OC(=O)C(=C)[C@@H]3CC[C@@]2(C)C=CC1=O.SC1=NC2=C(C=CC=C2)C(=O)N1,C=C1C(=O)OC2C3=C(C)C(=O)CC(Sc4nc5ccccc5c(=O)[nH]4)C3(C)CCC12,Methanol,CC1=C2[C@H]3OC(=O)C(=C)[C@@H]3CC[C@@]2(C)C=CC1=O.SC1=NC2=C(C=CC=C2)C(=O)N1>>C=C1C(=O)OC2C3=C(C)C(=O)CC(Sc4nc5ccccc5c(=O)[nH]4)C3(C)CCC12,0,0.0
56,19,56,SC1=NC=CN1.CC1=C2[C@H]3OC(=O)C(=C)[C@@H]3CC[C@@]2(C)C=CC1=O,CC1=C2C3OC(=O)C(CSc4ncc[nH]4)C3CCC2(C)C=CC1=O,Methanol,SC1=NC=CN1.CC1=C2[C@H]3OC(=O)C(=C)[C@@H]3CC[C@@]2(C)C=CC1=O>>CC1=C2C3OC(=O)C(CSc4ncc[nH]4)C3CCC2(C)C=CC1=O,1,0.0
57,19,57,SC1=NC=CN1.CC1=C2[C@H]3OC(=O)C(=C)[C@@H]3CC[C@@]2(C)C=CC1=O,C=C1C(=O)OC2C3=C(C)C(=O)CC(Sc4ncc[nH]4)C3(C)CCC12,Methanol,SC1=NC=CN1.CC1=C2[C@H]3OC(=O)C(=C)[C@@H]3CC[C@@]2(C)C=CC1=O>>C=C1C(=O)OC2C3=C(C)C(=O)CC(Sc4ncc[nH]4)C3(C)CCC12,0,0.0
58,19,58,SC1=NC=CN1.CC1=C2[C@H]3OC(=O)C(=C)[C@@H]3CC[C@@]2(C)C=CC1=O,C=C1C(=O)OC2C1CCC1(C)C=CC(=O)C(C)C21Sc1ncc[nH]1,Methanol,SC1=NC=CN1.CC1=C2[C@H]3OC(=O)C(=C)[C@@H]3CC[C@@]2(C)C=CC1=O>>C=C1C(=O)OC2C1CCC1(C)C=CC(=O)C(C)C21Sc1ncc[nH]1,0,0.0
59,20,59,CC1=CC=C(S)C=C1Br.CC1=C2[C@H]3OC(=O)C(=C)[C@@H]3CC[C@@]2(C)C=CC1=O,CC1=C2C3OC(=O)C(CSc4ccc(C)c(Br)c4)C3CCC2(C)C=CC1=O,Methanol,CC1=CC=C(S)C=C1Br.CC1=C2[C@H]3OC(=O)C(=C)[C@@H]3CC[C@@]2(C)C=CC1=O>>CC1=C2C3OC(=O)C(CSc4ccc(C)c(Br)c4)C3CCC2(C)C=CC1=O,1,0.0
60,20,60,CC1=CC=C(S)C=C1Br.CC1=C2[C@H]3OC(=O)C(=C)[C@@H]3CC[C@@]2(C)C=CC1=O,C=C1C(=O)OC2C3=C(C)C(=O)CC(Sc4ccc(C)c(Br)c4)C3(C)CCC12,Methanol,CC1=CC=C(S)C=C1Br.CC1=C2[C@H]3OC(=O)C(=C)[C@@H]3CC[C@@]2(C)C=CC1=O>>C=C1C(=O)OC2C3=C(C)C(=O)CC(Sc4ccc(C)c(Br)c4)C3(C)CCC12,0,0.0
61,20,61,CC1=CC=C(S)C=C1Br.CC1=C2[C@H]3OC(=O)C(=C)[C@@H]3CC[C@@]2(C)C=CC1=O,C=C1C(=O)OC2C1CCC1(C)C=CC(=O)C(C)C21Sc1ccc(C)c(Br)c1,Methanol,CC1=CC=C(S)C=C1Br.CC1=C2[C@H]3OC(=O)C(=C)[C@@H]3CC[C@@]2(C)C=CC1=O>>C=C1C(=O)OC2C1CCC1(C)C=CC(=O)C(C)C21Sc1ccc(C)c(Br)c1,0,0.0
62,21,62,C[C@H](CC=C)OC(=O)\C=C\C(=O)CCCC=C.[H][C@@](O)(CS)C(=O)OC,C=CCCCC(=O)C(CC(=O)OC(C)CC=C)SCC(O)C(=O)OC,CH2Cl2,C[C@H](CC=C)OC(=O)\C=C\C(=O)CCCC=C.[H][C@@](O)(CS)C(=O)OC>>C=CCCCC(=O)C(CC(=O)OC(C)CC=C)SCC(O)C(=O)OC,0,0.0
63,21,63,C[C@H](CC=C)OC(=O)\C=C\C(=O)CCCC=C.[H][C@@](O)(CS)C(=O)OC,C=CCCCC(=O)CC(SCC(O)C(=O)OC)C(=O)OC(C)CC=C,CH2Cl2,C[C@H](CC=C)OC(=O)\C=C\C(=O)CCCC=C.[H][C@@](O)(CS)C(=O)OC>>C=CCCCC(=O)CC(SCC(O)C(=O)OC)C(=O)OC(C)CC=C,1,0.0
64,23,64,SC1CCCCC1.[H]C(=C([H])C1=CC[C@]2([H])C(=C)C(=O)O[C@@]2([H])C[C@@H]1C)C(C)=O,C=C1C(=O)OC2CC(C)C(C(CC(C)=O)SC3CCCCC3)=CCC12,Methanol,SC1CCCCC1.[H]C(=C([H])C1=CC[C@]2([H])C(=C)C(=O)O[C@@]2([H])C[C@@H]1C)C(C)=O>>C=C1C(=O)OC2CC(C)C(C(CC(C)=O)SC3CCCCC3)=CCC12,0,0.0
65,23,65,SC1CCCCC1.[H]C(=C([H])C1=CC[C@]2([H])C(=C)C(=O)O[C@@]2([H])C[C@@H]1C)C(C)=O,CC(=O)C=CC1=CCC2C(CC1C)OC(=O)C2CSC1CCCCC1,Methanol,SC1CCCCC1.[H]C(=C([H])C1=CC[C@]2([H])C(=C)C(=O)O[C@@]2([H])C[C@@H]1C)C(C)=O>>CC(=O)C=CC1=CCC2C(CC1C)OC(=O)C2CSC1CCCCC1,1,0.0
66,46,66,OC(=O)\C=C\C(=O)C1=CC=C(Br)C=C1.OC(=O)CS,O=C(O)CSC(CC(=O)c1ccc(Br)cc1)C(=O)O,Methanol,OC(=O)\C=C\C(=O)C1=CC=C(Br)C=C1.OC(=O)CS>>O=C(O)CSC(CC(=O)c1ccc(Br)cc1)C(=O)O,1,0.0
67,46,67,OC(=O)\C=C\C(=O)C1=CC=C(Br)C=C1.OC(=O)CS,O=C(O)CSC(CC(=O)O)C(=O)c1ccc(Br)cc1,Methanol,OC(=O)\C=C\C(=O)C1=CC=C(Br)C=C1.OC(=O)CS>>O=C(O)CSC(CC(=O)O)C(=O)c1ccc(Br)cc1,0,0.0
68,47,68,CCOC(=O)\C=C\C(=O)C1=CC=CC=C1.SCC1=CC=C(Cl)C=C1,CCOC(=O)C(CC(=O)c1ccccc1)SCc1ccc(Cl)cc1,CH2Cl2,CCOC(=O)\C=C\C(=O)C1=CC=CC=C1.SCC1=CC=C(Cl)C=C1>>CCOC(=O)C(CC(=O)c1ccccc1)SCc1ccc(Cl)cc1,1,0.0
69,47,69,CCOC(=O)\C=C\C(=O)C1=CC=CC=C1.SCC1=CC=C(Cl)C=C1,CCOC(=O)CC(SCc1ccc(Cl)cc1)C(=O)c1ccccc1,CH2Cl2,CCOC(=O)\C=C\C(=O)C1=CC=CC=C1.SCC1=CC=C(Cl)C=C1>>CCOC(=O)CC(SCc1ccc(Cl)cc1)C(=O)c1ccccc1,0,0.0
70,48,70,CCOC(=O)\C=C\C(=O)C1=CC=CC=C1.COC1=CC=C(CS)C=C1,CCOC(=O)CC(SCc1ccc(OC)cc1)C(=O)c1ccccc1,CH2Cl2,CCOC(=O)\C=C\C(=O)C1=CC=CC=C1.COC1=CC=C(CS)C=C1>>CCOC(=O)CC(SCc1ccc(OC)cc1)C(=O)c1ccccc1,0,0.0
71,48,71,CCOC(=O)\C=C\C(=O)C1=CC=CC=C1.COC1=CC=C(CS)C=C1,CCOC(=O)C(CC(=O)c1ccccc1)SCc1ccc(OC)cc1,CH2Cl2,CCOC(=O)\C=C\C(=O)C1=CC=CC=C1.COC1=CC=C(CS)C=C1>>CCOC(=O)C(CC(=O)c1ccccc1)SCc1ccc(OC)cc1,1,0.0
72,49,72,SC1CCCCC1.CCOC(=O)\C=C\C(=O)C1=CC=CC=C1,CCOC(=O)CC(SC1CCCCC1)C(=O)c1ccccc1,CH2Cl2,SC1CCCCC1.CCOC(=O)\C=C\C(=O)C1=CC=CC=C1>>CCOC(=O)CC(SC1CCCCC1)C(=O)c1ccccc1,0,0.0
73,49,73,SC1CCCCC1.CCOC(=O)\C=C\C(=O)C1=CC=CC=C1,CCOC(=O)C(CC(=O)c1ccccc1)SC1CCCCC1,CH2Cl2,SC1CCCCC1.CCOC(=O)\C=C\C(=O)C1=CC=CC=C1>>CCOC(=O)C(CC(=O)c1ccccc1)SC1CCCCC1,1,0.0
74,50,74,CCOC(=O)\C=C\C(=O)C1=CC=CC=C1.CCCCCCCCCCCCS,CCCCCCCCCCCCSC(CC(=O)c1ccccc1)C(=O)OCC,CH2Cl2,CCOC(=O)\C=C\C(=O)C1=CC=CC=C1.CCCCCCCCCCCCS>>CCCCCCCCCCCCSC(CC(=O)c1ccccc1)C(=O)OCC,1,0.0
75,50,75,CCOC(=O)\C=C\C(=O)C1=CC=CC=C1.CCCCCCCCCCCCS,CCCCCCCCCCCCSC(CC(=O)OCC)C(=O)c1ccccc1,CH2Cl2,CCOC(=O)\C=C\C(=O)C1=CC=CC=C1.CCCCCCCCCCCCS>>CCCCCCCCCCCCSC(CC(=O)OCC)C(=O)c1ccccc1,0,0.0
76,51,76,CCOC(=O)\C=C\C(=O)C1=CC=CC=C1.CC(C)(C)C1=CC=C(CS)C=C1,CCOC(=O)CC(SCc1ccc(C(C)(C)C)cc1)C(=O)c1ccccc1,CH2Cl2,CCOC(=O)\C=C\C(=O)C1=CC=CC=C1.CC(C)(C)C1=CC=C(CS)C=C1>>CCOC(=O)CC(SCc1ccc(C(C)(C)C)cc1)C(=O)c1ccccc1,0,0.0
77,51,77,CCOC(=O)\C=C\C(=O)C1=CC=CC=C1.CC(C)(C)C1=CC=C(CS)C=C1,CCOC(=O)C(CC(=O)c1ccccc1)SCc1ccc(C(C)(C)C)cc1,CH2Cl2,CCOC(=O)\C=C\C(=O)C1=CC=CC=C1.CC(C)(C)C1=CC=C(CS)C=C1>>CCOC(=O)C(CC(=O)c1ccccc1)SCc1ccc(C(C)(C)C)cc1,1,0.0
78,52,78,SCCC1=CC=CC=C1.CCOC(=O)\C=C\C(=O)C1=CC=CC=C1,CCOC(=O)CC(SCCc1ccccc1)C(=O)c1ccccc1,CH2Cl2,SCCC1=CC=CC=C1.CCOC(=O)\C=C\C(=O)C1=CC=CC=C1>>CCOC(=O)CC(SCCc1ccccc1)C(=O)c1ccccc1,0,0.0
79,52,79,SCCC1=CC=CC=C1.CCOC(=O)\C=C\C(=O)C1=CC=CC=C1,CCOC(=O)C(CC(=O)c1ccccc1)SCCc1ccccc1,CH2Cl2,SCCC1=CC=CC=C1.CCOC(=O)\C=C\C(=O)C1=CC=CC=C1>>CCOC(=O)C(CC(=O)c1ccccc1)SCCc1ccccc1,1,0.0
80,53,80,CCOC(=O)\C=C\C(=O)C1=CC=C(C=C1)C(C)(C)C.CC(C)(C)C1=CC=C(CS)C=C1,CCOC(=O)C(CC(=O)c1ccc(C(C)(C)C)cc1)SCc1ccc(C(C)(C)C)cc1,CH2Cl2,CCOC(=O)\C=C\C(=O)C1=CC=C(C=C1)C(C)(C)C.CC(C)(C)C1=CC=C(CS)C=C1>>CCOC(=O)C(CC(=O)c1ccc(C(C)(C)C)cc1)SCc1ccc(C(C)(C)C)cc1,1,0.0
81,53,81,CCOC(=O)\C=C\C(=O)C1=CC=C(C=C1)C(C)(C)C.CC(C)(C)C1=CC=C(CS)C=C1,CCOC(=O)CC(SCc1ccc(C(C)(C)C)cc1)C(=O)c1ccc(C(C)(C)C)cc1,CH2Cl2,CCOC(=O)\C=C\C(=O)C1=CC=C(C=C1)C(C)(C)C.CC(C)(C)C1=CC=C(CS)C=C1>>CCOC(=O)CC(SCc1ccc(C(C)(C)C)cc1)C(=O)c1ccc(C(C)(C)C)cc1,0,0.0
82,54,82,CC(C)(C)C1=CC=C(CS)C=C1.CCOC(=O)\C=C\C(=O)C1=CC=C(C=C1)C(C)C,CCOC(=O)C(CC(=O)c1ccc(C(C)C)cc1)SCc1ccc(C(C)(C)C)cc1,CH2Cl2,CC(C)(C)C1=CC=C(CS)C=C1.CCOC(=O)\C=C\C(=O)C1=CC=C(C=C1)C(C)C>>CCOC(=O)C(CC(=O)c1ccc(C(C)C)cc1)SCc1ccc(C(C)(C)C)cc1,1,0.0
83,54,83,CC(C)(C)C1=CC=C(CS)C=C1.CCOC(=O)\C=C\C(=O)C1=CC=C(C=C1)C(C)C,CCOC(=O)CC(SCc1ccc(C(C)(C)C)cc1)C(=O)c1ccc(C(C)C)cc1,CH2Cl2,CC(C)(C)C1=CC=C(CS)C=C1.CCOC(=O)\C=C\C(=O)C1=CC=C(C=C1)C(C)C>>CCOC(=O)CC(SCc1ccc(C(C)(C)C)cc1)C(=O)c1ccc(C(C)C)cc1,0,0.0
84,55,84,CC(C)(C)C1=CC=C(CS)C=C1.CCOC(=O)\C=C\C(=O)C1=C(C)C=C(C)C=C1C,CCOC(=O)C(CC(=O)c1c(C)cc(C)cc1C)SCc1ccc(C(C)(C)C)cc1,CH2Cl2,CC(C)(C)C1=CC=C(CS)C=C1.CCOC(=O)\C=C\C(=O)C1=C(C)C=C(C)C=C1C>>CCOC(=O)C(CC(=O)c1c(C)cc(C)cc1C)SCc1ccc(C(C)(C)C)cc1,1,0.0
85,55,85,CC(C)(C)C1=CC=C(CS)C=C1.CCOC(=O)\C=C\C(=O)C1=C(C)C=C(C)C=C1C,CCOC(=O)CC(SCc1ccc(C(C)(C)C)cc1)C(=O)c1c(C)cc(C)cc1C,CH2Cl2,CC(C)(C)C1=CC=C(CS)C=C1.CCOC(=O)\C=C\C(=O)C1=C(C)C=C(C)C=C1C>>CCOC(=O)CC(SCc1ccc(C(C)(C)C)cc1)C(=O)c1c(C)cc(C)cc1C,0,0.0
86,56,86,CCOC(=O)\C=C\C(=O)C1=CC2=C(C=CC=C2)C=C1.CC(C)(C)C1=CC=C(CS)C=C1,CCOC(=O)C(CC(=O)c1ccc2ccccc2c1)SCc1ccc(C(C)(C)C)cc1,CH2Cl2,CCOC(=O)\C=C\C(=O)C1=CC2=C(C=CC=C2)C=C1.CC(C)(C)C1=CC=C(CS)C=C1>>CCOC(=O)C(CC(=O)c1ccc2ccccc2c1)SCc1ccc(C(C)(C)C)cc1,1,0.0
87,56,87,CCOC(=O)\C=C\C(=O)C1=CC2=C(C=CC=C2)C=C1.CC(C)(C)C1=CC=C(CS)C=C1,CCOC(=O)CC(SCc1ccc(C(C)(C)C)cc1)C(=O)c1ccc2ccccc2c1,CH2Cl2,CCOC(=O)\C=C\C(=O)C1=CC2=C(C=CC=C2)C=C1.CC(C)(C)C1=CC=C(CS)C=C1>>CCOC(=O)CC(SCc1ccc(C(C)(C)C)cc1)C(=O)c1ccc2ccccc2c1,0,0.0
88,57,88,CC(C)(C)C1=CC=C(CS)C=C1.CCOC(=O)\C=C\C(=O)C1=CC=C(NC(C)=O)C=C1,CCOC(=O)C(CC(=O)c1ccc(NC(C)=O)cc1)SCc1ccc(C(C)(C)C)cc1,CH2Cl2,CC(C)(C)C1=CC=C(CS)C=C1.CCOC(=O)\C=C\C(=O)C1=CC=C(NC(C)=O)C=C1>>CCOC(=O)C(CC(=O)c1ccc(NC(C)=O)cc1)SCc1ccc(C(C)(C)C)cc1,1,0.0
89,57,89,CC(C)(C)C1=CC=C(CS)C=C1.CCOC(=O)\C=C\C(=O)C1=CC=C(NC(C)=O)C=C1,CCOC(=O)CC(SCc1ccc(C(C)(C)C)cc1)C(=O)c1ccc(NC(C)=O)cc1,CH2Cl2,CC(C)(C)C1=CC=C(CS)C=C1.CCOC(=O)\C=C\C(=O)C1=CC=C(NC(C)=O)C=C1>>CCOC(=O)CC(SCc1ccc(C(C)(C)C)cc1)C(=O)c1ccc(NC(C)=O)cc1,0,0.0
90,58,90,CCOC(=O)\C=C\C(=O)C1=CC=C(OC)C=C1.CC(C)(C)C1=CC=C(CS)C=C1,CCOC(=O)C(CC(=O)c1ccc(OC)cc1)SCc1ccc(C(C)(C)C)cc1,CH2Cl2,CCOC(=O)\C=C\C(=O)C1=CC=C(OC)C=C1.CC(C)(C)C1=CC=C(CS)C=C1>>CCOC(=O)C(CC(=O)c1ccc(OC)cc1)SCc1ccc(C(C)(C)C)cc1,1,0.0
91,58,91,CCOC(=O)\C=C\C(=O)C1=CC=C(OC)C=C1.CC(C)(C)C1=CC=C(CS)C=C1,CCOC(=O)CC(SCc1ccc(C(C)(C)C)cc1)C(=O)c1ccc(OC)cc1,CH2Cl2,CCOC(=O)\C=C\C(=O)C1=CC=C(OC)C=C1.CC(C)(C)C1=CC=C(CS)C=C1>>CCOC(=O)CC(SCc1ccc(C(C)(C)C)cc1)C(=O)c1ccc(OC)cc1,0,0.0
92,59,92,CCOC(=O)\C=C\C=C\C(=O)C1=CC=CC=C1.SCC1=CC=CC=C1,CCOC(=O)CC(C=CC(=O)c1ccccc1)SCc1ccccc1,CH2Cl2,CCOC(=O)\C=C\C=C\C(=O)C1=CC=CC=C1.SCC1=CC=CC=C1>>CCOC(=O)CC(C=CC(=O)c1ccccc1)SCc1ccccc1,0,0.0
93,59,93,CCOC(=O)\C=C\C=C\C(=O)C1=CC=CC=C1.SCC1=CC=CC=C1,CCOC(=O)C=CC(CC(=O)c1ccccc1)SCc1ccccc1,CH2Cl2,CCOC(=O)\C=C\C=C\C(=O)C1=CC=CC=C1.SCC1=CC=CC=C1>>CCOC(=O)C=CC(CC(=O)c1ccccc1)SCc1ccccc1,1,0.0
94,60,94,CCOC(=O)\C=C\C=C\C(=O)C1=CC=C2C=CC=CC2=C1.SCC1=CC=CC=C1,CCOC(=O)CC(C=CC(=O)c1ccc2ccccc2c1)SCc1ccccc1,CH2Cl2,CCOC(=O)\C=C\C=C\C(=O)C1=CC=C2C=CC=CC2=C1.SCC1=CC=CC=C1>>CCOC(=O)CC(C=CC(=O)c1ccc2ccccc2c1)SCc1ccccc1,0,0.0
95,60,95,CCOC(=O)\C=C\C=C\C(=O)C1=CC=C2C=CC=CC2=C1.SCC1=CC=CC=C1,CCOC(=O)C=CC(CC(=O)c1ccc2ccccc2c1)SCc1ccccc1,CH2Cl2,CCOC(=O)\C=C\C=C\C(=O)C1=CC=C2C=CC=CC2=C1.SCC1=CC=CC=C1>>CCOC(=O)C=CC(CC(=O)c1ccc2ccccc2c1)SCc1ccccc1,1,0.0
96,61,96,SCC1=CC=CC=C1.CC(C)[C@@H]1CC[C@@H](C)C[C@H]1OC(=O)\C=C\C(=O)C1=CC=CC=C1,CC1CCC(C(C)C)C(OC(=O)CC(SCc2ccccc2)C(=O)c2ccccc2)C1,CH2Cl2,SCC1=CC=CC=C1.CC(C)[C@@H]1CC[C@@H](C)C[C@H]1OC(=O)\C=C\C(=O)C1=CC=CC=C1>>CC1CCC(C(C)C)C(OC(=O)CC(SCc2ccccc2)C(=O)c2ccccc2)C1,0,0.0
97,61,97,SCC1=CC=CC=C1.CC(C)[C@@H]1CC[C@@H](C)C[C@H]1OC(=O)\C=C\C(=O)C1=CC=CC=C1,CC1CCC(C(C)C)C(OC(=O)C(CC(=O)c2ccccc2)SCc2ccccc2)C1,CH2Cl2,SCC1=CC=CC=C1.CC(C)[C@@H]1CC[C@@H](C)C[C@H]1OC(=O)\C=C\C(=O)C1=CC=CC=C1>>CC1CCC(C(C)C)C(OC(=O)C(CC(=O)c2ccccc2)SCc2ccccc2)C1,1,0.0
98,62,98,CCOC(=O)\C=C\C(=O)C1=CC=C(Br)C=C1.CC(C)(C)C1=CC=C(CS)C=C1,CCOC(=O)C(CC(=O)c1ccc(Br)cc1)SCc1ccc(C(C)(C)C)cc1,CH2Cl2,CCOC(=O)\C=C\C(=O)C1=CC=C(Br)C=C1.CC(C)(C)C1=CC=C(CS)C=C1>>CCOC(=O)C(CC(=O)c1ccc(Br)cc1)SCc1ccc(C(C)(C)C)cc1,1,0.0
99,62,99,CCOC(=O)\C=C\C(=O)C1=CC=C(Br)C=C1.CC(C)(C)C1=CC=C(CS)C=C1,CCOC(=O)CC(SCc1ccc(C(C)(C)C)cc1)C(=O)c1ccc(Br)cc1,CH2Cl2,CCOC(=O)\C=C\C(=O)C1=CC=C(Br)C=C1.CC(C)(C)C1=CC=C(CS)C=C1>>CCOC(=O)CC(SCc1ccc(C(C)(C)C)cc1)C(=O)c1ccc(Br)cc1,0,0.0
100,63,100,CCOC(=O)\C=C\C(=O)C1=CC=C(Cl)C=C1.CC(C)(C)C1=CC=C(CS)C=C1,CCOC(=O)C(CC(=O)c1ccc(Cl)cc1)SCc1ccc(C(C)(C)C)cc1,CH2Cl2,CCOC(=O)\C=C\C(=O)C1=CC=C(Cl)C=C1.CC(C)(C)C1=CC=C(CS)C=C1>>CCOC(=O)C(CC(=O)c1ccc(Cl)cc1)SCc1ccc(C(C)(C)C)cc1,1,0.0
101,63,101,CCOC(=O)\C=C\C(=O)C1=CC=C(Cl)C=C1.CC(C)(C)C1=CC=C(CS)C=C1,CCOC(=O)CC(SCc1ccc(C(C)(C)C)cc1)C(=O)c1ccc(Cl)cc1,CH2Cl2,CCOC(=O)\C=C\C(=O)C1=CC=C(Cl)C=C1.CC(C)(C)C1=CC=C(CS)C=C1>>CCOC(=O)CC(SCc1ccc(C(C)(C)C)cc1)C(=O)c1ccc(Cl)cc1,0,0.0
102,64,102,CCOC(=O)\C=C\C(=O)C1=CC=C(F)C=C1.CC(C)(C)C1=CC=C(CS)C=C1,CCOC(=O)C(CC(=O)c1ccc(F)cc1)SCc1ccc(C(C)(C)C)cc1,CH2Cl2,CCOC(=O)\C=C\C(=O)C1=CC=C(F)C=C1.CC(C)(C)C1=CC=C(CS)C=C1>>CCOC(=O)C(CC(=O)c1ccc(F)cc1)SCc1ccc(C(C)(C)C)cc1,1,0.0
103,64,103,CCOC(=O)\C=C\C(=O)C1=CC=C(F)C=C1.CC(C)(C)C1=CC=C(CS)C=C1,CCOC(=O)CC(SCc1ccc(C(C)(C)C)cc1)C(=O)c1ccc(F)cc1,CH2Cl2,CCOC(=O)\C=C\C(=O)C1=CC=C(F)C=C1.CC(C)(C)C1=CC=C(CS)C=C1>>CCOC(=O)CC(SCc1ccc(C(C)(C)C)cc1)C(=O)c1ccc(F)cc1,0,0.0
104,65,104,CCOC(=O)\C=C\C(=O)C1=CC=C(C=C1)N(=O)=O.CC(C)(C)C1=CC=C(CS)C=C1,CCOC(=O)C(CC(=O)c1ccc([N+](=O)[O-])cc1)SCc1ccc(C(C)(C)C)cc1,CH2Cl2,CCOC(=O)\C=C\C(=O)C1=CC=C(C=C1)N(=O)=O.CC(C)(C)C1=CC=C(CS)C=C1>>CCOC(=O)C(CC(=O)c1ccc([N+](=O)[O-])cc1)SCc1ccc(C(C)(C)C)cc1,1,0.0
105,65,105,CCOC(=O)\C=C\C(=O)C1=CC=C(C=C1)N(=O)=O.CC(C)(C)C1=CC=C(CS)C=C1,CCOC(=O)CC(SCc1ccc(C(C)(C)C)cc1)C(=O)c1ccc([N+](=O)[O-])cc1,CH2Cl2,CCOC(=O)\C=C\C(=O)C1=CC=C(C=C1)N(=O)=O.CC(C)(C)C1=CC=C(CS)C=C1>>CCOC(=O)CC(SCc1ccc(C(C)(C)C)cc1)C(=O)c1ccc([N+](=O)[O-])cc1,0,0.0
106,66,106,CCOC(=O)\C=C\C(=O)C(C)(C)C.CC(C)(C)C1=CC=C(CS)C=C1,CCOC(=O)C(CC(=O)C(C)(C)C)SCc1ccc(C(C)(C)C)cc1,CH2Cl2,CCOC(=O)\C=C\C(=O)C(C)(C)C.CC(C)(C)C1=CC=C(CS)C=C1>>CCOC(=O)C(CC(=O)C(C)(C)C)SCc1ccc(C(C)(C)C)cc1,1,0.0
107,66,107,CCOC(=O)\C=C\C(=O)C(C)(C)C.CC(C)(C)C1=CC=C(CS)C=C1,CCOC(=O)CC(SCc1ccc(C(C)(C)C)cc1)C(=O)C(C)(C)C,CH2Cl2,CCOC(=O)\C=C\C(=O)C(C)(C)C.CC(C)(C)C1=CC=C(CS)C=C1>>CCOC(=O)CC(SCc1ccc(C(C)(C)C)cc1)C(=O)C(C)(C)C,0,0.0
108,67,108,CC(C)(C)C1=CC=C(CS)C=C1.CCOC(=O)\C=C\C(=O)C(C)C,CCOC(=O)C(CC(=O)C(C)C)SCc1ccc(C(C)(C)C)cc1,CH2Cl2,CC(C)(C)C1=CC=C(CS)C=C1.CCOC(=O)\C=C\C(=O)C(C)C>>CCOC(=O)C(CC(=O)C(C)C)SCc1ccc(C(C)(C)C)cc1,1,0.0
109,67,109,CC(C)(C)C1=CC=C(CS)C=C1.CCOC(=O)\C=C\C(=O)C(C)C,CCOC(=O)CC(SCc1ccc(C(C)(C)C)cc1)C(=O)C(C)C,CH2Cl2,CC(C)(C)C1=CC=C(CS)C=C1.CCOC(=O)\C=C\C(=O)C(C)C>>CCOC(=O)CC(SCc1ccc(C(C)(C)C)cc1)C(=O)C(C)C,0,0.0
110,68,110,CCOC(=O)\C=C\C(C)=O.CC(C)(C)C1=CC=C(CS)C=C1,CCOC(=O)C(CC(C)=O)SCc1ccc(C(C)(C)C)cc1,CH2Cl2,CCOC(=O)\C=C\C(C)=O.CC(C)(C)C1=CC=C(CS)C=C1>>CCOC(=O)C(CC(C)=O)SCc1ccc(C(C)(C)C)cc1,1,0.0
111,68,111,CCOC(=O)\C=C\C(C)=O.CC(C)(C)C1=CC=C(CS)C=C1,CCOC(=O)CC(SCc1ccc(C(C)(C)C)cc1)C(C)=O,CH2Cl2,CCOC(=O)\C=C\C(C)=O.CC(C)(C)C1=CC=C(CS)C=C1>>CCOC(=O)CC(SCc1ccc(C(C)(C)C)cc1)C(C)=O,0,0.0
112,69,112,CC(C)(C)C1=CC=C(CS)C=C1.CCCCCCOC(=O)\C=C\C(=O)C1=CC=CC=C1,CCCCCCOC(=O)C(CC(=O)c1ccccc1)SCc1ccc(C(C)(C)C)cc1,CH2Cl2,CC(C)(C)C1=CC=C(CS)C=C1.CCCCCCOC(=O)\C=C\C(=O)C1=CC=CC=C1>>CCCCCCOC(=O)C(CC(=O)c1ccccc1)SCc1ccc(C(C)(C)C)cc1,1,0.0
113,69,113,CC(C)(C)C1=CC=C(CS)C=C1.CCCCCCOC(=O)\C=C\C(=O)C1=CC=CC=C1,CCCCCCOC(=O)CC(SCc1ccc(C(C)(C)C)cc1)C(=O)c1ccccc1,CH2Cl2,CC(C)(C)C1=CC=C(CS)C=C1.CCCCCCOC(=O)\C=C\C(=O)C1=CC=CC=C1>>CCCCCCOC(=O)CC(SCc1ccc(C(C)(C)C)cc1)C(=O)c1ccccc1,0,0.0
114,70,114,CC(C)(C)C1=CC=C(CS)C=C1.CCCCCCCCCCOC(=O)\C=C\C(=O)C1=CC=CC=C1,CCCCCCCCCCOC(=O)CC(SCc1ccc(C(C)(C)C)cc1)C(=O)c1ccccc1,CH2Cl2,CC(C)(C)C1=CC=C(CS)C=C1.CCCCCCCCCCOC(=O)\C=C\C(=O)C1=CC=CC=C1>>CCCCCCCCCCOC(=O)CC(SCc1ccc(C(C)(C)C)cc1)C(=O)c1ccccc1,0,0.0
115,70,115,CC(C)(C)C1=CC=C(CS)C=C1.CCCCCCCCCCOC(=O)\C=C\C(=O)C1=CC=CC=C1,CCCCCCCCCCOC(=O)C(CC(=O)c1ccccc1)SCc1ccc(C(C)(C)C)cc1,CH2Cl2,CC(C)(C)C1=CC=C(CS)C=C1.CCCCCCCCCCOC(=O)\C=C\C(=O)C1=CC=CC=C1>>CCCCCCCCCCOC(=O)C(CC(=O)c1ccccc1)SCc1ccc(C(C)(C)C)cc1,1,0.0
116,71,116,CC(C)(C)C1=CC=C(CS)C=C1.CC(C)OC(=O)\C=C\C(=O)C1=CC=CC=C1,CC(C)OC(=O)C(CC(=O)c1ccccc1)SCc1ccc(C(C)(C)C)cc1,CH2Cl2,CC(C)(C)C1=CC=C(CS)C=C1.CC(C)OC(=O)\C=C\C(=O)C1=CC=CC=C1>>CC(C)OC(=O)C(CC(=O)c1ccccc1)SCc1ccc(C(C)(C)C)cc1,1,0.0
117,71,117,CC(C)(C)C1=CC=C(CS)C=C1.CC(C)OC(=O)\C=C\C(=O)C1=CC=CC=C1,CC(C)OC(=O)CC(SCc1ccc(C(C)(C)C)cc1)C(=O)c1ccccc1,CH2Cl2,CC(C)(C)C1=CC=C(CS)C=C1.CC(C)OC(=O)\C=C\C(=O)C1=CC=CC=C1>>CC(C)OC(=O)CC(SCc1ccc(C(C)(C)C)cc1)C(=O)c1ccccc1,0,0.0
118,72,118,CC(C)(C)C1=CC=C(CS)C=C1.CC(C)COC(=O)\C=C\C(=O)C1=CC=CC=C1,CC(C)COC(=O)CC(SCc1ccc(C(C)(C)C)cc1)C(=O)c1ccccc1,CH2Cl2,CC(C)(C)C1=CC=C(CS)C=C1.CC(C)COC(=O)\C=C\C(=O)C1=CC=CC=C1>>CC(C)COC(=O)CC(SCc1ccc(C(C)(C)C)cc1)C(=O)c1ccccc1,0,0.0
119,72,119,CC(C)(C)C1=CC=C(CS)C=C1.CC(C)COC(=O)\C=C\C(=O)C1=CC=CC=C1,CC(C)COC(=O)C(CC(=O)c1ccccc1)SCc1ccc(C(C)(C)C)cc1,CH2Cl2,CC(C)(C)C1=CC=C(CS)C=C1.CC(C)COC(=O)\C=C\C(=O)C1=CC=CC=C1>>CC(C)COC(=O)C(CC(=O)c1ccccc1)SCc1ccc(C(C)(C)C)cc1,1,0.0
120,73,120,CC(C)(C)C1=CC=C(CS)C=C1.O=C(OCC1=CC=C(C=C1)N(=O)=O)\C=C\C(=O)C1=CC=CC=C1,CC(C)(C)c1ccc(CSC(CC(=O)c2ccccc2)C(=O)OCc2ccc([N+](=O)[O-])cc2)cc1,CH2Cl2,CC(C)(C)C1=CC=C(CS)C=C1.O=C(OCC1=CC=C(C=C1)N(=O)=O)\C=C\C(=O)C1=CC=CC=C1>>CC(C)(C)c1ccc(CSC(CC(=O)c2ccccc2)C(=O)OCc2ccc([N+](=O)[O-])cc2)cc1,1,0.0
121,73,121,CC(C)(C)C1=CC=C(CS)C=C1.O=C(OCC1=CC=C(C=C1)N(=O)=O)\C=C\C(=O)C1=CC=CC=C1,CC(C)(C)c1ccc(CSC(CC(=O)OCc2ccc([N+](=O)[O-])cc2)C(=O)c2ccccc2)cc1,CH2Cl2,CC(C)(C)C1=CC=C(CS)C=C1.O=C(OCC1=CC=C(C=C1)N(=O)=O)\C=C\C(=O)C1=CC=CC=C1>>CC(C)(C)c1ccc(CSC(CC(=O)OCc2ccc([N+](=O)[O-])cc2)C(=O)c2ccccc2)cc1,0,0.0
122,74,122,OC(=O)\C=C\C(=O)C1=CC=CC=C1.OC(=O)CS,O=C(O)CSC(CC(=O)O)C(=O)c1ccccc1,Methanol,OC(=O)\C=C\C(=O)C1=CC=CC=C1.OC(=O)CS>>O=C(O)CSC(CC(=O)O)C(=O)c1ccccc1,0,0.0
123,74,123,OC(=O)\C=C\C(=O)C1=CC=CC=C1.OC(=O)CS,O=C(O)CSC(CC(=O)c1ccccc1)C(=O)O,Methanol,OC(=O)\C=C\C(=O)C1=CC=CC=C1.OC(=O)CS>>O=C(O)CSC(CC(=O)c1ccccc1)C(=O)O,1,0.0
124,75,124,[H][C@](N)(CCC(=O)N[C@@]([H])(CS)C(=O)NCC(O)=O)C(O)=O.CCCCC[C@H](O)\C=C\[C@H]1C=CC(=O)\C1=C\CCCCCC(=O)OC,CCCCCC(O)C=CC1C=CC(=O)C1C(CCCCCC(=O)OC)SCC(NC(=O)CCC(N)C(=O)O)C(=O)NCC(=O)O,Methanol,[H][C@](N)(CCC(=O)N[C@@]([H])(CS)C(=O)NCC(O)=O)C(O)=O.CCCCC[C@H](O)\C=C\[C@H]1C=CC(=O)\C1=C\CCCCCC(=O)OC>>CCCCCC(O)C=CC1C=CC(=O)C1C(CCCCCC(=O)OC)SCC(NC(=O)CCC(N)C(=O)O)C(=O)NCC(=O)O,0,0.0
125,75,125,[H][C@](N)(CCC(=O)N[C@@]([H])(CS)C(=O)NCC(O)=O)C(O)=O.CCCCC[C@H](O)\C=C\[C@H]1C=CC(=O)\C1=C\CCCCCC(=O)OC,CCCCCC(O)C=CC1C(=CCCCCCC(=O)OC)C(=O)CC1SCC(NC(=O)CCC(N)C(=O)O)C(=O)NCC(=O)O,Methanol,[H][C@](N)(CCC(=O)N[C@@]([H])(CS)C(=O)NCC(O)=O)C(O)=O.CCCCC[C@H](O)\C=C\[C@H]1C=CC(=O)\C1=C\CCCCCC(=O)OC>>CCCCCC(O)C=CC1C(=CCCCCCC(=O)OC)C(=O)CC1SCC(NC(=O)CCC(N)C(=O)O)C(=O)NCC(=O)O,1,0.0
126,77,126,SC1=CC=CC=C1.CCOC(=O)\C=C\C(=O)NCC1=CC=CC=C1,CCOC(=O)C(CC(=O)NCc1ccccc1)Sc1ccccc1,Acetonitrile,SC1=CC=CC=C1.CCOC(=O)\C=C\C(=O)NCC1=CC=CC=C1>>CCOC(=O)C(CC(=O)NCc1ccccc1)Sc1ccccc1,0,0.0
127,77,127,SC1=CC=CC=C1.CCOC(=O)\C=C\C(=O)NCC1=CC=CC=C1,CCOC(=O)CC(Sc1ccccc1)C(=O)NCc1ccccc1,Acetonitrile,SC1=CC=CC=C1.CCOC(=O)\C=C\C(=O)NCC1=CC=CC=C1>>CCOC(=O)CC(Sc1ccccc1)C(=O)NCc1ccccc1,1,0.0
128,78,128,OC(=O)\C=C\C(=O)C1=CC=C(Cl)C=C1.OC(=O)CS,O=C(O)CSC(CC(=O)c1ccc(Cl)cc1)C(=O)O,Methanol,OC(=O)\C=C\C(=O)C1=CC=C(Cl)C=C1.OC(=O)CS>>O=C(O)CSC(CC(=O)c1ccc(Cl)cc1)C(=O)O,1,0.0
129,78,129,OC(=O)\C=C\C(=O)C1=CC=C(Cl)C=C1.OC(=O)CS,O=C(O)CSC(CC(=O)O)C(=O)c1ccc(Cl)cc1,Methanol,OC(=O)\C=C\C(=O)C1=CC=C(Cl)C=C1.OC(=O)CS>>O=C(O)CSC(CC(=O)O)C(=O)c1ccc(Cl)cc1,0,0.0
130,79,130,OC(=O)\C=C\C(=O)C1=CC=C(F)C=C1.OC(=O)CS,O=C(O)CSC(CC(=O)c1ccc(F)cc1)C(=O)O,Methanol,OC(=O)\C=C\C(=O)C1=CC=C(F)C=C1.OC(=O)CS>>O=C(O)CSC(CC(=O)c1ccc(F)cc1)C(=O)O,1,0.0
131,79,131,OC(=O)\C=C\C(=O)C1=CC=C(F)C=C1.OC(=O)CS,O=C(O)CSC(CC(=O)O)C(=O)c1ccc(F)cc1,Methanol,OC(=O)\C=C\C(=O)C1=CC=C(F)C=C1.OC(=O)CS>>O=C(O)CSC(CC(=O)O)C(=O)c1ccc(F)cc1,0,0.0
132,80,132,CCC1=CC=C(C=C1)C(=O)\C=C\C(O)=O.OC(=O)CS,CCc1ccc(C(=O)CC(SCC(=O)O)C(=O)O)cc1,Methanol,CCC1=CC=C(C=C1)C(=O)\C=C\C(O)=O.OC(=O)CS>>CCc1ccc(C(=O)CC(SCC(=O)O)C(=O)O)cc1,1,0.0
133,80,133,CCC1=CC=C(C=C1)C(=O)\C=C\C(O)=O.OC(=O)CS,CCc1ccc(C(=O)C(CC(=O)O)SCC(=O)O)cc1,Methanol,CCC1=CC=C(C=C1)C(=O)\C=C\C(O)=O.OC(=O)CS>>CCc1ccc(C(=O)C(CC(=O)O)SCC(=O)O)cc1,0,0.0
134,81,134,CC1=CC=C(C)C(=C1)C(=O)\C=C\C(O)=O.OC(=O)CS,Cc1ccc(C)c(C(=O)CC(SCC(=O)O)C(=O)O)c1,Methanol,CC1=CC=C(C)C(=C1)C(=O)\C=C\C(O)=O.OC(=O)CS>>Cc1ccc(C)c(C(=O)CC(SCC(=O)O)C(=O)O)c1,1,0.0
135,81,135,CC1=CC=C(C)C(=C1)C(=O)\C=C\C(O)=O.OC(=O)CS,Cc1ccc(C)c(C(=O)C(CC(=O)O)SCC(=O)O)c1,Methanol,CC1=CC=C(C)C(=C1)C(=O)\C=C\C(O)=O.OC(=O)CS>>Cc1ccc(C)c(C(=O)C(CC(=O)O)SCC(=O)O)c1,0,0.0
136,82,136,CC1=CC=C(C(=O)\C=C\C(O)=O)C(Cl)=C1.OC(=O)CS,Cc1ccc(C(=O)C(CC(=O)O)SCC(=O)O)c(Cl)c1,Methanol,CC1=CC=C(C(=O)\C=C\C(O)=O)C(Cl)=C1.OC(=O)CS>>Cc1ccc(C(=O)C(CC(=O)O)SCC(=O)O)c(Cl)c1,0,0.0
137,82,137,CC1=CC=C(C(=O)\C=C\C(O)=O)C(Cl)=C1.OC(=O)CS,Cc1ccc(C(=O)CC(SCC(=O)O)C(=O)O)c(Cl)c1,Methanol,CC1=CC=C(C(=O)\C=C\C(O)=O)C(Cl)=C1.OC(=O)CS>>Cc1ccc(C(=O)CC(SCC(=O)O)C(=O)O)c(Cl)c1,1,0.0
138,83,138,CC1=CC=C(C=C1)C(=O)\C=C\C(O)=O.OC(=O)CS,Cc1ccc(C(=O)CC(SCC(=O)O)C(=O)O)cc1,Methanol,CC1=CC=C(C=C1)C(=O)\C=C\C(O)=O.OC(=O)CS>>Cc1ccc(C(=O)CC(SCC(=O)O)C(=O)O)cc1,1,0.0
139,83,139,CC1=CC=C(C=C1)C(=O)\C=C\C(O)=O.OC(=O)CS,Cc1ccc(C(=O)C(CC(=O)O)SCC(=O)O)cc1,Methanol,CC1=CC=C(C=C1)C(=O)\C=C\C(O)=O.OC(=O)CS>>Cc1ccc(C(=O)C(CC(=O)O)SCC(=O)O)cc1,0,0.0
140,84,140,CC(C)C1=CC=C(C=C1)C(=O)\C=C\C(O)=O.OC(=O)CS,CC(C)c1ccc(C(=O)C(CC(=O)O)SCC(=O)O)cc1,Methanol,CC(C)C1=CC=C(C=C1)C(=O)\C=C\C(O)=O.OC(=O)CS>>CC(C)c1ccc(C(=O)C(CC(=O)O)SCC(=O)O)cc1,0,0.0
141,84,141,CC(C)C1=CC=C(C=C1)C(=O)\C=C\C(O)=O.OC(=O)CS,CC(C)c1ccc(C(=O)CC(SCC(=O)O)C(=O)O)cc1,Methanol,CC(C)C1=CC=C(C=C1)C(=O)\C=C\C(O)=O.OC(=O)CS>>CC(C)c1ccc(C(=O)CC(SCC(=O)O)C(=O)O)cc1,1,0.0
142,85,142,CC(C)(C)C1=CC=C(C=C1)C(=O)\C=C\C(O)=O.OC(=O)CS,CC(C)(C)c1ccc(C(=O)C(CC(=O)O)SCC(=O)O)cc1,Methanol,CC(C)(C)C1=CC=C(C=C1)C(=O)\C=C\C(O)=O.OC(=O)CS>>CC(C)(C)c1ccc(C(=O)C(CC(=O)O)SCC(=O)O)cc1,0,0.0
143,85,143,CC(C)(C)C1=CC=C(C=C1)C(=O)\C=C\C(O)=O.OC(=O)CS,CC(C)(C)c1ccc(C(=O)CC(SCC(=O)O)C(=O)O)cc1,Methanol,CC(C)(C)C1=CC=C(C=C1)C(=O)\C=C\C(O)=O.OC(=O)CS>>CC(C)(C)c1ccc(C(=O)CC(SCC(=O)O)C(=O)O)cc1,1,0.0
144,86,144,CC1=CC=C(C(=O)\C=C\C(O)=O)C(C)=C1.OC(=O)CS,Cc1ccc(C(=O)C(CC(=O)O)SCC(=O)O)c(C)c1,Methanol,CC1=CC=C(C(=O)\C=C\C(O)=O)C(C)=C1.OC(=O)CS>>Cc1ccc(C(=O)C(CC(=O)O)SCC(=O)O)c(C)c1,0,0.0
145,86,145,CC1=CC=C(C(=O)\C=C\C(O)=O)C(C)=C1.OC(=O)CS,Cc1ccc(C(=O)CC(SCC(=O)O)C(=O)O)c(C)c1,Methanol,CC1=CC=C(C(=O)\C=C\C(O)=O)C(C)=C1.OC(=O)CS>>Cc1ccc(C(=O)CC(SCC(=O)O)C(=O)O)c(C)c1,1,0.0
146,87,146,CCCCC1=CC=C(C=C1)C(=O)\C=C\C(O)=O.OC(=O)CS,CCCCc1ccc(C(=O)C(CC(=O)O)SCC(=O)O)cc1,Methanol,CCCCC1=CC=C(C=C1)C(=O)\C=C\C(O)=O.OC(=O)CS>>CCCCc1ccc(C(=O)C(CC(=O)O)SCC(=O)O)cc1,0,0.0
147,87,147,CCCCC1=CC=C(C=C1)C(=O)\C=C\C(O)=O.OC(=O)CS,CCCCc1ccc(C(=O)CC(SCC(=O)O)C(=O)O)cc1,Methanol,CCCCC1=CC=C(C=C1)C(=O)\C=C\C(O)=O.OC(=O)CS>>CCCCc1ccc(C(=O)CC(SCC(=O)O)C(=O)O)cc1,1,0.0
148,88,148,OC(=O)CS.COC1=CC=C(C(=O)\C=C\C(O)=O)C(OC)=C1OC,COc1ccc(C(=O)CC(SCC(=O)O)C(=O)O)c(OC)c1OC,Methanol,OC(=O)CS.COC1=CC=C(C(=O)\C=C\C(O)=O)C(OC)=C1OC>>COc1ccc(C(=O)CC(SCC(=O)O)C(=O)O)c(OC)c1OC,1,0.0
149,88,149,OC(=O)CS.COC1=CC=C(C(=O)\C=C\C(O)=O)C(OC)=C1OC,COc1ccc(C(=O)C(CC(=O)O)SCC(=O)O)c(OC)c1OC,Methanol,OC(=O)CS.COC1=CC=C(C(=O)\C=C\C(O)=O)C(OC)=C1OC>>COc1ccc(C(=O)C(CC(=O)O)SCC(=O)O)c(OC)c1OC,0,0.0
150,89,150,OC(=O)CS.CC1=CC=C(C=C1C)C(=O)\C=C\C(O)=O,Cc1ccc(C(=O)CC(SCC(=O)O)C(=O)O)cc1C,Methanol,OC(=O)CS.CC1=CC=C(C=C1C)C(=O)\C=C\C(O)=O>>Cc1ccc(C(=O)CC(SCC(=O)O)C(=O)O)cc1C,1,0.0
151,89,151,OC(=O)CS.CC1=CC=C(C=C1C)C(=O)\C=C\C(O)=O,Cc1ccc(C(=O)C(CC(=O)O)SCC(=O)O)cc1C,Methanol,OC(=O)CS.CC1=CC=C(C=C1C)C(=O)\C=C\C(O)=O>>Cc1ccc(C(=O)C(CC(=O)O)SCC(=O)O)cc1C,0,0.0
152,90,152,CC(C)C1=CC=C(C(C)C)C(=C1)C(=O)\C=C\C(O)=O.OC(=O)CS,CC(C)c1ccc(C(C)C)c(C(=O)CC(SCC(=O)O)C(=O)O)c1,Methanol,CC(C)C1=CC=C(C(C)C)C(=C1)C(=O)\C=C\C(O)=O.OC(=O)CS>>CC(C)c1ccc(C(C)C)c(C(=O)CC(SCC(=O)O)C(=O)O)c1,1,0.0
153,90,153,CC(C)C1=CC=C(C(C)C)C(=C1)C(=O)\C=C\C(O)=O.OC(=O)CS,CC(C)c1ccc(C(C)C)c(C(=O)C(CC(=O)O)SCC(=O)O)c1,Methanol,CC(C)C1=CC=C(C(C)C)C(=C1)C(=O)\C=C\C(O)=O.OC(=O)CS>>CC(C)c1ccc(C(C)C)c(C(=O)C(CC(=O)O)SCC(=O)O)c1,0,0.0
154,93,154,CC(C)C1=CC(C(C)C)=C(C(=O)\C=C\C(O)=O)C(=C1)C(C)C.OC(=O)CS,CC(C)c1cc(C(C)C)c(C(=O)C(CC(=O)O)SCC(=O)O)c(C(C)C)c1,Methanol,CC(C)C1=CC(C(C)C)=C(C(=O)\C=C\C(O)=O)C(=C1)C(C)C.OC(=O)CS>>CC(C)c1cc(C(C)C)c(C(=O)C(CC(=O)O)SCC(=O)O)c(C(C)C)c1,0,0.0
155,93,155,CC(C)C1=CC(C(C)C)=C(C(=O)\C=C\C(O)=O)C(=C1)C(C)C.OC(=O)CS,CC(C)c1cc(C(C)C)c(C(=O)CC(SCC(=O)O)C(=O)O)c(C(C)C)c1,Methanol,CC(C)C1=CC(C(C)C)=C(C(=O)\C=C\C(O)=O)C(=C1)C(C)C.OC(=O)CS>>CC(C)c1cc(C(C)C)c(C(=O)CC(SCC(=O)O)C(=O)O)c(C(C)C)c1,1,0.0
156,98,156,CCOC(=O)C=CC(=O)C1=CC=CC=C1.SC1=CC=CC=C1,CCOC(=O)C(CC(=O)c1ccccc1)Sc1ccccc1,CH2Cl2,CCOC(=O)C=CC(=O)C1=CC=CC=C1.SC1=CC=CC=C1>>CCOC(=O)C(CC(=O)c1ccccc1)Sc1ccccc1,1,0.0
157,98,157,CCOC(=O)C=CC(=O)C1=CC=CC=C1.SC1=CC=CC=C1,CCOC(=O)CC(Sc1ccccc1)C(=O)c1ccccc1,CH2Cl2,CCOC(=O)C=CC(=O)C1=CC=CC=C1.SC1=CC=CC=C1>>CCOC(=O)CC(Sc1ccccc1)C(=O)c1ccccc1,0,0.0
158,99,158,ClC1=CC=C(C=C1)C(=O)C=CC(=O)OCC1=CC=CC=C1.SC1=CC=CC=C1,O=C(CC(Sc1ccccc1)C(=O)OCc1ccccc1)c1ccc(Cl)cc1,CH2Cl2,ClC1=CC=C(C=C1)C(=O)C=CC(=O)OCC1=CC=CC=C1.SC1=CC=CC=C1>>O=C(CC(Sc1ccccc1)C(=O)OCc1ccccc1)c1ccc(Cl)cc1,1,0.0
159,99,159,ClC1=CC=C(C=C1)C(=O)C=CC(=O)OCC1=CC=CC=C1.SC1=CC=CC=C1,O=C(CC(Sc1ccccc1)C(=O)c1ccc(Cl)cc1)OCc1ccccc1,CH2Cl2,ClC1=CC=C(C=C1)C(=O)C=CC(=O)OCC1=CC=CC=C1.SC1=CC=CC=C1>>O=C(CC(Sc1ccccc1)C(=O)c1ccc(Cl)cc1)OCc1ccccc1,0,0.0
160,100,160,CCOC(=O)C=CC(=O)C1=CC=C(C)C(C)=C1.SC1=CC=CC=C1,CCOC(=O)C(CC(=O)c1ccc(C)c(C)c1)Sc1ccccc1,CH2Cl2,CCOC(=O)C=CC(=O)C1=CC=C(C)C(C)=C1.SC1=CC=CC=C1>>CCOC(=O)C(CC(=O)c1ccc(C)c(C)c1)Sc1ccccc1,1,0.0
161,100,161,CCOC(=O)C=CC(=O)C1=CC=C(C)C(C)=C1.SC1=CC=CC=C1,CCOC(=O)CC(Sc1ccccc1)C(=O)c1ccc(C)c(C)c1,CH2Cl2,CCOC(=O)C=CC(=O)C1=CC=C(C)C(C)=C1.SC1=CC=CC=C1>>CCOC(=O)CC(Sc1ccccc1)C(=O)c1ccc(C)c(C)c1,0,0.0
162,101,162,CCOC(=O)C=CC(=O)C1=CC=C(Cl)C=C1.SC1=CC=CC=C1,CCOC(=O)CC(Sc1ccccc1)C(=O)c1ccc(Cl)cc1,CH2Cl2,CCOC(=O)C=CC(=O)C1=CC=C(Cl)C=C1.SC1=CC=CC=C1>>CCOC(=O)CC(Sc1ccccc1)C(=O)c1ccc(Cl)cc1,0,0.0
163,101,163,CCOC(=O)C=CC(=O)C1=CC=C(Cl)C=C1.SC1=CC=CC=C1,CCOC(=O)C(CC(=O)c1ccc(Cl)cc1)Sc1ccccc1,CH2Cl2,CCOC(=O)C=CC(=O)C1=CC=C(Cl)C=C1.SC1=CC=CC=C1>>CCOC(=O)C(CC(=O)c1ccc(Cl)cc1)Sc1ccccc1,1,0.0
164,102,164,CCOC(=O)C=CC(=O)C1=CC2=C(C=CC=C2)C=C1.SC1=CC=CC=C1,CCOC(=O)C(CC(=O)c1ccc2ccccc2c1)Sc1ccccc1,CH2Cl2,CCOC(=O)C=CC(=O)C1=CC2=C(C=CC=C2)C=C1.SC1=CC=CC=C1>>CCOC(=O)C(CC(=O)c1ccc2ccccc2c1)Sc1ccccc1,1,0.0
165,102,165,CCOC(=O)C=CC(=O)C1=CC2=C(C=CC=C2)C=C1.SC1=CC=CC=C1,CCOC(=O)CC(Sc1ccccc1)C(=O)c1ccc2ccccc2c1,CH2Cl2,CCOC(=O)C=CC(=O)C1=CC2=C(C=CC=C2)C=C1.SC1=CC=CC=C1>>CCOC(=O)CC(Sc1ccccc1)C(=O)c1ccc2ccccc2c1,0,0.0
166,103,166,COC1=CC=C(S)C=C1.CCOC(=O)C=CC(=O)C1=CC=CC=C1,CCOC(=O)C(CC(=O)c1ccccc1)Sc1ccc(OC)cc1,CH2Cl2,COC1=CC=C(S)C=C1.CCOC(=O)C=CC(=O)C1=CC=CC=C1>>CCOC(=O)C(CC(=O)c1ccccc1)Sc1ccc(OC)cc1,1,0.0
167,103,167,COC1=CC=C(S)C=C1.CCOC(=O)C=CC(=O)C1=CC=CC=C1,CCOC(=O)CC(Sc1ccc(OC)cc1)C(=O)c1ccccc1,CH2Cl2,COC1=CC=C(S)C=C1.CCOC(=O)C=CC(=O)C1=CC=CC=C1>>CCOC(=O)CC(Sc1ccc(OC)cc1)C(=O)c1ccccc1,0,0.0
168,105,168,SC1=CC=CC=C1.CCOC(=O)\C=C\C(=O)N(CC1=CC=CC=C1)CC1=CC=CC=C1,CCOC(=O)C(CC(=O)N(Cc1ccccc1)Cc1ccccc1)Sc1ccccc1,CH2Cl2,SC1=CC=CC=C1.CCOC(=O)\C=C\C(=O)N(CC1=CC=CC=C1)CC1=CC=CC=C1>>CCOC(=O)C(CC(=O)N(Cc1ccccc1)Cc1ccccc1)Sc1ccccc1,1,0.0
169,105,169,SC1=CC=CC=C1.CCOC(=O)\C=C\C(=O)N(CC1=CC=CC=C1)CC1=CC=CC=C1,CCOC(=O)CC(Sc1ccccc1)C(=O)N(Cc1ccccc1)Cc1ccccc1,CH2Cl2,SC1=CC=CC=C1.CCOC(=O)\C=C\C(=O)N(CC1=CC=CC=C1)CC1=CC=CC=C1>>CCOC(=O)CC(Sc1ccccc1)C(=O)N(Cc1ccccc1)Cc1ccccc1,0,0.0
170,107,170,CC(C)C1=CC=C(C(=O)\C=C\C(O)=O)C(=C1)C(C)C.OC(=O)CS,CC(C)c1ccc(C(=O)C(CC(=O)O)SCC(=O)O)c(C(C)C)c1,Methanol,CC(C)C1=CC=C(C(=O)\C=C\C(O)=O)C(=C1)C(C)C.OC(=O)CS>>CC(C)c1ccc(C(=O)C(CC(=O)O)SCC(=O)O)c(C(C)C)c1,0,0.0
171,107,171,CC(C)C1=CC=C(C(=O)\C=C\C(O)=O)C(=C1)C(C)C.OC(=O)CS,CC(C)c1ccc(C(=O)CC(SCC(=O)O)C(=O)O)c(C(C)C)c1,Methanol,CC(C)C1=CC=C(C(=O)\C=C\C(O)=O)C(=C1)C(C)C.OC(=O)CS>>CC(C)c1ccc(C(=O)CC(SCC(=O)O)C(=O)O)c(C(C)C)c1,1,0.0
172,108,172,CCCCCCCCCCCCC1=CC=C(C=C1)C(=O)\C=C\C(O)=O.OC(=O)CS,CCCCCCCCCCCCc1ccc(C(=O)C(CC(=O)O)SCC(=O)O)cc1,Methanol,CCCCCCCCCCCCC1=CC=C(C=C1)C(=O)\C=C\C(O)=O.OC(=O)CS>>CCCCCCCCCCCCc1ccc(C(=O)C(CC(=O)O)SCC(=O)O)cc1,0,0.0
173,108,173,CCCCCCCCCCCCC1=CC=C(C=C1)C(=O)\C=C\C(O)=O.OC(=O)CS,CCCCCCCCCCCCc1ccc(C(=O)CC(SCC(=O)O)C(=O)O)cc1,Methanol,CCCCCCCCCCCCC1=CC=C(C=C1)C(=O)\C=C\C(O)=O.OC(=O)CS>>CCCCCCCCCCCCc1ccc(C(=O)CC(SCC(=O)O)C(=O)O)cc1,1,0.0
174,109,174,CCC1=CC(CC)=C(C(=O)\C=C\C(O)=O)C(CC)=C1.OC(=O)CS,CCc1cc(CC)c(C(=O)C(CC(=O)O)SCC(=O)O)c(CC)c1,Methanol,CCC1=CC(CC)=C(C(=O)\C=C\C(O)=O)C(CC)=C1.OC(=O)CS>>CCc1cc(CC)c(C(=O)C(CC(=O)O)SCC(=O)O)c(CC)c1,0,0.0
175,109,175,CCC1=CC(CC)=C(C(=O)\C=C\C(O)=O)C(CC)=C1.OC(=O)CS,CCc1cc(CC)c(C(=O)CC(SCC(=O)O)C(=O)O)c(CC)c1,Methanol,CCC1=CC(CC)=C(C(=O)\C=C\C(O)=O)C(CC)=C1.OC(=O)CS>>CCc1cc(CC)c(C(=O)CC(SCC(=O)O)C(=O)O)c(CC)c1,1,0.0
176,112,176,OC(=O)\C=C\C(=O)C1=CC=CC=C1N(=O)=O.CC(S)=O,CC(=O)SC(CC(=O)O)C(=O)c1ccccc1[N+](=O)[O-],CH2Cl2,OC(=O)\C=C\C(=O)C1=CC=CC=C1N(=O)=O.CC(S)=O>>CC(=O)SC(CC(=O)O)C(=O)c1ccccc1[N+](=O)[O-],0,0.0
177,112,177,OC(=O)\C=C\C(=O)C1=CC=CC=C1N(=O)=O.CC(S)=O,CC(=O)SC(CC(=O)c1ccccc1[N+](=O)[O-])C(=O)O,CH2Cl2,OC(=O)\C=C\C(=O)C1=CC=CC=C1N(=O)=O.CC(S)=O>>CC(=O)SC(CC(=O)c1ccccc1[N+](=O)[O-])C(=O)O,1,0.0
178,113,178,CCOC(=O)C=CC(=O)C1=CC=CO1.SC1=CC=CC=C1,CCOC(=O)C(CC(=O)c1ccco1)Sc1ccccc1,CH2Cl2,CCOC(=O)C=CC(=O)C1=CC=CO1.SC1=CC=CC=C1>>CCOC(=O)C(CC(=O)c1ccco1)Sc1ccccc1,1,0.0
179,113,179,CCOC(=O)C=CC(=O)C1=CC=CO1.SC1=CC=CC=C1,CCOC(=O)CC(Sc1ccccc1)C(=O)c1ccco1,CH2Cl2,CCOC(=O)C=CC(=O)C1=CC=CO1.SC1=CC=CC=C1>>CCOC(=O)CC(Sc1ccccc1)C(=O)c1ccco1,0,0.0
180,114,180,CC(C)(C)C1=CC=C(C(=C1)C(=O)\C=C\C(O)=O)C(C)(C)C.OC(=O)CS,CC(C)(C)c1ccc(C(C)(C)C)c(C(=O)C(CC(=O)O)SCC(=O)O)c1,Methanol,CC(C)(C)C1=CC=C(C(=C1)C(=O)\C=C\C(O)=O)C(C)(C)C.OC(=O)CS>>CC(C)(C)c1ccc(C(C)(C)C)c(C(=O)C(CC(=O)O)SCC(=O)O)c1,0,0.0
181,114,181,CC(C)(C)C1=CC=C(C(=C1)C(=O)\C=C\C(O)=O)C(C)(C)C.OC(=O)CS,CC(C)(C)c1ccc(C(C)(C)C)c(C(=O)CC(SCC(=O)O)C(=O)O)c1,Methanol,CC(C)(C)C1=CC=C(C(=C1)C(=O)\C=C\C(O)=O)C(C)(C)C.OC(=O)CS>>CC(C)(C)c1ccc(C(C)(C)C)c(C(=O)CC(SCC(=O)O)C(=O)O)c1,1,0.0
182,116,182,[H][C@@]12CC(=O)[C@]3(CC[C@]4(O)CC[C@@]5([H])C(=C)C(=O)O[C@]5([H])[C@@]5([H])C(=C)C(=O)C3=C45)[C@]1([H])[C@@]1([H])OC(=O)C(=C)[C@]1([H])CCC2=C.SC1=CC=C(C=C1)N(=O)=O,C=C1C(=O)OC2C1CCC(=C)C1CC(=O)C3(CCC4(O)CCC5C(CSc6ccc([N+](=O)[O-])cc6)C(=O)OC5C5C(=C)C(=O)C3=C54)C12,CHCl3,[H][C@@]12CC(=O)[C@]3(CC[C@]4(O)CC[C@@]5([H])C(=C)C(=O)O[C@]5([H])[C@@]5([H])C(=C)C(=O)C3=C45)[C@]1([H])[C@@]1([H])OC(=O)C(=C)[C@]1([H])CCC2=C.SC1=CC=C(C=C1)N(=O)=O>>C=C1C(=O)OC2C1CCC(=C)C1CC(=O)C3(CCC4(O)CCC5C(CSc6ccc([N+](=O)[O-])cc6)C(=O)OC5C5C(=C)C(=O)C3=C54)C12,0,0.0
183,116,183,[H][C@@]12CC(=O)[C@]3(CC[C@]4(O)CC[C@@]5([H])C(=C)C(=O)O[C@]5([H])[C@@]5([H])C(=C)C(=O)C3=C45)[C@]1([H])[C@@]1([H])OC(=O)C(=C)[C@]1([H])CCC2=C.SC1=CC=C(C=C1)N(=O)=O,C=C1C(=O)OC2C1CCC1(O)CCC3(C(=O)CC4C(=C)CCC5C(=C)C(=O)OC5C43)C3=C1C2C(CSc1ccc([N+](=O)[O-])cc1)C3=O,CHCl3,[H][C@@]12CC(=O)[C@]3(CC[C@]4(O)CC[C@@]5([H])C(=C)C(=O)O[C@]5([H])[C@@]5([H])C(=C)C(=O)C3=C45)[C@]1([H])[C@@]1([H])OC(=O)C(=C)[C@]1([H])CCC2=C.SC1=CC=C(C=C1)N(=O)=O>>C=C1C(=O)OC2C1CCC1(O)CCC3(C(=O)CC4C(=C)CCC5C(=C)C(=O)OC5C43)C3=C1C2C(CSc1ccc([N+](=O)[O-])cc1)C3=O,1,0.0
184,116,184,[H][C@@]12CC(=O)[C@]3(CC[C@]4(O)CC[C@@]5([H])C(=C)C(=O)O[C@]5([H])[C@@]5([H])C(=C)C(=O)C3=C45)[C@]1([H])[C@@]1([H])OC(=O)C(=C)[C@]1([H])CCC2=C.SC1=CC=C(C=C1)N(=O)=O,C=C1C(=O)OC2C1CCC(=C)C1CC(=O)C3(CCC4(O)CCC5C(=C)C(=O)OC5C5C(=C)C(=O)C3C54Sc3ccc([N+](=O)[O-])cc3)C12,CHCl3,[H][C@@]12CC(=O)[C@]3(CC[C@]4(O)CC[C@@]5([H])C(=C)C(=O)O[C@]5([H])[C@@]5([H])C(=C)C(=O)C3=C45)[C@]1([H])[C@@]1([H])OC(=O)C(=C)[C@]1([H])CCC2=C.SC1=CC=C(C=C1)N(=O)=O>>C=C1C(=O)OC2C1CCC(=C)C1CC(=O)C3(CCC4(O)CCC5C(=C)C(=O)OC5C5C(=C)C(=O)C3C54Sc3ccc([N+](=O)[O-])cc3)C12,0,0.0
185,116,185,[H][C@@]12CC(=O)[C@]3(CC[C@]4(O)CC[C@@]5([H])C(=C)C(=O)O[C@]5([H])[C@@]5([H])C(=C)C(=O)C3=C45)[C@]1([H])[C@@]1([H])OC(=O)C(=C)[C@]1([H])CCC2=C.SC1=CC=C(C=C1)N(=O)=O,C=C1C(=O)OC2C1CCC1(O)CCC3(C(=O)CC4C(=C)CCC5C(CSc6ccc([N+](=O)[O-])cc6)C(=O)OC5C43)C3=C1C2C(=C)C3=O,CHCl3,[H][C@@]12CC(=O)[C@]3(CC[C@]4(O)CC[C@@]5([H])C(=C)C(=O)O[C@]5([H])[C@@]5([H])C(=C)C(=O)C3=C45)[C@]1([H])[C@@]1([H])OC(=O)C(=C)[C@]1([H])CCC2=C.SC1=CC=C(C=C1)N(=O)=O>>C=C1C(=O)OC2C1CCC1(O)CCC3(C(=O)CC4C(=C)CCC5C(CSc6ccc([N+](=O)[O-])cc6)C(=O)OC5C43)C3=C1C2C(=C)C3=O,0,0.0
186,148,186,FC1=CC=C(C=C1)C(=O)\C=C\C(=O)NC1=CC=CC=C1.OCCS,O=C(CC(SCCO)C(=O)Nc1ccccc1)c1ccc(F)cc1,Methanol,FC1=CC=C(C=C1)C(=O)\C=C\C(=O)NC1=CC=CC=C1.OCCS>>O=C(CC(SCCO)C(=O)Nc1ccccc1)c1ccc(F)cc1,1,0.0
187,148,187,FC1=CC=C(C=C1)C(=O)\C=C\C(=O)NC1=CC=CC=C1.OCCS,O=C(CC(SCCO)C(=O)c1ccc(F)cc1)Nc1ccccc1,Methanol,FC1=CC=C(C=C1)C(=O)\C=C\C(=O)NC1=CC=CC=C1.OCCS>>O=C(CC(SCCO)C(=O)c1ccc(F)cc1)Nc1ccccc1,0,0.0
188,149,188,BrC1=CC=C(C=C1)C(=O)\C=C\C(=O)NC1=CC=CC=C1.OCCS,O=C(CC(SCCO)C(=O)c1ccc(Br)cc1)Nc1ccccc1,Methanol,BrC1=CC=C(C=C1)C(=O)\C=C\C(=O)NC1=CC=CC=C1.OCCS>>O=C(CC(SCCO)C(=O)c1ccc(Br)cc1)Nc1ccccc1,0,0.0
189,149,189,BrC1=CC=C(C=C1)C(=O)\C=C\C(=O)NC1=CC=CC=C1.OCCS,O=C(CC(SCCO)C(=O)Nc1ccccc1)c1ccc(Br)cc1,Methanol,BrC1=CC=C(C=C1)C(=O)\C=C\C(=O)NC1=CC=CC=C1.OCCS>>O=C(CC(SCCO)C(=O)Nc1ccccc1)c1ccc(Br)cc1,1,0.0
190,150,190,ClC1=C(Cl)C=C(C=C1)C(=O)\C=C\C(=O)NC1=CC=CC=C1.OCCS,O=C(CC(SCCO)C(=O)c1ccc(Cl)c(Cl)c1)Nc1ccccc1,Methanol,ClC1=C(Cl)C=C(C=C1)C(=O)\C=C\C(=O)NC1=CC=CC=C1.OCCS>>O=C(CC(SCCO)C(=O)c1ccc(Cl)c(Cl)c1)Nc1ccccc1,0,0.0
191,150,191,ClC1=C(Cl)C=C(C=C1)C(=O)\C=C\C(=O)NC1=CC=CC=C1.OCCS,O=C(CC(SCCO)C(=O)Nc1ccccc1)c1ccc(Cl)c(Cl)c1,Methanol,ClC1=C(Cl)C=C(C=C1)C(=O)\C=C\C(=O)NC1=CC=CC=C1.OCCS>>O=C(CC(SCCO)C(=O)Nc1ccccc1)c1ccc(Cl)c(Cl)c1,1,0.0
192,151,192,COC1=CC(OC)=CC(NC(=O)\C=C\C(=O)C2=CC3=C(CCCC3)C=C2)=C1.OCCS,COc1cc(NC(=O)CC(SCCO)C(=O)c2ccc3c(c2)CCCC3)cc(OC)c1,Methanol,COC1=CC(OC)=CC(NC(=O)\C=C\C(=O)C2=CC3=C(CCCC3)C=C2)=C1.OCCS>>COc1cc(NC(=O)CC(SCCO)C(=O)c2ccc3c(c2)CCCC3)cc(OC)c1,0,0.0
193,151,193,COC1=CC(OC)=CC(NC(=O)\C=C\C(=O)C2=CC3=C(CCCC3)C=C2)=C1.OCCS,COc1cc(NC(=O)C(CC(=O)c2ccc3c(c2)CCCC3)SCCO)cc(OC)c1,Methanol,COC1=CC(OC)=CC(NC(=O)\C=C\C(=O)C2=CC3=C(CCCC3)C=C2)=C1.OCCS>>COc1cc(NC(=O)C(CC(=O)c2ccc3c(c2)CCCC3)SCCO)cc(OC)c1,1,0.0
194,152,194,CC(C)C1=CC=C(NC(=O)\C=C\C(=O)C2=CC3=C(CCCC3)C=C2)C=C1.OCCS,CC(C)c1ccc(NC(=O)C(CC(=O)c2ccc3c(c2)CCCC3)SCCO)cc1,Methanol,CC(C)C1=CC=C(NC(=O)\C=C\C(=O)C2=CC3=C(CCCC3)C=C2)C=C1.OCCS>>CC(C)c1ccc(NC(=O)C(CC(=O)c2ccc3c(c2)CCCC3)SCCO)cc1,1,0.0
195,152,195,CC(C)C1=CC=C(NC(=O)\C=C\C(=O)C2=CC3=C(CCCC3)C=C2)C=C1.OCCS,CC(C)c1ccc(NC(=O)CC(SCCO)C(=O)c2ccc3c(c2)CCCC3)cc1,Methanol,CC(C)C1=CC=C(NC(=O)\C=C\C(=O)C2=CC3=C(CCCC3)C=C2)C=C1.OCCS>>CC(C)c1ccc(NC(=O)CC(SCCO)C(=O)c2ccc3c(c2)CCCC3)cc1,0,0.0
196,153,196,CC(C)C1=CC=C(C=C1)C(=O)\C=C\C(=O)NC1=CC=CC=C1.OCCS,CC(C)c1ccc(C(=O)CC(SCCO)C(=O)Nc2ccccc2)cc1,Methanol,CC(C)C1=CC=C(C=C1)C(=O)\C=C\C(=O)NC1=CC=CC=C1.OCCS>>CC(C)c1ccc(C(=O)CC(SCCO)C(=O)Nc2ccccc2)cc1,1,0.0
197,153,197,CC(C)C1=CC=C(C=C1)C(=O)\C=C\C(=O)NC1=CC=CC=C1.OCCS,CC(C)c1ccc(C(=O)C(CC(=O)Nc2ccccc2)SCCO)cc1,Methanol,CC(C)C1=CC=C(C=C1)C(=O)\C=C\C(=O)NC1=CC=CC=C1.OCCS>>CC(C)c1ccc(C(=O)C(CC(=O)Nc2ccccc2)SCCO)cc1,0,0.0
198,154,198,CC(C)(C)C1=CC=C(C=C1)C(=O)\C=C\C(=O)NC1=CC=CC=C1.OCCS,CC(C)(C)c1ccc(C(=O)CC(SCCO)C(=O)Nc2ccccc2)cc1,Methanol,CC(C)(C)C1=CC=C(C=C1)C(=O)\C=C\C(=O)NC1=CC=CC=C1.OCCS>>CC(C)(C)c1ccc(C(=O)CC(SCCO)C(=O)Nc2ccccc2)cc1,1,0.0
199,154,199,CC(C)(C)C1=CC=C(C=C1)C(=O)\C=C\C(=O)NC1=CC=CC=C1.OCCS,CC(C)(C)c1ccc(C(=O)C(CC(=O)Nc2ccccc2)SCCO)cc1,Methanol,CC(C)(C)C1=CC=C(C=C1)C(=O)\C=C\C(=O)NC1=CC=CC=C1.OCCS>>CC(C)(C)c1ccc(C(=O)C(CC(=O)Nc2ccccc2)SCCO)cc1,0,0.0
200,155,200,CC1=CC=C(C=C1C)C(=O)\C=C\C(=O)NC1=CC=CC=C1.OCCS,Cc1ccc(C(=O)CC(SCCO)C(=O)Nc2ccccc2)cc1C,Methanol,CC1=CC=C(C=C1C)C(=O)\C=C\C(=O)NC1=CC=CC=C1.OCCS>>Cc1ccc(C(=O)CC(SCCO)C(=O)Nc2ccccc2)cc1C,1,0.0
201,155,201,CC1=CC=C(C=C1C)C(=O)\C=C\C(=O)NC1=CC=CC=C1.OCCS,Cc1ccc(C(=O)C(CC(=O)Nc2ccccc2)SCCO)cc1C,Methanol,CC1=CC=C(C=C1C)C(=O)\C=C\C(=O)NC1=CC=CC=C1.OCCS>>Cc1ccc(C(=O)C(CC(=O)Nc2ccccc2)SCCO)cc1C,0,0.0
202,156,202,CC1=CC=C(C)C(=C1)C(=O)\C=C\C(=O)NC1=CC=CC=C1.OCCS,Cc1ccc(C)c(C(=O)CC(SCCO)C(=O)Nc2ccccc2)c1,Methanol,CC1=CC=C(C)C(=C1)C(=O)\C=C\C(=O)NC1=CC=CC=C1.OCCS>>Cc1ccc(C)c(C(=O)CC(SCCO)C(=O)Nc2ccccc2)c1,1,0.0
203,156,203,CC1=CC=C(C)C(=C1)C(=O)\C=C\C(=O)NC1=CC=CC=C1.OCCS,Cc1ccc(C)c(C(=O)C(CC(=O)Nc2ccccc2)SCCO)c1,Methanol,CC1=CC=C(C)C(=C1)C(=O)\C=C\C(=O)NC1=CC=CC=C1.OCCS>>Cc1ccc(C)c(C(=O)C(CC(=O)Nc2ccccc2)SCCO)c1,0,0.0
204,157,204,CC(C)C1=CC=C(C(=O)\C=C\C(=O)NC2=CC=CC=C2)C(=C1)C(C)C.OCCS,CC(C)c1ccc(C(=O)C(CC(=O)Nc2ccccc2)SCCO)c(C(C)C)c1,Methanol,CC(C)C1=CC=C(C(=O)\C=C\C(=O)NC2=CC=CC=C2)C(=C1)C(C)C.OCCS>>CC(C)c1ccc(C(=O)C(CC(=O)Nc2ccccc2)SCCO)c(C(C)C)c1,0,0.0
205,157,205,CC(C)C1=CC=C(C(=O)\C=C\C(=O)NC2=CC=CC=C2)C(=C1)C(C)C.OCCS,CC(C)c1ccc(C(=O)CC(SCCO)C(=O)Nc2ccccc2)c(C(C)C)c1,Methanol,CC(C)C1=CC=C(C(=O)\C=C\C(=O)NC2=CC=CC=C2)C(=C1)C(C)C.OCCS>>CC(C)c1ccc(C(=O)CC(SCCO)C(=O)Nc2ccccc2)c(C(C)C)c1,1,0.0
206,158,206,O=C(NC1=CC=CC=C1)\C=C\C(=O)C1=CC2=C(CCCC2)C=C1.OCCS,O=C(CC(SCCO)C(=O)Nc1ccccc1)c1ccc2c(c1)CCCC2,Methanol,O=C(NC1=CC=CC=C1)\C=C\C(=O)C1=CC2=C(CCCC2)C=C1.OCCS>>O=C(CC(SCCO)C(=O)Nc1ccccc1)c1ccc2c(c1)CCCC2,1,0.0
207,158,207,O=C(NC1=CC=CC=C1)\C=C\C(=O)C1=CC2=C(CCCC2)C=C1.OCCS,O=C(CC(SCCO)C(=O)c1ccc2c(c1)CCCC2)Nc1ccccc1,Methanol,O=C(NC1=CC=CC=C1)\C=C\C(=O)C1=CC2=C(CCCC2)C=C1.OCCS>>O=C(CC(SCCO)C(=O)c1ccc2c(c1)CCCC2)Nc1ccccc1,0,0.0
208,159,208,COC1=CC=C(C=C1)C(=O)\C=C\C(=O)NC1=CC=CC=C1.OCCS,COc1ccc(C(=O)C(CC(=O)Nc2ccccc2)SCCO)cc1,Methanol,COC1=CC=C(C=C1)C(=O)\C=C\C(=O)NC1=CC=CC=C1.OCCS>>COc1ccc(C(=O)C(CC(=O)Nc2ccccc2)SCCO)cc1,0,0.0
209,159,209,COC1=CC=C(C=C1)C(=O)\C=C\C(=O)NC1=CC=CC=C1.OCCS,COc1ccc(C(=O)CC(SCCO)C(=O)Nc2ccccc2)cc1,Methanol,COC1=CC=C(C=C1)C(=O)\C=C\C(=O)NC1=CC=CC=C1.OCCS>>COc1ccc(C(=O)CC(SCCO)C(=O)Nc2ccccc2)cc1,1,0.0
210,160,210,CCCCC1=CC=C(C=C1)C(=O)\C=C\C(=O)NC1=CC=CC=C1.OCCS,CCCCc1ccc(C(=O)CC(SCCO)C(=O)Nc2ccccc2)cc1,Methanol,CCCCC1=CC=C(C=C1)C(=O)\C=C\C(=O)NC1=CC=CC=C1.OCCS>>CCCCc1ccc(C(=O)CC(SCCO)C(=O)Nc2ccccc2)cc1,1,0.0
211,160,211,CCCCC1=CC=C(C=C1)C(=O)\C=C\C(=O)NC1=CC=CC=C1.OCCS,CCCCc1ccc(C(=O)C(CC(=O)Nc2ccccc2)SCCO)cc1,Methanol,CCCCC1=CC=C(C=C1)C(=O)\C=C\C(=O)NC1=CC=CC=C1.OCCS>>CCCCc1ccc(C(=O)C(CC(=O)Nc2ccccc2)SCCO)cc1,0,0.0
