,Unnamed: 0.4,Unnamed: 0.3,Unnamed: 0.2,Unnamed: 0.1,Unnamed: 0,reaction_idx,uid,substrates,products,xtb_solvent,orca_solvent,reaction_smiles,label,simulation_idx,barrier,xtb_labels,orca_labels,xtb_ensemble_labels,dft_ensemble_labels
0,0,0,0,2,2,8,2,C=CC=COC(C)=O.C=CC=O,CC(=O)OC1C=CCC(C=O)C1,Water,water,C=CC=COC(C)=O.C=CC=O>>CC(=O)OC1C=CCC(C=O)C1,0,0.0,0.06157555613401655,1,1.0,0.0,0.0
1,1,1,1,3,3,8,3,C=CC=COC(C)=O.C=CC=O,CC(=O)OC1C=CCCC1C=O,Water,water,C=CC=COC(C)=O.C=CC=O>>CC(=O)OC1C=CCCC1C=O,1,0.0,0.026066619443099626,0,0.0,1.0,1.0
2,2,2,2,4,4,18,4,COC1=C(OC)C(=O)C(C)=CC1=O.C1=CCC=C1,COC1=C(OC)C(=O)C2(C)C3C=CC(C3)C2C1=O,Methanol,methanol,COC1=C(OC)C(=O)C(C)=CC1=O.C1=CCC=C1>>COC1=C(OC)C(=O)C2(C)C3C=CC(C3)C2C1=O,1,0.0,0.0279438172240134,0,1.0,1.0,1.0
3,3,3,3,5,5,18,5,COC1=C(OC)C(=O)C(C)=CC1=O.C1=CCC=C1,COC12C(=O)C=C(C)C(=O)C1(OC)C1C=CC2C1,Methanol,methanol,COC1=C(OC)C(=O)C(C)=CC1=O.C1=CCC=C1>>COC12C(=O)C=C(C)C(=O)C1(OC)C1C=CC2C1,0,0.0,0.0395222340799819,1,0.0,0.0,0.0
4,4,4,4,6,6,33,6,C=C(C)C=O.C=CC(=C)C,CC1=CCCC(C)(C=O)C1,CHCl3,chloroform,C=C(C)C=O.C=CC(=C)C>>CC1=CCCC(C)(C=O)C1,0,0.0,0.02705099249800469,1,1.0,0.0,0.0
5,5,5,5,7,7,33,7,C=C(C)C=O.C=CC(=C)C,CC1=CCC(C)(C=O)CC1,CHCl3,chloroform,C=C(C)C=O.C=CC(=C)C>>CC1=CCC(C)(C=O)CC1,1,0.0,0.02389987331400789,0,0.0,1.0,1.0
6,6,6,6,8,8,38,8,CC1=CC(C)CCC1=O.C=CC(=C)C,CC1=CCC2C(C)CCC(=O)C2(C)C1,Toluene,toluene,CC1=CC(C)CCC1=O.C=CC(=C)C>>CC1=CCC2C(C)CCC(=O)C2(C)C1,0,0.0,0.04479367244096011,1,1.0,0.0,0.0
7,7,7,7,9,9,38,9,CC1=CC(C)CCC1=O.C=CC(=C)C,CC1=CCC2(C)C(=O)CCC(C)C2C1,Toluene,toluene,CC1=CC(C)CCC1=O.C=CC(=C)C>>CC1=CCC2(C)C(=O)CCC(C)C2C1,1,0.0,0.041601891909976985,0,0.0,1.0,1.0
8,8,8,8,10,10,39,10,CC=C(C)C=O.C=CC=CCC(=O)OCC,CCOC(=O)CC1C=CCC(C)(C=O)C1C,CH2Cl2,dichloromethane,CC=C(C)C=O.C=CC=CCC(=O)OCC>>CCOC(=O)CC1C=CCC(C)(C=O)C1C,0,0.0,,1,0.0,0.0,
9,9,9,9,11,11,39,11,CC=C(C)C=O.C=CC=CCC(=O)OCC,CCOC(=O)CC1C=CCC(C)C1(C)C=O,CH2Cl2,dichloromethane,CC=C(C)C=O.C=CC=CCC(=O)OCC>>CCOC(=O)CC1C=CCC(C)C1(C)C=O,1,0.0,,0,1.0,1.0,
10,10,10,10,12,12,46,12,O=C(C=Cc1ccccc1)c1ccccc1.C=CC(=C)C,CC1=CCC(c2ccccc2)C(C(=O)c2ccccc2)C1,Toluene,toluene,O=C(C=Cc1ccccc1)c1ccccc1.C=CC(=C)C>>CC1=CCC(c2ccccc2)C(C(=O)c2ccccc2)C1,0,0.0,0.04527619605403288,1,1.0,1.0,1.0
11,11,11,11,13,13,46,13,O=C(C=Cc1ccccc1)c1ccccc1.C=CC(=C)C,CC1=CCC(C(=O)c2ccccc2)C(c2ccccc2)C1,Toluene,toluene,O=C(C=Cc1ccccc1)c1ccccc1.C=CC(=C)C>>CC1=CCC(C(=O)c2ccccc2)C(c2ccccc2)C1,1,0.0,0.05691672525506419,0,0.0,0.0,0.0
12,12,12,12,14,14,47,14,CC1=CCC(C)C(C)C1=O.C=CC(=C)C,CC1=CCC2(C)C(=O)C(C)C(C)CC2C1,Toluene,toluene,CC1=CCC(C)C(C)C1=O.C=CC(=C)C>>CC1=CCC2(C)C(=O)C(C)C(C)CC2C1,1,0.0,0.0440007848019377,0,0.0,0.0,0.0
13,13,13,13,15,15,47,15,CC1=CCC(C)C(C)C1=O.C=CC(=C)C,CC1=CCC2CC(C)C(C)C(=O)C2(C)C1,Toluene,toluene,CC1=CCC(C)C(C)C1=O.C=CC(=C)C>>CC1=CCC2CC(C)C(C)C(=O)C2(C)C1,0,0.0,0.04311047532996781,1,1.0,1.0,1.0
14,14,14,14,16,16,58,16,C=CC(=C)CC(C)C.CC=CC=O,CC(C)CC1=CCC(C=O)C(C)C1,CH2Cl2,dichloromethane,C=CC(=C)CC(C)C.CC=CC=O>>CC(C)CC1=CCC(C=O)C(C)C1,1,0.0,,0,0.0,1.0,
15,15,15,15,17,17,58,17,C=CC(=C)CC(C)C.CC=CC=O,CC(C)CC1=CCC(C)C(C=O)C1,CH2Cl2,dichloromethane,C=CC(=C)CC(C)C.CC=CC=O>>CC(C)CC1=CCC(C)C(C=O)C1,0,0.0,,1,1.0,0.0,
16,16,16,16,18,18,63,18,C=CC(C)=O.C=CC(=C)C,CC(=O)C1CC=C(C)CC1,CH2Cl2,dichloromethane,C=CC(C)=O.C=CC(=C)C>>CC(=O)C1CC=C(C)CC1,1,0.0,,1,1.0,1.0,
17,17,17,17,19,19,63,19,C=CC(C)=O.C=CC(=C)C,CC(=O)C1CCC=C(C)C1,CH2Cl2,dichloromethane,C=CC(C)=O.C=CC(=C)C>>CC(=O)C1CCC=C(C)C1,0,0.0,,0,0.0,0.0,
18,18,18,18,20,20,76,20,C1=CCC=C1.CC(C)=CCC1=CC(=O)C=CC1=O,CC(C)=CCC1=CC(=O)C2C3C=CC(C3)C2C1=O,Methanol,methanol,C1=CCC=C1.CC(C)=CCC1=CC(=O)C=CC1=O>>CC(C)=CCC1=CC(=O)C2C3C=CC(C3)C2C1=O,1,0.0,0.014397136714023873,1,1.0,1.0,1.0
19,19,19,19,22,22,76,22,C1=CCC=C1.CC(C)=CCC1=CC(=O)C=CC1=O,CC(C)=CCC12C(=O)C=CC(=O)C1C1C=CC2C1,Methanol,methanol,C1=CCC=C1.CC(C)=CCC1=CC(=O)C=CC1=O>>CC(C)=CCC12C(=O)C=CC(=O)C1C1C=CC2C1,0,0.0,0.023979241393021766,0,0.0,0.0,0.0
20,20,20,20,23,23,92,23,CC=Cc1ccc(OC)cc1.C=CC(=C)C,COc1ccc(C2CC=C(C)CC2C)cc1,CH2Cl2,dichloromethane,CC=Cc1ccc(OC)cc1.C=CC(=C)C>>COc1ccc(C2CC=C(C)CC2C)cc1,1,0.0,,0,0.0,0.0,
21,21,21,21,24,24,92,24,CC=Cc1ccc(OC)cc1.C=CC(=C)C,COc1ccc(C2CC(C)=CCC2C)cc1,CH2Cl2,dichloromethane,CC=Cc1ccc(OC)cc1.C=CC(=C)C>>COc1ccc(C2CC(C)=CCC2C)cc1,0,0.0,,1,1.0,1.0,
22,22,22,22,25,25,123,25,O=C(C=Cc1ccccc1)c1ccccc1O.C=CC(=C)C,CC1=CCC(c2ccccc2)C(C(=O)c2ccccc2O)C1,CH2Cl2,dichloromethane,O=C(C=Cc1ccccc1)c1ccccc1O.C=CC(=C)C>>CC1=CCC(c2ccccc2)C(C(=O)c2ccccc2O)C1,0,0.0,,1,1.0,0.0,
23,23,23,23,26,26,123,26,O=C(C=Cc1ccccc1)c1ccccc1O.C=CC(=C)C,CC1=CCC(C(=O)c2ccccc2O)C(c2ccccc2)C1,CH2Cl2,dichloromethane,O=C(C=Cc1ccccc1)c1ccccc1O.C=CC(=C)C>>CC1=CCC(C(=O)c2ccccc2O)C(c2ccccc2)C1,1,0.0,,0,0.0,1.0,
24,24,24,24,27,27,172,27,C=CC1=CCCc2cc(OC)ccc21.CCC(C=O)=CC(=O)OC,CCC1(C=O)CC=C2c3ccc(OC)cc3CCC2C1C(=O)OC,CH2Cl2,dichloromethane,C=CC1=CCCc2cc(OC)ccc21.CCC(C=O)=CC(=O)OC>>CCC1(C=O)CC=C2c3ccc(OC)cc3CCC2C1C(=O)OC,1,0.0,,1,1.0,1.0,
25,25,25,25,28,28,172,28,C=CC1=CCCc2cc(OC)ccc21.CCC(C=O)=CC(=O)OC,CCC1(C=O)C(C(=O)OC)CC=C2c3ccc(OC)cc3CCC21,CH2Cl2,dichloromethane,C=CC1=CCCc2cc(OC)ccc21.CCC(C=O)=CC(=O)OC>>CCC1(C=O)C(C(=O)OC)CC=C2c3ccc(OC)cc3CCC21,0,0.0,,0,0.0,0.0,
26,26,26,26,31,31,192,31,CCOC(=O)C=CC=O.C=CC(=C)C,CCOC(=O)C1CC=C(C)CC1C=O,Water,water,CCOC(=O)C=CC=O.C=CC(=C)C>>CCOC(=O)C1CC=C(C)CC1C=O,0,0.0,0.021446853337010907,0,0.0,0.0,0.0
27,27,27,27,32,32,192,32,CCOC(=O)C=CC=O.C=CC(=C)C,CCOC(=O)C1CC(C)=CCC1C=O,Water,water,CCOC(=O)C=CC=O.C=CC(=C)C>>CCOC(=O)C1CC(C)=CCC1C=O,1,0.0,0.011542599531935593,1,1.0,1.0,1.0
28,28,28,28,33,33,215,33,C=C(C)C=C(C)C.C=C(C)C=O,CC1=CC(C)(C)C(C)(C=O)CC1,CH2Cl2,dichloromethane,C=C(C)C=C(C)C.C=C(C)C=O>>CC1=CC(C)(C)C(C)(C=O)CC1,1,0.0,,1,1.0,1.0,
29,29,29,29,34,34,215,34,C=C(C)C=C(C)C.C=C(C)C=O,CC1=CC(C)(C)CC(C)(C=O)C1,CH2Cl2,dichloromethane,C=C(C)C=C(C)C.C=C(C)C=O>>CC1=CC(C)(C)CC(C)(C=O)C1,0,0.0,,0,0.0,0.0,
30,30,30,30,35,35,254,35,C=CC1=CCCc2cc(OC)ccc21.C=C(F)C(=O)CCCC,CCCCC(=O)C1(F)CCC=C2c3ccc(OC)cc3CCC21,CH2Cl2,dichloromethane,C=CC1=CCCc2cc(OC)ccc21.C=C(F)C(=O)CCCC>>CCCCC(=O)C1(F)CCC=C2c3ccc(OC)cc3CCC21,0,0.0,,1,1.0,0.0,
31,31,31,31,36,36,254,36,C=CC1=CCCc2cc(OC)ccc21.C=C(F)C(=O)CCCC,CCCCC(=O)C1(F)CC=C2c3ccc(OC)cc3CCC2C1,CH2Cl2,dichloromethane,C=CC1=CCCc2cc(OC)ccc21.C=C(F)C(=O)CCCC>>CCCCC(=O)C1(F)CC=C2c3ccc(OC)cc3CCC2C1,1,0.0,,0,0.0,1.0,
32,32,32,32,37,37,256,37,C=C(F)C(=O)CCCC.C1=CC(CCc2ccccc2)=CC1,CCCCC(=O)C1(F)CC2CC1C=C2CCc1ccccc1,CH2Cl2,dichloromethane,C=C(F)C(=O)CCCC.C1=CC(CCc2ccccc2)=CC1>>CCCCC(=O)C1(F)CC2CC1C=C2CCc1ccccc1,1,0.0,,1,1.0,0.0,
33,33,33,33,38,38,256,38,C=C(F)C(=O)CCCC.C1=CC(CCc2ccccc2)=CC1,CCCCC(=O)C1(F)CC2C=C(CCc3ccccc3)C1C2,CH2Cl2,dichloromethane,C=C(F)C(=O)CCCC.C1=CC(CCc2ccccc2)=CC1>>CCCCC(=O)C1(F)CC2C=C(CCc3ccccc3)C1C2,0,0.0,,0,0.0,1.0,
34,34,34,34,39,39,257,39,C=C(F)C(=O)CCCC.Brc1ccc(CC2=CCC=C2)cc1,CCCCC(=O)C1(F)CC2CC1C=C2Cc1ccc(Br)cc1,CH2Cl2,dichloromethane,C=C(F)C(=O)CCCC.Brc1ccc(CC2=CCC=C2)cc1>>CCCCC(=O)C1(F)CC2CC1C=C2Cc1ccc(Br)cc1,1,0.0,,1,,1.0,
35,35,35,35,40,40,257,40,C=C(F)C(=O)CCCC.Brc1ccc(CC2=CCC=C2)cc1,CCCCC(=O)C1(F)CC2C=C(Cc3ccc(Br)cc3)C1C2,CH2Cl2,dichloromethane,C=C(F)C(=O)CCCC.Brc1ccc(CC2=CCC=C2)cc1>>CCCCC(=O)C1(F)CC2C=C(Cc3ccc(Br)cc3)C1C2,0,0.0,,0,,0.0,
36,36,36,36,41,41,276,41,C=CC(=C)C[Si](C)(C)C.C=CC(C)=O,CC(=O)C1CC=C(C[Si](C)(C)C)CC1,Benzene,benzene,C=CC(=C)C[Si](C)(C)C.C=CC(C)=O>>CC(=O)C1CC=C(C[Si](C)(C)C)CC1,1,0.0,0.021562730629057114,1,1.0,1.0,1.0
37,37,37,37,42,42,276,42,C=CC(=C)C[Si](C)(C)C.C=CC(C)=O,CC(=O)C1CCC=C(C[Si](C)(C)C)C1,Benzene,benzene,C=CC(=C)C[Si](C)(C)C.C=CC(C)=O>>CC(=O)C1CCC=C(C[Si](C)(C)C)C1,0,0.0,0.026195970472940644,0,0.0,0.0,0.0
38,38,38,38,43,43,282,43,N#CC1=CCCCC1=O.C=CC(=C)C,CC1=CCC2(C#N)C(=O)CCCC2C1,Ether,diethyl ether,N#CC1=CCCCC1=O.C=CC(=C)C>>CC1=CCC2(C#N)C(=O)CCCC2C1,1,0.0,,1,,1.0,
39,39,39,39,44,44,282,44,N#CC1=CCCCC1=O.C=CC(=C)C,CC1=CCC2CCCC(=O)C2(C#N)C1,Ether,diethyl ether,N#CC1=CCCCC1=O.C=CC(=C)C>>CC1=CCC2CCCC(=O)C2(C#N)C1,0,0.0,,0,,0.0,
40,40,40,40,45,45,306,45,C=CC1=CCCc2cc(OC)ccc21.O=C1CCC=C1Br,COc1ccc2c(c1)CCC1C2=CCC2(Br)C(=O)CCC12,CH2Cl2,dichloromethane,C=CC1=CCCc2cc(OC)ccc21.O=C1CCC=C1Br>>COc1ccc2c(c1)CCC1C2=CCC2(Br)C(=O)CCC12,1,0.0,,0,,0.0,
41,41,41,41,46,46,306,46,C=CC1=CCCc2cc(OC)ccc21.O=C1CCC=C1Br,COc1ccc2c(c1)CCC1C2=CCC2CCC(=O)C21Br,CH2Cl2,dichloromethane,C=CC1=CCCc2cc(OC)ccc21.O=C1CCC=C1Br>>COc1ccc2c(c1)CCC1C2=CCC2CCC(=O)C21Br,0,0.0,,1,,1.0,
42,42,42,42,47,47,307,47,C=CC1=CCCc2cc(OC)ccc21.O=C1CCC=C1Cl,COc1ccc2c(c1)CCC1C2=CCC2(Cl)C(=O)CCC12,CH2Cl2,dichloromethane,C=CC1=CCCc2cc(OC)ccc21.O=C1CCC=C1Cl>>COc1ccc2c(c1)CCC1C2=CCC2(Cl)C(=O)CCC12,1,0.0,,0,0.0,1.0,
43,43,43,43,48,48,307,48,C=CC1=CCCc2cc(OC)ccc21.O=C1CCC=C1Cl,COc1ccc2c(c1)CCC1C2=CCC2CCC(=O)C21Cl,CH2Cl2,dichloromethane,C=CC1=CCCc2cc(OC)ccc21.O=C1CCC=C1Cl>>COc1ccc2c(c1)CCC1C2=CCC2CCC(=O)C21Cl,0,0.0,,1,1.0,0.0,
44,44,44,44,57,57,340,57,C=C(C)C=C(C)C.O=C(C=Cc1ccccc1)c1ccccc1O,CC1=CC(C)(C)C(C(=O)c2ccccc2O)C(c2ccccc2)C1,CH2Cl2,dichloromethane,C=C(C)C=C(C)C.O=C(C=Cc1ccccc1)c1ccccc1O>>CC1=CC(C)(C)C(C(=O)c2ccccc2O)C(c2ccccc2)C1,1,0.0,,0,1.0,1.0,
45,45,45,45,58,58,340,58,C=C(C)C=C(C)C.O=C(C=Cc1ccccc1)c1ccccc1O,CC1=CC(C)(C)C(c2ccccc2)C(C(=O)c2ccccc2O)C1,CH2Cl2,dichloromethane,C=C(C)C=C(C)C.O=C(C=Cc1ccccc1)c1ccccc1O>>CC1=CC(C)(C)C(c2ccccc2)C(C(=O)c2ccccc2O)C1,0,0.0,,1,0.0,0.0,
46,46,46,46,59,59,355,59,C=CC1=CCCc2cc(OC)ccc21.O=C1CCCC=C1Br,COc1ccc2c(c1)CCC1C2=CCC2CCCC(=O)C21Br,CH2Cl2,dichloromethane,C=CC1=CCCc2cc(OC)ccc21.O=C1CCCC=C1Br>>COc1ccc2c(c1)CCC1C2=CCC2CCCC(=O)C21Br,0,0.0,,1,,1.0,
47,47,47,47,60,60,355,60,C=CC1=CCCc2cc(OC)ccc21.O=C1CCCC=C1Br,COc1ccc2c(c1)CCC1C2=CCC2(Br)C(=O)CCCC12,CH2Cl2,dichloromethane,C=CC1=CCCc2cc(OC)ccc21.O=C1CCCC=C1Br>>COc1ccc2c(c1)CCC1C2=CCC2(Br)C(=O)CCCC12,1,0.0,,0,,0.0,
48,48,48,48,61,61,356,61,C=C(F)C(=O)CCCC.C=C(Br)CC1=CCC=C1,C=C(Br)CC1=CC2CC1CC2(F)C(=O)CCCC,CH2Cl2,dichloromethane,C=C(F)C(=O)CCCC.C=C(Br)CC1=CCC=C1>>C=C(Br)CC1=CC2CC1CC2(F)C(=O)CCCC,1,0.0,,1,,1.0,
49,49,49,49,62,62,356,62,C=C(F)C(=O)CCCC.C=C(Br)CC1=CCC=C1,C=C(Br)CC1=CC2CC1C(F)(C(=O)CCCC)C2,CH2Cl2,dichloromethane,C=C(F)C(=O)CCCC.C=C(Br)CC1=CCC=C1>>C=C(Br)CC1=CC2CC1C(F)(C(=O)CCCC)C2,0,0.0,,0,,0.0,
50,50,50,50,63,63,371,63,C=CC(C)=O.COC1(OC)C=C(Br)C(C)=CC1=O,COC1(OC)C(=O)C2C(C)=C(Br)C1CC2C(C)=O,Methanol,methanol,C=CC(C)=O.COC1(OC)C=C(Br)C(C)=CC1=O>>COC1(OC)C(=O)C2C(C)=C(Br)C1CC2C(C)=O,1,0.0,,1,,1.0,
51,51,51,51,64,64,371,64,C=CC(C)=O.COC1(OC)C=C(Br)C(C)=CC1=O,COC1(OC)C(=O)C2CC(C(C)=O)C1C(Br)=C2C,Methanol,methanol,C=CC(C)=O.COC1(OC)C=C(Br)C(C)=CC1=O>>COC1(OC)C(=O)C2CC(C(C)=O)C1C(Br)=C2C,0,0.0,,0,,0.0,
52,52,52,52,65,65,381,65,C=CC=COC.CC1=CC2(C=CC1=O)OCC(C)(C)CO2,COC1C=CCC2C1C(=O)C(C)=CC21OCC(C)(C)CO1,CH2Cl2,dichloromethane,C=CC=COC.CC1=CC2(C=CC1=O)OCC(C)(C)CO2>>COC1C=CCC2C1C(=O)C(C)=CC21OCC(C)(C)CO1,1,0.0,,1,1.0,1.0,
53,53,53,53,66,66,381,66,C=CC=COC.CC1=CC2(C=CC1=O)OCC(C)(C)CO2,COC1C=CCC2C(=O)C(C)=CC3(OCC(C)(C)CO3)C12,CH2Cl2,dichloromethane,C=CC=COC.CC1=CC2(C=CC1=O)OCC(C)(C)CO2>>COC1C=CCC2C(=O)C(C)=CC3(OCC(C)(C)CO3)C12,0,0.0,,0,0.0,0.0,
54,54,54,54,67,67,381,67,C=CC=COC.CC1=CC2(C=CC1=O)OCC(C)(C)CO2,COC1C=CCC2(C)C(=O)C=CC3(OCC(C)(C)CO3)C12,CH2Cl2,dichloromethane,C=CC=COC.CC1=CC2(C=CC1=O)OCC(C)(C)CO2>>COC1C=CCC2(C)C(=O)C=CC3(OCC(C)(C)CO3)C12,0,0.0,,0,0.0,0.0,
55,55,55,55,68,68,381,68,C=CC=COC.CC1=CC2(C=CC1=O)OCC(C)(C)CO2,COC1C=CCC2C3(C=CC(=O)C12C)OCC(C)(C)CO3,CH2Cl2,dichloromethane,C=CC=COC.CC1=CC2(C=CC1=O)OCC(C)(C)CO2>>COC1C=CCC2C3(C=CC(=O)C12C)OCC(C)(C)CO3,0,0.0,,0,0.0,0.0,
56,56,56,56,71,71,382,71,C=CC=CC.CC1=CC(=O)C=CC12OCCO2,CC1C=CCC2(C)C1C(=O)C=CC21OCCO1,CH2Cl2,dichloromethane,C=CC=CC.CC1=CC(=O)C=CC12OCCO2>>CC1C=CCC2(C)C1C(=O)C=CC21OCCO1,0,0.0,,1,1.0,1.0,
57,57,57,57,72,72,382,72,C=CC=CC.CC1=CC(=O)C=CC12OCCO2,CC1C=CCC2C(=O)C=CC3(OCCO3)C12C,CH2Cl2,dichloromethane,C=CC=CC.CC1=CC(=O)C=CC12OCCO2>>CC1C=CCC2C(=O)C=CC3(OCCO3)C12C,0,0.0,,0,0.0,0.0,
58,58,58,58,73,73,383,73,C=CC=CC.CC1=CC2(C=CC1=O)OCCO2,CC1=CC2(OCCO2)C2CC=CC(C)C2C1=O,CH2Cl2,dichloromethane,C=CC=CC.CC1=CC2(C=CC1=O)OCCO2>>CC1=CC2(OCCO2)C2CC=CC(C)C2C1=O,1,0.0,,0,0.0,0.0,
59,59,59,59,74,74,383,74,C=CC=CC.CC1=CC2(C=CC1=O)OCCO2,CC1C=CCC2(C)C(=O)C=CC3(OCCO3)C12,CH2Cl2,dichloromethane,C=CC=CC.CC1=CC2(C=CC1=O)OCCO2>>CC1C=CCC2(C)C(=O)C=CC3(OCCO3)C12,0,0.0,,0,0.0,0.0,
60,60,60,60,75,75,383,75,C=CC=CC.CC1=CC2(C=CC1=O)OCCO2,CC1C=CCC2C3(C=CC(=O)C12C)OCCO3,CH2Cl2,dichloromethane,C=CC=CC.CC1=CC2(C=CC1=O)OCCO2>>CC1C=CCC2C3(C=CC(=O)C12C)OCCO3,0,0.0,,1,1.0,1.0,
61,61,61,61,76,76,383,76,C=CC=CC.CC1=CC2(C=CC1=O)OCCO2,CC1=CC2(OCCO2)C2C(C)C=CCC2C1=O,CH2Cl2,dichloromethane,C=CC=CC.CC1=CC2(C=CC1=O)OCCO2>>CC1=CC2(OCCO2)C2C(C)C=CCC2C1=O,0,0.0,,0,0.0,0.0,
62,62,62,62,77,77,384,77,C=CC=CC.CC1=CC2(C=CC1=O)OCC(C)(C)CO2,CC1C=CCC2C3(C=CC(=O)C12C)OCC(C)(C)CO3,CH2Cl2,dichloromethane,C=CC=CC.CC1=CC2(C=CC1=O)OCC(C)(C)CO2>>CC1C=CCC2C3(C=CC(=O)C12C)OCC(C)(C)CO3,0,0.0,,0,1.0,0.0,
63,63,63,63,78,78,384,78,C=CC=CC.CC1=CC2(C=CC1=O)OCC(C)(C)CO2,CC1=CC2(OCC(C)(C)CO2)C2CC=CC(C)C2C1=O,CH2Cl2,dichloromethane,C=CC=CC.CC1=CC2(C=CC1=O)OCC(C)(C)CO2>>CC1=CC2(OCC(C)(C)CO2)C2CC=CC(C)C2C1=O,1,0.0,,0,0.0,1.0,
64,64,64,64,79,79,384,79,C=CC=CC.CC1=CC2(C=CC1=O)OCC(C)(C)CO2,CC1C=CCC2(C)C(=O)C=CC3(OCC(C)(C)CO3)C12,CH2Cl2,dichloromethane,C=CC=CC.CC1=CC2(C=CC1=O)OCC(C)(C)CO2>>CC1C=CCC2(C)C(=O)C=CC3(OCC(C)(C)CO3)C12,0,0.0,,0,0.0,0.0,
65,65,65,65,80,80,384,80,C=CC=CC.CC1=CC2(C=CC1=O)OCC(C)(C)CO2,CC1=CC2(OCC(C)(C)CO2)C2C(C)C=CCC2C1=O,CH2Cl2,dichloromethane,C=CC=CC.CC1=CC2(C=CC1=O)OCC(C)(C)CO2>>CC1=CC2(OCC(C)(C)CO2)C2C(C)C=CCC2C1=O,0,0.0,,1,0.0,0.0,
66,66,66,66,81,81,385,81,C=CC=CC.COC1=CC(=O)C=CC12OCC(C)(C)CO2,COC12C(C)C=CCC1C(=O)C=CC21OCC(C)(C)CO1,CH2Cl2,dichloromethane,C=CC=CC.COC1=CC(=O)C=CC12OCC(C)(C)CO2>>COC12C(C)C=CCC1C(=O)C=CC21OCC(C)(C)CO1,0,0.0,,1,0.0,,
67,67,67,67,83,83,385,83,C=CC=CC.COC1=CC(=O)C=CC12OCC(C)(C)CO2,COC12CC=CC(C)C1C(=O)C=CC21OCC(C)(C)CO1,CH2Cl2,dichloromethane,C=CC=CC.COC1=CC(=O)C=CC12OCC(C)(C)CO2>>COC12CC=CC(C)C1C(=O)C=CC21OCC(C)(C)CO1,0,0.0,,0,0.0,,
68,68,68,68,84,84,385,84,C=CC=CC.COC1=CC(=O)C=CC12OCC(C)(C)CO2,COC1=CC(=O)C2CC=CC(C)C2C12OCC(C)(C)CO2,CH2Cl2,dichloromethane,C=CC=CC.COC1=CC(=O)C=CC12OCC(C)(C)CO2>>COC1=CC(=O)C2CC=CC(C)C2C12OCC(C)(C)CO2,0,0.0,,0,1.0,,
69,69,69,69,85,85,386,85,C=CC=CC.CCOP(=O)(OCC)C1=CC(C)(C)C=CC1=O,CCOP(=O)(OCC)C12C(=O)C=CC(C)(C)C1CC=CC2C,Ether,diethyl ether,C=CC=CC.CCOP(=O)(OCC)C1=CC(C)(C)C=CC1=O>>CCOP(=O)(OCC)C12C(=O)C=CC(C)(C)C1CC=CC2C,1,0.0,,1,,1.0,
70,70,70,70,87,87,386,87,C=CC=CC.CCOP(=O)(OCC)C1=CC(C)(C)C=CC1=O,CCOP(=O)(OCC)C1=CC(C)(C)C2CC=CC(C)C2C1=O,Ether,diethyl ether,C=CC=CC.CCOP(=O)(OCC)C1=CC(C)(C)C=CC1=O>>CCOP(=O)(OCC)C1=CC(C)(C)C2CC=CC(C)C2C1=O,0,0.0,,0,,0.0,
71,71,71,71,88,88,386,88,C=CC=CC.CCOP(=O)(OCC)C1=CC(C)(C)C=CC1=O,CCOP(=O)(OCC)C12CC=CC(C)C1C(C)(C)C=CC2=O,Ether,diethyl ether,C=CC=CC.CCOP(=O)(OCC)C1=CC(C)(C)C=CC1=O>>CCOP(=O)(OCC)C12CC=CC(C)C1C(C)(C)C=CC2=O,0,0.0,,0,,0.0,
72,72,72,72,89,89,387,89,C=CC(C)=CC.CCOP(=O)(OCC)C1=CC(C)(C)C=CC1=O,CCOP(=O)(OCC)C1=CC(C)(C)C2CC=C(C)C(C)C2C1=O,Ether,diethyl ether,C=CC(C)=CC.CCOP(=O)(OCC)C1=CC(C)(C)C=CC1=O>>CCOP(=O)(OCC)C1=CC(C)(C)C2CC=C(C)C(C)C2C1=O,0,0.0,,0,,0.0,
73,73,73,73,90,90,387,90,C=CC(C)=CC.CCOP(=O)(OCC)C1=CC(C)(C)C=CC1=O,CCOP(=O)(OCC)C1=CC(C)(C)C2C(C)C(C)=CCC2C1=O,Ether,diethyl ether,C=CC(C)=CC.CCOP(=O)(OCC)C1=CC(C)(C)C=CC1=O>>CCOP(=O)(OCC)C1=CC(C)(C)C2C(C)C(C)=CCC2C1=O,0,0.0,,0,,0.0,
74,74,74,74,91,91,387,91,C=CC(C)=CC.CCOP(=O)(OCC)C1=CC(C)(C)C=CC1=O,CCOP(=O)(OCC)C12C(=O)C=CC(C)(C)C1CC=C(C)C2C,Ether,diethyl ether,C=CC(C)=CC.CCOP(=O)(OCC)C1=CC(C)(C)C=CC1=O>>CCOP(=O)(OCC)C12C(=O)C=CC(C)(C)C1CC=C(C)C2C,1,0.0,,1,,1.0,
75,75,75,75,92,92,387,92,C=CC(C)=CC.CCOP(=O)(OCC)C1=CC(C)(C)C=CC1=O,CCOP(=O)(OCC)C12CC=C(C)C(C)C1C(C)(C)C=CC2=O,Ether,diethyl ether,C=CC(C)=CC.CCOP(=O)(OCC)C1=CC(C)(C)C=CC1=O>>CCOP(=O)(OCC)C12CC=C(C)C(C)C1C(C)(C)C=CC2=O,0,0.0,,0,,0.0,
76,76,76,76,93,93,388,93,C1=CCC=C1.CCOP(=O)(OCC)C1=CC(C)(C)C=CC1=O,CCOP(=O)(OCC)C12C(=O)C=CC(C)(C)C1C1C=CC2C1,Ether,diethyl ether,C1=CCC=C1.CCOP(=O)(OCC)C1=CC(C)(C)C=CC1=O>>CCOP(=O)(OCC)C12C(=O)C=CC(C)(C)C1C1C=CC2C1,0,0.0,,1,,1.0,
77,77,77,77,94,94,388,94,C1=CCC=C1.CCOP(=O)(OCC)C1=CC(C)(C)C=CC1=O,CCOP(=O)(OCC)C1=CC(C)(C)C2C3C=CC(C3)C2C1=O,Ether,diethyl ether,C1=CCC=C1.CCOP(=O)(OCC)C1=CC(C)(C)C=CC1=O>>CCOP(=O)(OCC)C1=CC(C)(C)C2C3C=CC(C3)C2C1=O,1,0.0,,0,,0.0,
78,78,78,78,95,95,405,95,C=CC(=C)OC.C=CC(=O)n1nc(C)cc1C,COC1=CCCC(C(=O)n2nc(C)cc2C)C1,Acetonitrile,acetonitrile,C=CC(=C)OC.C=CC(=O)n1nc(C)cc1C>>COC1=CCCC(C(=O)n2nc(C)cc2C)C1,0,0.0,0.024528431234898562,1,1.0,1.0,1.0
79,79,79,79,96,96,405,96,C=CC(=C)OC.C=CC(=O)n1nc(C)cc1C,COC1=CCC(C(=O)n2nc(C)cc2C)CC1,Acetonitrile,acetonitrile,C=CC(=C)OC.C=CC(=O)n1nc(C)cc1C>>COC1=CCC(C(=O)n2nc(C)cc2C)CC1,1,0.0,0.02941807450304168,0,0.0,0.0,0.0
80,80,80,80,97,97,406,97,C=CC(=C)c1ccccc1.C=CC(=O)n1nc(C)cc1C,Cc1cc(C)n(C(=O)C2CC=C(c3ccccc3)CC2)n1,Acetonitrile,acetonitrile,C=CC(=C)c1ccccc1.C=CC(=O)n1nc(C)cc1C>>Cc1cc(C)n(C(=O)C2CC=C(c3ccccc3)CC2)n1,1,0.0,0.02449072394892937,0,0.0,1.0,1.0
81,81,81,81,98,98,406,98,C=CC(=C)c1ccccc1.C=CC(=O)n1nc(C)cc1C,Cc1cc(C)n(C(=O)C2CCC=C(c3ccccc3)C2)n1,Acetonitrile,acetonitrile,C=CC(=C)c1ccccc1.C=CC(=O)n1nc(C)cc1C>>Cc1cc(C)n(C(=O)C2CCC=C(c3ccccc3)C2)n1,0,0.0,0.026415798328002893,1,1.0,0.0,0.0
82,82,82,82,99,99,439,99,CCOC(=O)C=CB1OC(C)(C)C(C)(C)O1.CC1=CCC=C1,CCOC(=O)C1C2C=C(C)C(C2)C1B1OC(C)(C)C(C)(C)O1,CH2Cl2,dichloromethane,CCOC(=O)C=CB1OC(C)(C)C(C)(C)O1.CC1=CCC=C1>>CCOC(=O)C1C2C=C(C)C(C2)C1B1OC(C)(C)C(C)(C)O1,1,0.0,,0,0.0,1.0,
83,83,83,83,100,100,439,100,CCOC(=O)C=CB1OC(C)(C)C(C)(C)O1.CC1=CCC=C1,CCOC(=O)C1C2CC(C=C2C)C1B1OC(C)(C)C(C)(C)O1,CH2Cl2,dichloromethane,CCOC(=O)C=CB1OC(C)(C)C(C)(C)O1.CC1=CCC=C1>>CCOC(=O)C1C2CC(C=C2C)C1B1OC(C)(C)C(C)(C)O1,0,0.0,,1,1.0,0.0,
84,84,84,84,101,101,465,101,C=CC(=C)O[Si](C)(C)C.C=CC=O,C[Si](C)(C)OC1=CCC(C=O)CC1,Toluene,toluene,C=CC(=C)O[Si](C)(C)C.C=CC=O>>C[Si](C)(C)OC1=CCC(C=O)CC1,1,0.0,0.016502855704970898,0,0.0,1.0,1.0
85,85,85,85,102,102,465,102,C=CC(=C)O[Si](C)(C)C.C=CC=O,C[Si](C)(C)OC1=CCCC(C=O)C1,Toluene,toluene,C=CC(=C)O[Si](C)(C)C.C=CC=O>>C[Si](C)(C)OC1=CCCC(C=O)C1,0,0.0,0.0235295047159525,1,1.0,0.0,0.0
86,86,86,86,103,103,467,103,C=CC(C)=O.COC1(OC)C=C(Br)C=C(C)C1=O,COC1(OC)C(=O)C2(C)C=C(Br)C1CC2C(C)=O,Methanol,methanol,C=CC(C)=O.COC1(OC)C=C(Br)C=C(C)C1=O>>COC1(OC)C(=O)C2(C)C=C(Br)C1CC2C(C)=O,1,0.0,,0,,1.0,
87,87,87,87,104,104,467,104,C=CC(C)=O.COC1(OC)C=C(Br)C=C(C)C1=O,COC1(OC)C(=O)C2(C)C=C(Br)C1C(C(C)=O)C2,Methanol,methanol,C=CC(C)=O.COC1(OC)C=C(Br)C=C(C)C1=O>>COC1(OC)C(=O)C2(C)C=C(Br)C1C(C(C)=O)C2,0,0.0,,1,,0.0,
88,88,88,88,105,105,468,105,C=CC(=O)OC.COC1(OC)C=C(Br)C=C(C)C1=O,COC(=O)C1CC2C(Br)=CC1(C)C(=O)C2(OC)OC,Methanol,methanol,C=CC(=O)OC.COC1(OC)C=C(Br)C=C(C)C1=O>>COC(=O)C1CC2C(Br)=CC1(C)C(=O)C2(OC)OC,1,0.0,,0,,1.0,
89,89,89,89,106,106,468,106,C=CC(=O)OC.COC1(OC)C=C(Br)C=C(C)C1=O,COC(=O)C1CC2(C)C=C(Br)C1C(OC)(OC)C2=O,Methanol,methanol,C=CC(=O)OC.COC1(OC)C=C(Br)C=C(C)C1=O>>COC(=O)C1CC2(C)C=C(Br)C1C(OC)(OC)C2=O,0,0.0,,1,,0.0,
90,90,90,90,107,107,469,107,C=CC1(CC)OCCO1.C=CC(=C)C,CCC1(C2CCC=C(C)C2)OCCO1,CH2Cl2,dichloromethane,C=CC1(CC)OCCO1.C=CC(=C)C>>CCC1(C2CCC=C(C)C2)OCCO1,0,0.0,,1,1.0,0.0,
91,91,91,91,108,108,469,108,C=CC1(CC)OCCO1.C=CC(=C)C,CCC1(C2CC=C(C)CC2)OCCO1,CH2Cl2,dichloromethane,C=CC1(CC)OCCO1.C=CC(=C)C>>CCC1(C2CC=C(C)CC2)OCCO1,1,0.0,,0,0.0,1.0,
92,92,92,92,109,109,471,109,C=CC(=O)OC.COC=CC(C)=COC=C(C)C=COC,COC=CC(C)=COC1CC(C(=O)OC)C(OC)C=C1C,Methanol,methanol,C=CC(=O)OC.COC=CC(C)=COC=C(C)C=COC>>COC=CC(C)=COC1CC(C(=O)OC)C(OC)C=C1C,1,0.0,0.03496702954998909,1,0.0,0.0,0.0
93,93,93,93,110,110,471,110,C=CC(=O)OC.COC=CC(C)=COC=C(C)C=COC,COC=CC(C)=COC1C(C)=CC(OC)CC1C(=O)OC,Methanol,methanol,C=CC(=O)OC.COC=CC(C)=COC=C(C)C=COC>>COC=CC(C)=COC1C(C)=CC(OC)CC1C(=O)OC,0,0.0,0.029472355289954066,0,1.0,1.0,1.0
94,94,94,94,111,111,472,111,C=CC=CC.N#CC1=CCCCC1=O,CC1C=CCC2CCCC(=O)C12C#N,Ether,diethyl ether,C=CC=CC.N#CC1=CCCCC1=O>>CC1C=CCC2CCCC(=O)C12C#N,1,0.0,,1,,1.0,
95,95,95,95,112,112,472,112,C=CC=CC.N#CC1=CCCCC1=O,CC1C=CCC2(C#N)C(=O)CCCC12,Ether,diethyl ether,C=CC=CC.N#CC1=CCCCC1=O>>CC1C=CCC2(C#N)C(=O)CCCC12,0,0.0,,0,,0.0,
96,96,96,96,115,115,474,115,N#CC1=CCCC1=O.C=CC(=C)C,CC1=CCC2CCC(=O)C2(C#N)C1,Ether,diethyl ether,N#CC1=CCCC1=O.C=CC(=C)C>>CC1=CCC2CCC(=O)C2(C#N)C1,0,0.0,,1,,0.0,
97,97,97,97,116,116,474,116,N#CC1=CCCC1=O.C=CC(=C)C,CC1=CCC2(C#N)C(=O)CCC2C1,Ether,diethyl ether,N#CC1=CCCC1=O.C=CC(=C)C>>CC1=CCC2(C#N)C(=O)CCC2C1,1,0.0,,0,,1.0,
98,98,98,98,117,117,475,117,N#CC1=CCCCCC1=O.C=CC(=C)C,CC1=CCC2(C#N)C(=O)CCCCC2C1,Ether,diethyl ether,N#CC1=CCCCCC1=O.C=CC(=C)C>>CC1=CCC2(C#N)C(=O)CCCCC2C1,1,0.0,,0,,1.0,
99,99,99,99,118,118,475,118,N#CC1=CCCCCC1=O.C=CC(=C)C,CC1=CCC2CCCCC(=O)C2(C#N)C1,Ether,diethyl ether,N#CC1=CCCCCC1=O.C=CC(=C)C>>CC1=CCC2CCCCC(=O)C2(C#N)C1,0,0.0,,1,,0.0,
100,100,100,100,119,119,481,119,C=CC=CC.CCOP(=O)(OCC)C1=CCCCC1=O,CCOP(=O)(OCC)C12CC=CC(C)C1CCCC2=O,Ether,diethyl ether,C=CC=CC.CCOP(=O)(OCC)C1=CCCCC1=O>>CCOP(=O)(OCC)C12CC=CC(C)C1CCCC2=O,0,0.0,,0,,0.0,
101,101,101,101,120,120,481,120,C=CC=CC.CCOP(=O)(OCC)C1=CCCCC1=O,CCOP(=O)(OCC)C12C(=O)CCCC1CC=CC2C,Ether,diethyl ether,C=CC=CC.CCOP(=O)(OCC)C1=CCCCC1=O>>CCOP(=O)(OCC)C12C(=O)CCCC1CC=CC2C,1,0.0,,1,,1.0,
102,102,102,102,121,121,482,121,C=C(C)C=CC.CCOP(=O)(OCC)C1=CC(C)(C)C=CC1=O,CCOP(=O)(OCC)C12C(=O)C=CC(C)(C)C1CC(C)=CC2C,Ether,diethyl ether,C=C(C)C=CC.CCOP(=O)(OCC)C1=CC(C)(C)C=CC1=O>>CCOP(=O)(OCC)C12C(=O)C=CC(C)(C)C1CC(C)=CC2C,1,0.0,,1,,1.0,
103,103,103,103,123,123,482,123,C=C(C)C=CC.CCOP(=O)(OCC)C1=CC(C)(C)C=CC1=O,CCOP(=O)(OCC)C12CC(C)=CC(C)C1C(C)(C)C=CC2=O,Ether,diethyl ether,C=C(C)C=CC.CCOP(=O)(OCC)C1=CC(C)(C)C=CC1=O>>CCOP(=O)(OCC)C12CC(C)=CC(C)C1C(C)(C)C=CC2=O,0,0.0,,0,,0.0,
104,104,104,104,127,127,485,127,CCOP(=O)(OCC)C1=CCCCC1=O.C=CC(=C)C,CCOP(=O)(OCC)C12CC=C(C)CC1CCCC2=O,Ether,diethyl ether,CCOP(=O)(OCC)C1=CCCCC1=O.C=CC(=C)C>>CCOP(=O)(OCC)C12CC=C(C)CC1CCCC2=O,1,0.0,,1,,1.0,
105,105,105,105,128,128,485,128,CCOP(=O)(OCC)C1=CCCCC1=O.C=CC(=C)C,CCOP(=O)(OCC)C12CC(C)=CCC1CCCC2=O,Ether,diethyl ether,CCOP(=O)(OCC)C1=CCCCC1=O.C=CC(=C)C>>CCOP(=O)(OCC)C12CC(C)=CCC1CCCC2=O,0,0.0,,0,,0.0,
106,106,106,106,129,129,508,129,C=CC1=CCCc2cc(OC)ccc21.C=C(C)C=O,COc1ccc2c(c1)CCC1C2=CCCC1(C)C=O,CH2Cl2,dichloromethane,C=CC1=CCCc2cc(OC)ccc21.C=C(C)C=O>>COc1ccc2c(c1)CCC1C2=CCCC1(C)C=O,0,0.0,,1,1.0,1.0,
107,107,107,107,130,130,508,130,C=CC1=CCCc2cc(OC)ccc21.C=C(C)C=O,COc1ccc2c(c1)CCC1CC(C)(C=O)CC=C21,CH2Cl2,dichloromethane,C=CC1=CCCc2cc(OC)ccc21.C=C(C)C=O>>COc1ccc2c(c1)CCC1CC(C)(C=O)CC=C21,1,0.0,,0,0.0,0.0,
108,108,108,108,131,131,509,131,CCOC(=O)C=CC(C)=O.C=CC(=C)CCOCc1ccccc1,CCOC(=O)C1CC(CCOCc2ccccc2)=CCC1C(C)=O,CH2Cl2,dichloromethane,CCOC(=O)C=CC(C)=O.C=CC(=C)CCOCc1ccccc1>>CCOC(=O)C1CC(CCOCc2ccccc2)=CCC1C(C)=O,1,0.0,,0,0.0,1.0,
109,109,109,109,132,132,509,132,CCOC(=O)C=CC(C)=O.C=CC(=C)CCOCc1ccccc1,CCOC(=O)C1CC=C(CCOCc2ccccc2)CC1C(C)=O,CH2Cl2,dichloromethane,CCOC(=O)C=CC(C)=O.C=CC(=C)CCOCc1ccccc1>>CCOC(=O)C1CC=C(CCOCc2ccccc2)CC1C(C)=O,0,0.0,,1,1.0,0.0,
110,110,110,110,141,141,579,141,C=C(C)C(=O)OC.COC1(OC)C=C(Br)C=C(C)C1=O,COC(=O)C1(C)CC2C(Br)=CC1(C)C(=O)C2(OC)OC,Methanol,methanol,C=C(C)C(=O)OC.COC1(OC)C=C(Br)C=C(C)C1=O>>COC(=O)C1(C)CC2C(Br)=CC1(C)C(=O)C2(OC)OC,1,0.0,,1,,1.0,
111,111,111,111,142,142,579,142,C=C(C)C(=O)OC.COC1(OC)C=C(Br)C=C(C)C1=O,COC(=O)C1(C)CC2(C)C=C(Br)C1C(OC)(OC)C2=O,Methanol,methanol,C=C(C)C(=O)OC.COC1(OC)C=C(Br)C=C(C)C1=O>>COC(=O)C1(C)CC2(C)C=C(Br)C1C(OC)(OC)C2=O,0,0.0,,0,,0.0,
112,112,112,112,143,143,588,143,O=C1C=CCCC1.C=CC1=CCOC1C(C)OCc1ccccc1,CC(OCc1ccccc1)C1OCC2C1=CCC1CCCC(=O)C12,CH2Cl2,dichloromethane,O=C1C=CCCC1.C=CC1=CCOC1C(C)OCc1ccccc1>>CC(OCc1ccccc1)C1OCC2C1=CCC1CCCC(=O)C12,1,0.0,,1,1.0,1.0,
113,113,113,113,144,144,588,144,O=C1C=CCCC1.C=CC1=CCOC1C(C)OCc1ccccc1,CC(OCc1ccccc1)C1OCC2C1=CCC1C(=O)CCCC12,CH2Cl2,dichloromethane,O=C1C=CCCC1.C=CC1=CCOC1C(C)OCc1ccccc1>>CC(OCc1ccccc1)C1OCC2C1=CCC1C(=O)CCCC12,0,0.0,,0,0.0,0.0,
114,114,114,114,145,145,589,145,O=C1C=CCC1.C=CC1=CCOC1C(C)OCc1ccccc1,CC(OCc1ccccc1)C1OCC2C1=CCC1C(=O)CCC12,CH2Cl2,dichloromethane,O=C1C=CCC1.C=CC1=CCOC1C(C)OCc1ccccc1>>CC(OCc1ccccc1)C1OCC2C1=CCC1C(=O)CCC12,0,0.0,,1,1.0,0.0,
115,115,115,115,146,146,589,146,O=C1C=CCC1.C=CC1=CCOC1C(C)OCc1ccccc1,CC(OCc1ccccc1)C1OCC2C1=CCC1CCC(=O)C12,CH2Cl2,dichloromethane,O=C1C=CCC1.C=CC1=CCOC1C(C)OCc1ccccc1>>CC(OCc1ccccc1)C1OCC2C1=CCC1CCC(=O)C12,1,0.0,,0,0.0,1.0,
116,116,116,116,147,147,592,147,C=CC(C)=O.COC1(OC)C=C(Br)C=CC1=O,COC1(OC)C(=O)C2C=C(Br)C1C(C(C)=O)C2,Methanol,methanol,C=CC(C)=O.COC1(OC)C=C(Br)C=CC1=O>>COC1(OC)C(=O)C2C=C(Br)C1C(C(C)=O)C2,0,0.0,,1,,0.0,
117,117,117,117,148,148,592,148,C=CC(C)=O.COC1(OC)C=C(Br)C=CC1=O,COC1(OC)C(=O)C2C=C(Br)C1CC2C(C)=O,Methanol,methanol,C=CC(C)=O.COC1(OC)C=C(Br)C=CC1=O>>COC1(OC)C(=O)C2C=C(Br)C1CC2C(C)=O,1,0.0,,0,,1.0,
118,118,118,118,149,149,593,149,C=CC(C)=O.COC1(OC)C=C(C2OCCO2)C(Br)=CC1=O,COC1(OC)C(=O)C2CC(C(C)=O)C1C(C1OCCO1)=C2Br,Methanol,methanol,C=CC(C)=O.COC1(OC)C=C(C2OCCO2)C(Br)=CC1=O>>COC1(OC)C(=O)C2CC(C(C)=O)C1C(C1OCCO1)=C2Br,0,0.0,,0,,0.0,
119,119,119,119,150,150,593,150,C=CC(C)=O.COC1(OC)C=C(C2OCCO2)C(Br)=CC1=O,COC1(OC)C(=O)C2C(Br)=C(C3OCCO3)C1CC2C(C)=O,Methanol,methanol,C=CC(C)=O.COC1(OC)C=C(C2OCCO2)C(Br)=CC1=O>>COC1(OC)C(=O)C2C(Br)=C(C3OCCO3)C1CC2C(C)=O,1,0.0,,1,,1.0,
120,120,120,120,151,151,594,151,C=CC(=O)OC.COC1(OC)C=C(C2OCCO2)C(Br)=CC1=O,COC(=O)C1CC2C(C3OCCO3)=C(Br)C1C(=O)C2(OC)OC,Methanol,methanol,C=CC(=O)OC.COC1(OC)C=C(C2OCCO2)C(Br)=CC1=O>>COC(=O)C1CC2C(C3OCCO3)=C(Br)C1C(=O)C2(OC)OC,1,0.0,,1,,0.0,
121,121,121,121,152,152,594,152,C=CC(=O)OC.COC1(OC)C=C(C2OCCO2)C(Br)=CC1=O,COC(=O)C1CC2C(=O)C(OC)(OC)C1C(C1OCCO1)=C2Br,Methanol,methanol,C=CC(=O)OC.COC1(OC)C=C(C2OCCO2)C(Br)=CC1=O>>COC(=O)C1CC2C(=O)C(OC)(OC)C1C(C1OCCO1)=C2Br,0,0.0,,0,,1.0,
122,122,122,122,153,153,595,153,C=C(C)C(=O)OC.COC1(OC)C=C(C2OCCO2)C(Br)=CC1=O,COC(=O)C1(C)CC2C(C3OCCO3)=C(Br)C1C(=O)C2(OC)OC,Methanol,methanol,C=C(C)C(=O)OC.COC1(OC)C=C(C2OCCO2)C(Br)=CC1=O>>COC(=O)C1(C)CC2C(C3OCCO3)=C(Br)C1C(=O)C2(OC)OC,1,0.0,,1,,1.0,
123,123,123,123,154,154,595,154,C=C(C)C(=O)OC.COC1(OC)C=C(C2OCCO2)C(Br)=CC1=O,COC(=O)C1(C)CC2C(=O)C(OC)(OC)C1C(C1OCCO1)=C2Br,Methanol,methanol,C=C(C)C(=O)OC.COC1(OC)C=C(C2OCCO2)C(Br)=CC1=O>>COC(=O)C1(C)CC2C(=O)C(OC)(OC)C1C(C1OCCO1)=C2Br,0,0.0,,0,,0.0,
124,124,124,124,155,155,612,155,C=C(C)C=O.C=CC1=CCc2ccccc21,CC1(C=O)CCC=C2c3ccccc3CC21,CH2Cl2,dichloromethane,C=C(C)C=O.C=CC1=CCc2ccccc21>>CC1(C=O)CCC=C2c3ccccc3CC21,0,0.0,,1,1.0,0.0,
125,125,125,125,156,156,612,156,C=C(C)C=O.C=CC1=CCc2ccccc21,CC1(C=O)CC=C2c3ccccc3CC2C1,CH2Cl2,dichloromethane,C=C(C)C=O.C=CC1=CCc2ccccc21>>CC1(C=O)CC=C2c3ccccc3CC2C1,1,0.0,,0,0.0,1.0,
126,126,126,126,161,161,631,161,C=CC(=O)CC.C=CC(=C)C,CCC(=O)C1CCC=C(C)C1,Water,water,C=CC(=O)CC.C=CC(=C)C>>CCC(=O)C1CCC=C(C)C1,0,0.0,0.024858248009991257,1,1.0,0.0,0.0
127,127,127,127,162,162,631,162,C=CC(=O)CC.C=CC(=C)C,CCC(=O)C1CC=C(C)CC1,Water,water,C=CC(=O)CC.C=CC(=C)C>>CCC(=O)C1CC=C(C)CC1,1,0.0,0.021712019692017748,0,0.0,1.0,1.0
128,128,128,128,163,163,653,163,C=CCOC1C(C(=O)C=C)OC2OC(C)(C)OC21.C1=CCC=C1,C=CCOC1C(C(=O)C2CC3C=CC2C3)OC2OC(C)(C)OC21,CH2Cl2,dichloromethane,C=CCOC1C(C(=O)C=C)OC2OC(C)(C)OC21.C1=CCC=C1>>C=CCOC1C(C(=O)C2CC3C=CC2C3)OC2OC(C)(C)OC21,1,0.0,,1,1.0,1.0,
129,129,129,129,164,164,653,164,C=CCOC1C(C(=O)C=C)OC2OC(C)(C)OC21.C1=CCC=C1,C=CC(=O)C1OC2OC(C)(C)OC2C1OCC1CC2C=CC1C2,CH2Cl2,dichloromethane,C=CCOC1C(C(=O)C=C)OC2OC(C)(C)OC21.C1=CCC=C1>>C=CC(=O)C1OC2OC(C)(C)OC2C1OCC1CC2C=CC1C2,0,0.0,,0,0.0,0.0,
130,130,130,130,165,165,670,165,C=C(Br)C(=O)OCC.C=CC(=C)C,CCOC(=O)C1(Br)CCC=C(C)C1,CH2Cl2,dichloromethane,C=C(Br)C(=O)OCC.C=CC(=C)C>>CCOC(=O)C1(Br)CCC=C(C)C1,0,0.0,,0,,0.0,
131,131,131,131,166,166,670,166,C=C(Br)C(=O)OCC.C=CC(=C)C,CCOC(=O)C1(Br)CC=C(C)CC1,CH2Cl2,dichloromethane,C=C(Br)C(=O)OCC.C=CC(=C)C>>CCOC(=O)C1(Br)CC=C(C)CC1,1,0.0,,1,,1.0,
132,132,132,132,167,167,686,167,C=CC(=O)OC.C=CC(=C)C,COC(=O)C1CCC=C(C)C1,CHCl3,chloroform,C=CC(=O)OC.C=CC(=C)C>>COC(=O)C1CCC=C(C)C1,0,0.0,0.0263187115710366,0,0.0,0.0,0.0
133,133,133,133,168,168,686,168,C=CC(=O)OC.C=CC(=C)C,COC(=O)C1CC=C(C)CC1,CHCl3,chloroform,C=CC(=O)OC.C=CC(=C)C>>COC(=O)C1CC=C(C)CC1,1,0.0,0.02238768303402594,1,1.0,1.0,1.0
134,134,134,134,169,169,687,169,C=C(C=COC)O[Si](C)(C)C.C=C(C)C(=O)OC,COC(=O)C1(C)CCC(O[Si](C)(C)C)=CC1OC,Toluene,toluene,C=C(C=COC)O[Si](C)(C)C.C=C(C)C(=O)OC>>COC(=O)C1(C)CCC(O[Si](C)(C)C)=CC1OC,1,0.0,0.023000212858960367,1,1.0,1.0,1.0
135,135,135,135,170,170,687,170,C=C(C=COC)O[Si](C)(C)C.C=C(C)C(=O)OC,COC(=O)C1(C)CC(O[Si](C)(C)C)=CC(OC)C1,Toluene,toluene,C=C(C=COC)O[Si](C)(C)C.C=C(C)C(=O)OC>>COC(=O)C1(C)CC(O[Si](C)(C)C)=CC(OC)C1,0,0.0,0.03875582528394261,0,0.0,0.0,0.0
136,136,136,136,173,173,717,173,O=C1C=CCC1.C=CC=CC,CC1C=CCC2C(=O)CCC12,THF,tetrahydrofuran,O=C1C=CCC1.C=CC=CC>>CC1C=CCC2C(=O)CCC12,0,0.0,0.04046716304799247,1,1.0,1.0,1.0
137,137,137,137,174,174,717,174,O=C1C=CCC1.C=CC=CC,CC1C=CCC2CCC(=O)C12,THF,tetrahydrofuran,O=C1C=CCC1.C=CC=CC>>CC1C=CCC2CCC(=O)C12,1,0.0,0.055110053633995904,0,0.0,0.0,0.0
138,138,138,138,177,177,797,177,C=CC=CC.C=C(OC(=O)c1ccc([N+](=O)[O-])cc1)C(C)=O,CC(=O)C1(OC(=O)c2ccc([N+](=O)[O-])cc2)CCC=CC1C,CH2Cl2,dichloromethane,C=CC=CC.C=C(OC(=O)c1ccc([N+](=O)[O-])cc1)C(C)=O>>CC(=O)C1(OC(=O)c2ccc([N+](=O)[O-])cc2)CCC=CC1C,1,0.0,,1,1.0,1.0,
139,139,139,139,178,178,797,178,C=CC=CC.C=C(OC(=O)c1ccc([N+](=O)[O-])cc1)C(C)=O,CC(=O)C1(OC(=O)c2ccc([N+](=O)[O-])cc2)CC=CC(C)C1,CH2Cl2,dichloromethane,C=CC=CC.C=C(OC(=O)c1ccc([N+](=O)[O-])cc1)C(C)=O>>CC(=O)C1(OC(=O)c2ccc([N+](=O)[O-])cc2)CC=CC(C)C1,0,0.0,,0,0.0,0.0,
140,140,140,140,179,179,808,179,C=CC=COC.C=CC(=O)N(O)C(C)C,COC1C=CCC(C(=O)N(O)C(C)C)C1,CH2Cl2,dichloromethane,C=CC=COC.C=CC(=O)N(O)C(C)C>>COC1C=CCC(C(=O)N(O)C(C)C)C1,0,0.0,,0,0.0,0.0,
141,141,141,141,180,180,808,180,C=CC=COC.C=CC(=O)N(O)C(C)C,COC1C=CCCC1C(=O)N(O)C(C)C,CH2Cl2,dichloromethane,C=CC=COC.C=CC(=O)N(O)C(C)C>>COC1C=CCCC1C(=O)N(O)C(C)C,1,0.0,,1,1.0,1.0,
142,142,142,142,185,185,810,185,C=CC(C)=CC.CC1(C)C=CC(=O)C(C#N)=C1,CC1=CCC2(C#N)C(=O)C=CC(C)(C)C2C1C,Ether,diethyl ether,C=CC(C)=CC.CC1(C)C=CC(=O)C(C#N)=C1>>CC1=CCC2(C#N)C(=O)C=CC(C)(C)C2C1C,0,0.0,,0,,0.0,
143,143,143,143,187,187,810,187,C=CC(C)=CC.CC1(C)C=CC(=O)C(C#N)=C1,CC1=CCC2C(C)(C)C=CC(=O)C2(C#N)C1C,Ether,diethyl ether,C=CC(C)=CC.CC1(C)C=CC(=O)C(C#N)=C1>>CC1=CCC2C(C)(C)C=CC(=O)C2(C#N)C1C,1,0.0,,1,,1.0,
144,144,144,144,188,188,810,188,C=CC(C)=CC.CC1(C)C=CC(=O)C(C#N)=C1,CC1=CCC2C(C(=O)C(C#N)=CC2(C)C)C1C,Ether,diethyl ether,C=CC(C)=CC.CC1(C)C=CC(=O)C(C#N)=C1>>CC1=CCC2C(C(=O)C(C#N)=CC2(C)C)C1C,0,0.0,,0,,0.0,
145,145,145,145,193,193,815,193,C=C(C)C(=C)C.CC1(C)C=CC(=O)C(C#N)=C1,CC1=C(C)CC2C(C1)C(=O)C(C#N)=CC2(C)C,Ether,diethyl ether,C=C(C)C(=C)C.CC1(C)C=CC(=O)C(C#N)=C1>>CC1=C(C)CC2C(C1)C(=O)C(C#N)=CC2(C)C,0,0.0,,0,,0.0,
146,146,146,146,194,194,815,194,C=C(C)C(=C)C.CC1(C)C=CC(=O)C(C#N)=C1,CC1=C(C)CC2(C#N)C(=O)C=CC(C)(C)C2C1,Ether,diethyl ether,C=C(C)C(=C)C.CC1(C)C=CC(=O)C(C#N)=C1>>CC1=C(C)CC2(C#N)C(=O)C=CC(C)(C)C2C1,1,0.0,,1,,1.0,
147,147,147,147,195,195,827,195,C=CC(=O)OC.COC1(OC)C=C(Br)C=CC1=O,COC(=O)C1CC2C=C(Br)C1C(OC)(OC)C2=O,Methanol,methanol,C=CC(=O)OC.COC1(OC)C=C(Br)C=CC1=O>>COC(=O)C1CC2C=C(Br)C1C(OC)(OC)C2=O,0,0.0,,0,,0.0,
148,148,148,148,196,196,827,196,C=CC(=O)OC.COC1(OC)C=C(Br)C=CC1=O,COC(=O)C1CC2C(Br)=CC1C(=O)C2(OC)OC,Methanol,methanol,C=CC(=O)OC.COC1(OC)C=C(Br)C=CC1=O>>COC(=O)C1CC2C(Br)=CC1C(=O)C2(OC)OC,1,0.0,,1,,1.0,
149,149,149,149,197,197,828,197,C=C(C)C(=O)OC.COC1(OC)C=C(Br)C=CC1=O,COC(=O)C1(C)CC2C(Br)=CC1C(=O)C2(OC)OC,Methanol,methanol,C=C(C)C(=O)OC.COC1(OC)C=C(Br)C=CC1=O>>COC(=O)C1(C)CC2C(Br)=CC1C(=O)C2(OC)OC,1,0.0,,1,,1.0,
150,150,150,150,198,198,828,198,C=C(C)C(=O)OC.COC1(OC)C=C(Br)C=CC1=O,COC(=O)C1(C)CC2C=C(Br)C1C(OC)(OC)C2=O,Methanol,methanol,C=C(C)C(=O)OC.COC1(OC)C=C(Br)C=CC1=O>>COC(=O)C1(C)CC2C=C(Br)C1C(OC)(OC)C2=O,0,0.0,,0,,0.0,
151,151,151,151,199,199,843,199,C=CC(=C)C.C=CC(=O)OC1C(=O)N(CCOC)CC1(C)C,COCCN1CC(C)(C)C(OC(=O)C2CCC=C(C)C2)C1=O,CH2Cl2,dichloromethane,C=CC(=C)C.C=CC(=O)OC1C(=O)N(CCOC)CC1(C)C>>COCCN1CC(C)(C)C(OC(=O)C2CCC=C(C)C2)C1=O,0,0.0,,1,1.0,1.0,
152,152,152,152,200,200,843,200,C=CC(=C)C.C=CC(=O)OC1C(=O)N(CCOC)CC1(C)C,COCCN1CC(C)(C)C(OC(=O)C2CC=C(C)CC2)C1=O,CH2Cl2,dichloromethane,C=CC(=C)C.C=CC(=O)OC1C(=O)N(CCOC)CC1(C)C>>COCCN1CC(C)(C)C(OC(=O)C2CC=C(C)CC2)C1=O,1,0.0,,0,0.0,0.0,
153,153,153,153,203,203,891,203,CC1CC12C=CC=C2.CC1=C(C)C(=O)C=CC1=O,CC1=C(C)C(=O)C2C(C1=O)C1C=CC2C12CC2C,Water,water,CC1CC12C=CC=C2.CC1=C(C)C(=O)C=CC1=O>>CC1=C(C)C(=O)C2C(C1=O)C1C=CC2C12CC2C,1,0.0,0.01691751283897247,0,1.0,1.0,1.0
154,154,154,154,204,204,891,204,CC1CC12C=CC=C2.CC1=C(C)C(=O)C=CC1=O,CC1CC12C1C=CC2C2(C)C(=O)C=CC(=O)C12C,Water,water,CC1CC12C=CC=C2.CC1=C(C)C(=O)C=CC1=O>>CC1CC12C1C=CC2C2(C)C(=O)C=CC(=O)C12C,0,0.0,0.05245635816891081,1,0.0,0.0,0.0
155,155,155,155,205,205,897,205,C=C(C=COCC)C(NC(C)=O)c1ccccc1.C=CC=O,CCOC1C=C(C(NC(C)=O)c2ccccc2)CCC1C=O,CH2Cl2,dichloromethane,C=C(C=COCC)C(NC(C)=O)c1ccccc1.C=CC=O>>CCOC1C=C(C(NC(C)=O)c2ccccc2)CCC1C=O,1,0.0,,1,1.0,1.0,
156,156,156,156,206,206,897,206,C=C(C=COCC)C(NC(C)=O)c1ccccc1.C=CC=O,CCOC1C=C(C(NC(C)=O)c2ccccc2)CC(C=O)C1,CH2Cl2,dichloromethane,C=C(C=COCC)C(NC(C)=O)c1ccccc1.C=CC=O>>CCOC1C=C(C(NC(C)=O)c2ccccc2)CC(C=O)C1,0,0.0,,0,0.0,0.0,
157,157,157,157,207,207,898,207,C=C(C=COCC)C(NC(C)=O)c1ccccc1.C=CC(C)=O,CCOC1C=C(C(NC(C)=O)c2ccccc2)CC(C(C)=O)C1,CH2Cl2,dichloromethane,C=C(C=COCC)C(NC(C)=O)c1ccccc1.C=CC(C)=O>>CCOC1C=C(C(NC(C)=O)c2ccccc2)CC(C(C)=O)C1,0,0.0,,0,0.0,0.0,
158,158,158,158,208,208,898,208,C=C(C=COCC)C(NC(C)=O)c1ccccc1.C=CC(C)=O,CCOC1C=C(C(NC(C)=O)c2ccccc2)CCC1C(C)=O,CH2Cl2,dichloromethane,C=C(C=COCC)C(NC(C)=O)c1ccccc1.C=CC(C)=O>>CCOC1C=C(C(NC(C)=O)c2ccccc2)CCC1C(C)=O,1,0.0,,1,1.0,1.0,
159,159,159,159,209,209,903,209,CC1(C)C2C=C(C#N)C(=O)C1C2.C=CC(=C)C,CC1=CCC2C3CC(C(=O)C2(C#N)C1)C3(C)C,CH2Cl2,dichloromethane,CC1(C)C2C=C(C#N)C(=O)C1C2.C=CC(=C)C>>CC1=CCC2C3CC(C(=O)C2(C#N)C1)C3(C)C,0,0.0,,0,0.0,0.0,
160,160,160,160,210,210,903,210,CC1(C)C2C=C(C#N)C(=O)C1C2.C=CC(=C)C,CC1=CCC2(C#N)C(=O)C3CC(C2C1)C3(C)C,CH2Cl2,dichloromethane,CC1(C)C2C=C(C#N)C(=O)C1C2.C=CC(=C)C>>CC1=CCC2(C#N)C(=O)C3CC(C2C1)C3(C)C,1,0.0,,1,1.0,1.0,
161,161,161,161,211,211,932,211,C=C(F)C(=C)Sc1ccccc1.C=CC=O,O=CC1CCC(F)=C(Sc2ccccc2)C1,Ether,diethyl ether,C=C(F)C(=C)Sc1ccccc1.C=CC=O>>O=CC1CCC(F)=C(Sc2ccccc2)C1,0,0.0,,0,,0.0,
162,162,162,162,212,212,932,212,C=C(F)C(=C)Sc1ccccc1.C=CC=O,O=CC1CCC(Sc2ccccc2)=C(F)C1,Ether,diethyl ether,C=C(F)C(=C)Sc1ccccc1.C=CC=O>>O=CC1CCC(Sc2ccccc2)=C(F)C1,1,0.0,,1,,1.0,
163,163,163,163,213,213,956,213,C=CC=COC(C)=O.CC1=CC(=O)C=C(C)C1=O,CC(=O)OC1C=CCC2(C)C(=O)C(C)=CC(=O)C12,Toluene,toluene,C=CC=COC(C)=O.CC1=CC(=O)C=C(C)C1=O>>CC(=O)OC1C=CCC2(C)C(=O)C(C)=CC(=O)C12,1,0.0,0.09316256633599096,1,0.0,0.0,0.0
164,164,164,164,214,214,956,214,C=CC=COC(C)=O.CC1=CC(=O)C=C(C)C1=O,CC(=O)OC1C=CCC2C(=O)C=C(C)C(=O)C12C,Toluene,toluene,C=CC=COC(C)=O.CC1=CC(=O)C=C(C)C1=O>>CC(=O)OC1C=CCC2C(=O)C=C(C)C(=O)C12C,0,0.0,0.03513072495798042,0,1.0,1.0,1.0
165,165,165,165,215,215,957,215,C=CC#CC1=CC(=O)C=CC1(OC)OC.C1=CCC=C1,C=CC#CC12C3C=CC(C3)C1C(=O)C=CC2(OC)OC,CH2Cl2,dichloromethane,C=CC#CC1=CC(=O)C=CC1(OC)OC.C1=CCC=C1>>C=CC#CC12C3C=CC(C3)C1C(=O)C=CC2(OC)OC,0,0.0,,1,1.0,0.0,
166,166,166,166,216,216,957,216,C=CC#CC1=CC(=O)C=CC1(OC)OC.C1=CCC=C1,COC1(OC)C=CC(=O)C=C1C#CC1CC2C=CC1C2,CH2Cl2,dichloromethane,C=CC#CC1=CC(=O)C=CC1(OC)OC.C1=CCC=C1>>COC1(OC)C=CC(=O)C=C1C#CC1CC2C=CC1C2,0,0.0,,0,0.0,0.0,
167,167,167,167,217,217,957,217,C=CC#CC1=CC(=O)C=CC1(OC)OC.C1=CCC=C1,C=CC#CC1=CC(=O)C2C3C=CC(C3)C2C1(OC)OC,CH2Cl2,dichloromethane,C=CC#CC1=CC(=O)C=CC1(OC)OC.C1=CCC=C1>>C=CC#CC1=CC(=O)C2C3C=CC(C3)C2C1(OC)OC,1,0.0,,0,0.0,1.0,
168,168,168,168,222,222,990,222,C=CC#N.CCOP(=O)(OCC)OC(=CSC(C)=O)C1=CCCC1,CCOP(=O)(OCC)OC1=C2CCCC2C(C#N)CC1SC(C)=O,THF,tetrahydrofuran,C=CC#N.CCOP(=O)(OCC)OC(=CSC(C)=O)C1=CCCC1>>CCOP(=O)(OCC)OC1=C2CCCC2C(C#N)CC1SC(C)=O,0,0.0,0.029162332408077418,0,1.0,1.0,1.0
169,169,169,169,223,223,990,223,C=CC#N.CCOP(=O)(OCC)OC(=CSC(C)=O)C1=CCCC1,CCOP(=O)(OCC)OC1=C2CCCC2CC(C#N)C1SC(C)=O,THF,tetrahydrofuran,C=CC#N.CCOP(=O)(OCC)OC(=CSC(C)=O)C1=CCCC1>>CCOP(=O)(OCC)OC1=C2CCCC2CC(C#N)C1SC(C)=O,1,0.0,0.04330094643296434,1,0.0,0.0,0.0
170,170,170,170,224,224,1001,224,C=CC(=O)OC1CC(C)CCC1C(C)C.C=CC(=C)C,CC1=CCC(C(=O)OC2CC(C)CCC2C(C)C)CC1,CH2Cl2,dichloromethane,C=CC(=O)OC1CC(C)CCC1C(C)C.C=CC(=C)C>>CC1=CCC(C(=O)OC2CC(C)CCC2C(C)C)CC1,1,0.0,,0,0.0,1.0,
171,171,171,171,225,225,1001,225,C=CC(=O)OC1CC(C)CCC1C(C)C.C=CC(=C)C,CC1=CCCC(C(=O)OC2CC(C)CCC2C(C)C)C1,CH2Cl2,dichloromethane,C=CC(=O)OC1CC(C)CCC1C(C)C.C=CC(=C)C>>CC1=CCCC(C(=O)OC2CC(C)CCC2C(C)C)C1,0,0.0,,1,1.0,0.0,
172,172,172,172,226,226,1003,226,CC=CC=O.C=CC1=CCCCC1(C)CCCC(=C)C,C=C(C)CCCC1(C)CCCC2C1=CCC(C)C2C=O,CH2Cl2,dichloromethane,CC=CC=O.C=CC1=CCCCC1(C)CCCC(=C)C>>C=C(C)CCCC1(C)CCCC2C1=CCC(C)C2C=O,1,0.0,,1,1.0,1.0,
173,173,173,173,227,227,1003,227,CC=CC=O.C=CC1=CCCCC1(C)CCCC(=C)C,C=C(C)CCCC1(C)CCCC2C1=CCC(C=O)C2C,CH2Cl2,dichloromethane,CC=CC=O.C=CC1=CCCCC1(C)CCCC(=C)C>>C=C(C)CCCC1(C)CCCC2C1=CCC(C=O)C2C,0,0.0,,0,0.0,0.0,
174,174,174,174,228,228,1041,228,C=CC(=C)C.C=CC(=O)OC1C(=O)N(C)CC1(C)C,CC1=CCCC(C(=O)OC2C(=O)N(C)CC2(C)C)C1,CH2Cl2,dichloromethane,C=CC(=C)C.C=CC(=O)OC1C(=O)N(C)CC1(C)C>>CC1=CCCC(C(=O)OC2C(=O)N(C)CC2(C)C)C1,0,0.0,,1,0.0,1.0,
175,175,175,175,229,229,1041,229,C=CC(=C)C.C=CC(=O)OC1C(=O)N(C)CC1(C)C,CC1=CCC(C(=O)OC2C(=O)N(C)CC2(C)C)CC1,CH2Cl2,dichloromethane,C=CC(=C)C.C=CC(=O)OC1C(=O)N(C)CC1(C)C>>CC1=CCC(C(=O)OC2C(=O)N(C)CC2(C)C)CC1,1,0.0,,0,1.0,0.0,
176,176,176,176,230,230,1046,230,O=C1C=CCO1.C=CC(=C)C,CC1=CCC2C(=O)OCC2C1,Toluene,toluene,O=C1C=CCO1.C=CC(=C)C>>CC1=CCC2C(=O)OCC2C1,1,0.0,0.033324390297025275,1,1.0,1.0,0.0
177,177,177,177,231,231,1046,231,O=C1C=CCO1.C=CC(=C)C,CC1=CCC2COC(=O)C2C1,Toluene,toluene,O=C1C=CCO1.C=CC(=C)C>>CC1=CCC2COC(=O)C2C1,0,0.0,0.0333140589889922,0,0.0,0.0,1.0
178,178,178,178,232,232,1047,232,C1=CCC=C1.O=C1C(Br)=C(Br)C2C=CC1O2,O=C1C2C=CC(O2)C2(Br)C3C=CC(C3)C12Br,CH2Cl2,dichloromethane,C1=CCC=C1.O=C1C(Br)=C(Br)C2C=CC1O2>>O=C1C2C=CC(O2)C2(Br)C3C=CC(C3)C12Br,0,0.0,,1,,1.0,
179,179,179,179,233,233,1047,233,C1=CCC=C1.O=C1C(Br)=C(Br)C2C=CC1O2,O=C1C(Br)=C(Br)C2OC1C1C3C=CC(C3)C21,CH2Cl2,dichloromethane,C1=CCC=C1.O=C1C(Br)=C(Br)C2C=CC1O2>>O=C1C(Br)=C(Br)C2OC1C1C3C=CC(C3)C21,1,0.0,,0,,0.0,
180,180,180,180,234,234,1050,234,C1=CCCC=C1.O=C1C(Br)=C(Br)C2C=CC1O2,O=C1C2C=CC(O2)C2(Br)C3C=CC(CC3)C12Br,Toluene,toluene,C1=CCCC=C1.O=C1C(Br)=C(Br)C2C=CC1O2>>O=C1C2C=CC(O2)C2(Br)C3C=CC(CC3)C12Br,0,0.0,,1,,0.0,
181,181,181,181,235,235,1050,235,C1=CCCC=C1.O=C1C(Br)=C(Br)C2C=CC1O2,O=C1C(Br)=C(Br)C2OC1C1C3C=CC(CC3)C21,Toluene,toluene,C1=CCCC=C1.O=C1C(Br)=C(Br)C2C=CC1O2>>O=C1C(Br)=C(Br)C2OC1C1C3C=CC(CC3)C21,1,0.0,,0,,1.0,
182,182,182,182,236,236,1057,236,C=CC(C)=CCc1cc(OC)ccc1OC.C=CC=O,COc1ccc(OC)c(CC2CC(C=O)CC=C2C)c1,Toluene,toluene,C=CC(C)=CCc1cc(OC)ccc1OC.C=CC=O>>COc1ccc(OC)c(CC2CC(C=O)CC=C2C)c1,0,0.0,0.024037532773945713,0,0.0,0.0,0.0
183,183,183,183,237,237,1057,237,C=CC(C)=CCc1cc(OC)ccc1OC.C=CC=O,COc1ccc(OC)c(CC2C(C)=CCCC2C=O)c1,Toluene,toluene,C=CC(C)=CCc1cc(OC)ccc1OC.C=CC=O>>COc1ccc(OC)c(CC2C(C)=CCCC2C=O)c1,1,0.0,0.011829886655050359,1,1.0,1.0,1.0
184,184,184,184,238,238,1058,238,C=CC(C)=CCc1cc(OC)ccc1OCOC.C=CC=O,COCOc1ccc(OC)cc1CC1C(C)=CCCC1C=O,Toluene,toluene,C=CC(C)=CCc1cc(OC)ccc1OCOC.C=CC=O>>COCOc1ccc(OC)cc1CC1C(C)=CCCC1C=O,1,0.0,0.02342058147894477,1,1.0,0.0,0.0
185,185,185,185,239,239,1058,239,C=CC(C)=CCc1cc(OC)ccc1OCOC.C=CC=O,COCOc1ccc(OC)cc1CC1CC(C=O)CC=C1C,Toluene,toluene,C=CC(C)=CCc1cc(OC)ccc1OCOC.C=CC=O>>COCOc1ccc(OC)cc1CC1CC(C=O)CC=C1C,0,0.0,0.018751360137002848,0,0.0,1.0,1.0
186,186,186,186,240,240,1059,240,C=C(CCC#N)C(C)=O.C=CC(=C)C,CC(=O)C1(CCC#N)CC=C(C)CC1,CH2Cl2,dichloromethane,C=C(CCC#N)C(C)=O.C=CC(=C)C>>CC(=O)C1(CCC#N)CC=C(C)CC1,1,0.0,,1,1.0,1.0,
187,187,187,187,241,241,1059,241,C=C(CCC#N)C(C)=O.C=CC(=C)C,CC(=O)C1(CCC#N)CCC=C(C)C1,CH2Cl2,dichloromethane,C=C(CCC#N)C(C)=O.C=CC(=C)C>>CC(=O)C1(CCC#N)CCC=C(C)C1,0,0.0,,0,0.0,0.0,
188,188,188,188,244,244,1103,244,CC1=C(C)C(=O)C=CC1=O.C1=CC2(C=C1)CC2,CC12C(=O)C=CC(=O)C1(C)C1C=CC2C12CC2,Water,water,CC1=C(C)C(=O)C=CC1=O.C1=CC2(C=C1)CC2>>CC12C(=O)C=CC(=O)C1(C)C1C=CC2C12CC2,0,0.0,0.047577637702033826,0,0.0,0.0,0.0
189,189,189,189,245,245,1103,245,CC1=C(C)C(=O)C=CC1=O.C1=CC2(C=C1)CC2,CC1=C(C)C(=O)C2C(C1=O)C1C=CC2C12CC2,Water,water,CC1=C(C)C(=O)C=CC1=O.C1=CC2(C=C1)CC2>>CC1=C(C)C(=O)C2C(C1=O)C1C=CC2C12CC2,1,0.0,0.018117060962936193,1,1.0,1.0,1.0
190,190,190,190,248,248,1118,248,C=CC(=O)c1ccccc1.C=CC(=C)C,CC1=CCCC(C(=O)c2ccccc2)C1,CH2Cl2,dichloromethane,C=CC(=O)c1ccccc1.C=CC(=C)C>>CC1=CCCC(C(=O)c2ccccc2)C1,0,0.0,,0,0.0,0.0,
191,191,191,191,249,249,1118,249,C=CC(=O)c1ccccc1.C=CC(=C)C,CC1=CCC(C(=O)c2ccccc2)CC1,CH2Cl2,dichloromethane,C=CC(=O)c1ccccc1.C=CC(=C)C>>CC1=CCC(C(=O)c2ccccc2)CC1,1,0.0,,1,1.0,1.0,
192,192,192,192,250,250,1144,250,C=C(Br)C(=O)OCC.C=CC(=C)CCC=C(C)C,CCOC(=O)C1(Br)CC=C(CCC=C(C)C)CC1,CH2Cl2,dichloromethane,C=C(Br)C(=O)OCC.C=CC(=C)CCC=C(C)C>>CCOC(=O)C1(Br)CC=C(CCC=C(C)C)CC1,1,0.0,,0,,0.0,
193,193,193,193,251,251,1144,251,C=C(Br)C(=O)OCC.C=CC(=C)CCC=C(C)C,CCOC(=O)C1(Br)CCC=C(CCC=C(C)C)C1,CH2Cl2,dichloromethane,C=C(Br)C(=O)OCC.C=CC(=C)CCC=C(C)C>>CCOC(=O)C1(Br)CCC=C(CCC=C(C)C)C1,0,0.0,,1,,1.0,
194,194,194,194,254,254,1169,254,C1=CCC=C1.COC1=CC(=O)C(C)=CC1=O,COC12C(=O)C=C(C)C(=O)C1C1C=CC2C1,CHCl3,chloroform,C1=CCC=C1.COC1=CC(=O)C(C)=CC1=O>>COC12C(=O)C=C(C)C(=O)C1C1C=CC2C1,0,0.0,0.03588772921898453,0,0.0,0.0,0.0
195,195,195,195,255,255,1169,255,C1=CCC=C1.COC1=CC(=O)C(C)=CC1=O,COC1=CC(=O)C2(C)C3C=CC(C3)C2C1=O,CHCl3,chloroform,C1=CCC=C1.COC1=CC(=O)C(C)=CC1=O>>COC1=CC(=O)C2(C)C3C=CC(C3)C2C1=O,1,0.0,0.028109392108035536,1,1.0,1.0,1.0
196,196,196,196,258,258,1185,258,C=CC(=O)OC1C(=O)N(c2ccccc2)CC1(C)C.C=CC(=C)C,CC1=CCC(C(=O)OC2C(=O)N(c3ccccc3)CC2(C)C)CC1,CH2Cl2,dichloromethane,C=CC(=O)OC1C(=O)N(c2ccccc2)CC1(C)C.C=CC(=C)C>>CC1=CCC(C(=O)OC2C(=O)N(c3ccccc3)CC2(C)C)CC1,1,0.0,,0,1.0,0.0,
197,197,197,197,259,259,1185,259,C=CC(=O)OC1C(=O)N(c2ccccc2)CC1(C)C.C=CC(=C)C,CC1=CCCC(C(=O)OC2C(=O)N(c3ccccc3)CC2(C)C)C1,CH2Cl2,dichloromethane,C=CC(=O)OC1C(=O)N(c2ccccc2)CC1(C)C.C=CC(=C)C>>CC1=CCCC(C(=O)OC2C(=O)N(c3ccccc3)CC2(C)C)C1,0,0.0,,1,0.0,1.0,
198,198,198,198,260,260,1196,260,CC=CC1OCCO1.C=CC(=C)C,CC1=CCC(C)C(C2OCCO2)C1,CH2Cl2,dichloromethane,CC=CC1OCCO1.C=CC(=C)C>>CC1=CCC(C)C(C2OCCO2)C1,0,0.0,,1,1.0,1.0,
199,199,199,199,261,261,1196,261,CC=CC1OCCO1.C=CC(=C)C,CC1=CCC(C2OCCO2)C(C)C1,CH2Cl2,dichloromethane,CC=CC1OCCO1.C=CC(=C)C>>CC1=CCC(C2OCCO2)C(C)C1,1,0.0,,0,0.0,0.0,
200,200,200,200,266,266,1209,266,C=CC(=O)C1(O)CC2CCC1(C)C2(C)C.C=CC(=C)C,CC1=CCC(C(=O)C2(O)CC3CCC2(C)C3(C)C)CC1,CH2Cl2,dichloromethane,C=CC(=O)C1(O)CC2CCC1(C)C2(C)C.C=CC(=C)C>>CC1=CCC(C(=O)C2(O)CC3CCC2(C)C3(C)C)CC1,1,0.0,,1,1.0,0.0,
201,201,201,201,267,267,1209,267,C=CC(=O)C1(O)CC2CCC1(C)C2(C)C.C=CC(=C)C,CC1=CCCC(C(=O)C2(O)CC3CCC2(C)C3(C)C)C1,CH2Cl2,dichloromethane,C=CC(=O)C1(O)CC2CCC1(C)C2(C)C.C=CC(=C)C>>CC1=CCCC(C(=O)C2(O)CC3CCC2(C)C3(C)C)C1,0,0.0,,0,0.0,1.0,
202,202,202,202,272,272,1253,272,O=C1C=CCC1.CC1=CC=CC2OC(C)(C)OC12,CC1(C)OC2C3C=CC(C)(C2O1)C1C(=O)CCC31,CH2Cl2,dichloromethane,O=C1C=CCC1.CC1=CC=CC2OC(C)(C)OC12>>CC1(C)OC2C3C=CC(C)(C2O1)C1C(=O)CCC31,1,0.0,,1,1.0,1.0,
203,203,203,203,273,273,1253,273,O=C1C=CCC1.CC1=CC=CC2OC(C)(C)OC12,CC1(C)OC2C3C=CC(C)(C4CCC(=O)C34)C2O1,CH2Cl2,dichloromethane,O=C1C=CCC1.CC1=CC=CC2OC(C)(C)OC12>>CC1(C)OC2C3C=CC(C)(C4CCC(=O)C34)C2O1,0,0.0,,0,0.0,0.0,
204,204,204,204,274,274,1267,274,CCOP(=O)(OCC)OC(=CSCC)C1=CCCC1.C=CC=O,CCOP(=O)(OCC)OC1=C2CCCC2C(C=O)CC1SCC,Ether,diethyl ether,CCOP(=O)(OCC)OC(=CSCC)C1=CCCC1.C=CC=O>>CCOP(=O)(OCC)OC1=C2CCCC2C(C=O)CC1SCC,0,0.0,,0,,0.0,
205,205,205,205,275,275,1267,275,CCOP(=O)(OCC)OC(=CSCC)C1=CCCC1.C=CC=O,CCOP(=O)(OCC)OC1=C2CCCC2CC(C=O)C1SCC,Ether,diethyl ether,CCOP(=O)(OCC)OC(=CSCC)C1=CCCC1.C=CC=O>>CCOP(=O)(OCC)OC1=C2CCCC2CC(C=O)C1SCC,1,0.0,,1,,1.0,
206,206,206,206,276,276,1301,276,C=CC(=O)C1CC2C=CC1C2.C1=CCC=C1,O=C(C1CC2C=CC1C2)C1CC2C=CC1C2,CH2Cl2,dichloromethane,C=CC(=O)C1CC2C=CC1C2.C1=CCC=C1>>O=C(C1CC2C=CC1C2)C1CC2C=CC1C2,1,0.0,,1,1.0,1.0,
207,207,207,207,277,277,1301,277,C=CC(=O)C1CC2C=CC1C2.C1=CCC=C1,C=CC(=O)C1CC2CC1C1C3C=CC(C3)C21,CH2Cl2,dichloromethane,C=CC(=O)C1CC2C=CC1C2.C1=CCC=C1>>C=CC(=O)C1CC2CC1C1C3C=CC(C3)C21,0,0.0,,0,0.0,0.0,
208,208,208,208,278,278,1303,278,C=CCC1=C(CC=C)C(=O)C=CC1=O.C1=CCC=C1,C=CCC1=C(CC=C)C(=O)C2C3C=CC(C3)C2C1=O,Methanol,methanol,C=CCC1=C(CC=C)C(=O)C=CC1=O.C1=CCC=C1>>C=CCC1=C(CC=C)C(=O)C2C3C=CC(C3)C2C1=O,1,0.0,0.024492564563956876,1,1.0,1.0,1.0
209,209,209,209,279,279,1303,279,C=CCC1=C(CC=C)C(=O)C=CC1=O.C1=CCC=C1,C=CCC12C(=O)C=CC(=O)C1(CC=C)C1C=CC2C1,Methanol,methanol,C=CCC1=C(CC=C)C(=O)C=CC1=O.C1=CCC=C1>>C=CCC12C(=O)C=CC(=O)C1(CC=C)C1C=CC2C1,0,0.0,0.04116858067504836,0,0.0,0.0,0.0
210,210,210,210,280,280,1303,280,C=CCC1=C(CC=C)C(=O)C=CC1=O.C1=CCC=C1,C=CCC1=C(CC2CC3C=CC2C3)C(=O)C=CC1=O,Methanol,methanol,C=CCC1=C(CC=C)C(=O)C=CC1=O.C1=CCC=C1>>C=CCC1=C(CC2CC3C=CC2C3)C(=O)C=CC1=O,0,0.0,0.032273806647026504,0,0.0,0.0,0.0
211,211,211,211,283,283,1362,283,C=CC(=O)C(C)(C)O.C=CC(=C)C,CC1=CCCC(C(=O)C(C)(C)O)C1,CH2Cl2,dichloromethane,C=CC(=O)C(C)(C)O.C=CC(=C)C>>CC1=CCCC(C(=O)C(C)(C)O)C1,0,0.0,,0,0.0,1.0,
212,212,212,212,284,284,1362,284,C=CC(=O)C(C)(C)O.C=CC(=C)C,CC1=CCC(C(=O)C(C)(C)O)CC1,CH2Cl2,dichloromethane,C=CC(=O)C(C)(C)O.C=CC(=C)C>>CC1=CCC(C(=O)C(C)(C)O)CC1,1,0.0,,1,1.0,0.0,
213,213,213,213,289,289,1430,289,C[Si](C)(C)OC1=CCCC=C1.C=C(Cl)C#N,C[Si](C)(C)OC1=CC2CCC1CC2(Cl)C#N,Toluene,toluene,C[Si](C)(C)OC1=CCCC=C1.C=C(Cl)C#N>>C[Si](C)(C)OC1=CC2CCC1CC2(Cl)C#N,1,0.0,0.015481766484072068,1,1.0,1.0,1.0
214,214,214,214,290,290,1430,290,C[Si](C)(C)OC1=CCCC=C1.C=C(Cl)C#N,C[Si](C)(C)OC1=CC2CCC1C(Cl)(C#N)C2,Toluene,toluene,C[Si](C)(C)OC1=CCCC=C1.C=C(Cl)C#N>>C[Si](C)(C)OC1=CC2CCC1C(Cl)(C#N)C2,0,0.0,0.03423754884602204,0,0.0,0.0,0.0
215,215,215,215,295,295,1512,295,C1=CCC=C1.CC1=CC(=O)C=CC1=O,CC1=CC(=O)C2C3C=CC(C3)C2C1=O,Methanol,methanol,C1=CCC=C1.CC1=CC(=O)C=CC1=O>>CC1=CC(=O)C2C3C=CC(C3)C2C1=O,1,0.0,0.01566638610506743,1,1.0,1.0,1.0
216,216,216,216,296,296,1512,296,C1=CCC=C1.CC1=CC(=O)C=CC1=O,CC12C(=O)C=CC(=O)C1C1C=CC2C1,Methanol,methanol,C1=CCC=C1.CC1=CC(=O)C=CC1=O>>CC12C(=O)C=CC(=O)C1C1C=CC2C1,0,0.0,0.02521395462702003,0,0.0,0.0,0.0
217,217,217,217,297,297,1524,297,C=C(C)C=O.CCOP(=O)(OCC)OC(=CSCC)C1=CCCC1,CCOP(=O)(OCC)OC1=C2CCCC2C(C)(C=O)CC1SCC,Ether,diethyl ether,C=C(C)C=O.CCOP(=O)(OCC)OC(=CSCC)C1=CCCC1>>CCOP(=O)(OCC)OC1=C2CCCC2C(C)(C=O)CC1SCC,0,0.0,,0,,0.0,
218,218,218,218,298,298,1524,298,C=C(C)C=O.CCOP(=O)(OCC)OC(=CSCC)C1=CCCC1,CCOP(=O)(OCC)OC1=C2CCCC2CC(C)(C=O)C1SCC,Ether,diethyl ether,C=C(C)C=O.CCOP(=O)(OCC)OC(=CSCC)C1=CCCC1>>CCOP(=O)(OCC)OC1=C2CCCC2CC(C)(C=O)C1SCC,1,0.0,,1,,1.0,
219,219,219,219,299,299,1528,299,C=CC(C)=O.CCOP(=O)(OCC)OC(=CSCC)C1=CCCC1,CCOP(=O)(OCC)OC1=C2CCCC2C(C(C)=O)CC1SCC,Ether,diethyl ether,C=CC(C)=O.CCOP(=O)(OCC)OC(=CSCC)C1=CCCC1>>CCOP(=O)(OCC)OC1=C2CCCC2C(C(C)=O)CC1SCC,0,0.0,,0,,0.0,
220,220,220,220,300,300,1528,300,C=CC(C)=O.CCOP(=O)(OCC)OC(=CSCC)C1=CCCC1,CCOP(=O)(OCC)OC1=C2CCCC2CC(C(C)=O)C1SCC,Ether,diethyl ether,C=CC(C)=O.CCOP(=O)(OCC)OC(=CSCC)C1=CCCC1>>CCOP(=O)(OCC)OC1=C2CCCC2CC(C(C)=O)C1SCC,1,0.0,,1,,1.0,
221,221,221,221,301,301,1602,301,N#CC1=C(C#N)C(=O)C=CC1=O.C=CC(=C)C,CC1=CCC2C(=O)C(C#N)=C(C#N)C(=O)C2C1,THF,tetrahydrofuran,N#CC1=C(C#N)C(=O)C=CC1=O.C=CC(=C)C>>CC1=CCC2C(=O)C(C#N)=C(C#N)C(=O)C2C1,0,0.0,0.007950708180942456,1,1.0,0.0,0.0
222,222,222,222,302,302,1602,302,N#CC1=C(C#N)C(=O)C=CC1=O.C=CC(=C)C,CC1=CCC2(C#N)C(=O)C=CC(=O)C2(C#N)C1,THF,tetrahydrofuran,N#CC1=C(C#N)C(=O)C=CC1=O.C=CC(=C)C>>CC1=CCC2(C#N)C(=O)C=CC(=O)C2(C#N)C1,1,0.0,0.004884411946932232,0,0.0,1.0,1.0
223,223,223,223,303,303,1676,303,C=C(C)C=O.C=CC1=CCCCC1O,CC1(C=O)CC=C2C(O)CCCC2C1,CH2Cl2,dichloromethane,C=C(C)C=O.C=CC1=CCCCC1O>>CC1(C=O)CC=C2C(O)CCCC2C1,0,0.0,,0,0.0,1.0,
224,224,224,224,304,304,1676,304,C=C(C)C=O.C=CC1=CCCCC1O,CC1(C=O)CCC=C2C(O)CCCC21,CH2Cl2,dichloromethane,C=C(C)C=O.C=CC1=CCCCC1O>>CC1(C=O)CCC=C2C(O)CCCC21,1,0.0,,1,1.0,0.0,
225,225,225,225,305,305,1678,305,C=CC1=CCCCC1O.C=CC(=O)OC,COC(=O)C1CC=C2C(O)CCCC2C1,CH2Cl2,dichloromethane,C=CC1=CCCCC1O.C=CC(=O)OC>>COC(=O)C1CC=C2C(O)CCCC2C1,0,0.0,,1,1.0,0.0,
226,226,226,226,306,306,1678,306,C=CC1=CCCCC1O.C=CC(=O)OC,COC(=O)C1CCC=C2C(O)CCCC21,CH2Cl2,dichloromethane,C=CC1=CCCCC1O.C=CC(=O)OC>>COC(=O)C1CCC=C2C(O)CCCC21,1,0.0,,0,0.0,1.0,
227,227,227,227,307,307,1680,307,C=CC1=CCCCC1O.C=CC=O,O=CC1CCC=C2C(O)CCCC21,CH2Cl2,dichloromethane,C=CC1=CCCCC1O.C=CC=O>>O=CC1CCC=C2C(O)CCCC21,1,0.0,,0,0.0,1.0,
228,228,228,228,308,308,1680,308,C=CC1=CCCCC1O.C=CC=O,O=CC1CC=C2C(O)CCCC2C1,CH2Cl2,dichloromethane,C=CC1=CCCCC1O.C=CC=O>>O=CC1CC=C2C(O)CCCC2C1,0,0.0,,1,1.0,0.0,
229,229,229,229,311,311,1739,311,C=CC1=CC(O[Si](C)(C)C(C)(C)C)CC1(C)O.C=CC=O,CC1(O)CC(O[Si](C)(C)C(C)(C)C)C2CC(C=O)CC=C21,CH2Cl2,dichloromethane,C=CC1=CC(O[Si](C)(C)C(C)(C)C)CC1(C)O.C=CC=O>>CC1(O)CC(O[Si](C)(C)C(C)(C)C)C2CC(C=O)CC=C21,0,0.0,,0,0.0,0.0,
230,230,230,230,312,312,1739,312,C=CC1=CC(O[Si](C)(C)C(C)(C)C)CC1(C)O.C=CC=O,CC1(O)CC(O[Si](C)(C)C(C)(C)C)C2C1=CCCC2C=O,CH2Cl2,dichloromethane,C=CC1=CC(O[Si](C)(C)C(C)(C)C)CC1(C)O.C=CC=O>>CC1(O)CC(O[Si](C)(C)C(C)(C)C)C2C1=CCCC2C=O,1,0.0,,1,1.0,1.0,
231,231,231,231,313,313,1748,313,C=C=COC1CC(C)CCC1C(C)C.C1=CCC=C1,C=C1C2C=CC(C2)C1OC1CC(C)CCC1C(C)C,CH2Cl2,dichloromethane,C=C=COC1CC(C)CCC1C(C)C.C1=CCC=C1>>C=C1C2C=CC(C2)C1OC1CC(C)CCC1C(C)C,0,0.0,,1,0.0,0.0,
232,232,232,232,314,314,1748,314,C=C=COC1CC(C)CCC1C(C)C.C1=CCC=C1,CC1CCC(C(C)C)C(OC=C2CC3C=CC2C3)C1,CH2Cl2,dichloromethane,C=C=COC1CC(C)CCC1C(C)C.C1=CCC=C1>>CC1CCC(C(C)C)C(OC=C2CC3C=CC2C3)C1,1,0.0,,0,1.0,1.0,
233,233,233,233,317,317,1768,317,C=CC(=O)OC(C)(C)C.CC12C=CC=CN1C=CC2=O,CC(C)(C)OC(=O)C1CC2C=CC1N1C=CC(=O)C21C,Benzene,benzene,C=CC(=O)OC(C)(C)C.CC12C=CC=CN1C=CC2=O>>CC(C)(C)OC(=O)C1CC2C=CC1N1C=CC(=O)C21C,1,0.0,0.03805578709398105,0,0.0,1.0,1.0
234,234,234,234,318,318,1768,318,C=CC(=O)OC(C)(C)C.CC12C=CC=CN1C=CC2=O,CC(C)(C)OC(=O)C1CC2C=CC1C1(C)C(=O)C=CN21,Benzene,benzene,C=CC(=O)OC(C)(C)C.CC12C=CC=CN1C=CC2=O>>CC(C)(C)OC(=O)C1CC2C=CC1C1(C)C(=O)C=CN21,0,0.0,0.04354389410093518,1,1.0,0.0,0.0
235,235,235,235,319,319,1769,319,CC12C=CC=CN1C=CC2=O.C=CC(=O)OC,COC(=O)C1CC2C=CC1N1C=CC(=O)C21C,Benzene,benzene,CC12C=CC=CN1C=CC2=O.C=CC(=O)OC>>COC(=O)C1CC2C=CC1N1C=CC(=O)C21C,1,0.0,0.029790553478960646,1,1.0,1.0,1.0
236,236,236,236,320,320,1769,320,CC12C=CC=CN1C=CC2=O.C=CC(=O)OC,COC(=O)C1CC2C=CC1C1(C)C(=O)C=CN21,Benzene,benzene,CC12C=CC=CN1C=CC2=O.C=CC(=O)OC>>COC(=O)C1CC2C=CC1C1(C)C(=O)C=CN21,0,0.0,0.04954183029303749,0,0.0,0.0,0.0
237,237,237,237,321,321,1770,321,CC12C=CC=CN1C=CC2=O.C=C(Cl)C#N,CC12C(=O)C=CN1C1C=CC2CC1(Cl)C#N,Benzene,benzene,CC12C=CC=CN1C=CC2=O.C=C(Cl)C#N>>CC12C(=O)C=CN1C1C=CC2CC1(Cl)C#N,1,0.0,0.028686825286968087,1,1.0,1.0,1.0
238,238,238,238,322,322,1770,322,CC12C=CC=CN1C=CC2=O.C=C(Cl)C#N,CC12C(=O)C=CN1C1C=CC2C(Cl)(C#N)C1,Benzene,benzene,CC12C=CC=CN1C=CC2=O.C=C(Cl)C#N>>CC12C(=O)C=CN1C1C=CC2C(Cl)(C#N)C1,0,0.0,0.05102440673908859,0,0.0,0.0,0.0
239,239,239,239,325,325,1827,325,O=[N+]([O-])C=Cc1ccccc1.C=CC=CN1CCCC1=O,O=C1CCCN1C1C=CCC([N+](=O)[O-])C1c1ccccc1,Ether,diethyl ether,O=[N+]([O-])C=Cc1ccccc1.C=CC=CN1CCCC1=O>>O=C1CCCN1C1C=CCC([N+](=O)[O-])C1c1ccccc1,0,0.0,,1,,1.0,
240,240,240,240,326,326,1827,326,O=[N+]([O-])C=Cc1ccccc1.C=CC=CN1CCCC1=O,O=C1CCCN1C1C=CCC(c2ccccc2)C1[N+](=O)[O-],Ether,diethyl ether,O=[N+]([O-])C=Cc1ccccc1.C=CC=CN1CCCC1=O>>O=C1CCCN1C1C=CCC(c2ccccc2)C1[N+](=O)[O-],1,0.0,,0,,0.0,
241,241,241,241,327,327,1857,327,C=C(C)C=O.C=C(C)C1=CCCCC1O,CC1=C2C(O)CCCC2C(C)(C=O)CC1,CH2Cl2,dichloromethane,C=C(C)C=O.C=C(C)C1=CCCCC1O>>CC1=C2C(O)CCCC2C(C)(C=O)CC1,1,0.0,,0,0.0,1.0,
242,242,242,242,328,328,1857,328,C=C(C)C=O.C=C(C)C1=CCCCC1O,CC1=C2C(O)CCCC2CC(C)(C=O)C1,CH2Cl2,dichloromethane,C=C(C)C=O.C=C(C)C1=CCCCC1O>>CC1=C2C(O)CCCC2CC(C)(C=O)C1,0,0.0,,1,1.0,0.0,
243,243,243,243,329,329,1858,329,C=C(C)C=O.C=CC1=CCCCC1(O)C=C,C=CC1(O)CCCC2CC(C)(C=O)CC=C21,CH2Cl2,dichloromethane,C=C(C)C=O.C=CC1=CCCCC1(O)C=C>>C=CC1(O)CCCC2CC(C)(C=O)CC=C21,0,0.0,,0,0.0,0.0,
244,244,244,244,330,330,1858,330,C=C(C)C=O.C=CC1=CCCCC1(O)C=C,C=CC1(O)CCCC2C1=CCCC2(C)C=O,CH2Cl2,dichloromethane,C=C(C)C=O.C=CC1=CCCCC1(O)C=C>>C=CC1(O)CCCC2C1=CCCC2(C)C=O,1,0.0,,1,1.0,1.0,
245,245,245,245,331,331,1859,331,C=C(C)C=O.C=CC1=CCCCC1(O)C(=C)C,C=C(C)C1(O)CCCC2CC(C)(C=O)CC=C21,CH2Cl2,dichloromethane,C=C(C)C=O.C=CC1=CCCCC1(O)C(=C)C>>C=C(C)C1(O)CCCC2CC(C)(C=O)CC=C21,0,0.0,,0,0.0,1.0,
246,246,246,246,332,332,1859,332,C=C(C)C=O.C=CC1=CCCCC1(O)C(=C)C,C=C(C)C1(O)CCCC2C1=CCCC2(C)C=O,CH2Cl2,dichloromethane,C=C(C)C=O.C=CC1=CCCCC1(O)C(=C)C>>C=C(C)C1(O)CCCC2C1=CCCC2(C)C=O,1,0.0,,1,1.0,0.0,
247,247,247,247,333,333,1862,333,C=C(C)C1=CCCCC1O.C=CC(=O)OC,COC(=O)C1CC(C)=C2C(O)CCCC2C1,CH2Cl2,dichloromethane,C=C(C)C1=CCCCC1O.C=CC(=O)OC>>COC(=O)C1CC(C)=C2C(O)CCCC2C1,0,0.0,,0,0.0,1.0,
248,248,248,248,334,334,1862,334,C=C(C)C1=CCCCC1O.C=CC(=O)OC,COC(=O)C1CCC(C)=C2C(O)CCCC21,CH2Cl2,dichloromethane,C=C(C)C1=CCCCC1O.C=CC(=O)OC>>COC(=O)C1CCC(C)=C2C(O)CCCC21,1,0.0,,1,1.0,0.0,
249,249,249,249,339,339,1893,339,O=C1C=CC(=O)C(CCC(=O)O)=C1.C1=CCC=C1,O=C(O)CCC12C(=O)C=CC(=O)C1C1C=CC2C1,Methanol,methanol,O=C1C=CC(=O)C(CCC(=O)O)=C1.C1=CCC=C1>>O=C(O)CCC12C(=O)C=CC(=O)C1C1C=CC2C1,0,0.0,0.027621531285035417,1,0.0,0.0,0.0
250,250,250,250,340,340,1893,340,O=C1C=CC(=O)C(CCC(=O)O)=C1.C1=CCC=C1,O=C(O)CCC1=CC(=O)C2C3C=CC(C3)C2C1=O,Methanol,methanol,O=C1C=CC(=O)C(CCC(=O)O)=C1.C1=CCC=C1>>O=C(O)CCC1=CC(=O)C2C3C=CC(C3)C2C1=O,1,0.0,0.009947496101062825,0,1.0,1.0,1.0
251,251,251,251,345,345,1898,345,CS(=O)(=O)C1=CC=C(S(C)(=O)=O)S1(=O)=O.C=C(C)C(=C)C,C=C(C)C1(C)CC2(S(C)(=O)=O)C=CC1(S(C)(=O)=O)S2(=O)=O,CH2Cl2,dichloromethane,CS(=O)(=O)C1=CC=C(S(C)(=O)=O)S1(=O)=O.C=C(C)C(=C)C>>C=C(C)C1(C)CC2(S(C)(=O)=O)C=CC1(S(C)(=O)=O)S2(=O)=O,0,0.0,,0,0.0,,
252,252,252,252,346,346,1898,346,CS(=O)(=O)C1=CC=C(S(C)(=O)=O)S1(=O)=O.C=C(C)C(=C)C,CC1=C(C)CC2(S(C)(=O)=O)C(C=C(S(C)(=O)=O)S2(=O)=O)C1,CH2Cl2,dichloromethane,CS(=O)(=O)C1=CC=C(S(C)(=O)=O)S1(=O)=O.C=C(C)C(=C)C>>CC1=C(C)CC2(S(C)(=O)=O)C(C=C(S(C)(=O)=O)S2(=O)=O)C1,1,0.0,,1,1.0,,
253,253,253,253,347,347,1899,347,C=C(C)C(=C)C.CS(=O)(=O)C1=CC=C(Cl)S1(=O)=O,C=C(C)C1(C)CC2(S(C)(=O)=O)C=CC1(Cl)S2(=O)=O,CH2Cl2,dichloromethane,C=C(C)C(=C)C.CS(=O)(=O)C1=CC=C(Cl)S1(=O)=O>>C=C(C)C1(C)CC2(S(C)(=O)=O)C=CC1(Cl)S2(=O)=O,0,0.0,,1,0.0,0.0,
254,254,254,254,349,349,1899,349,C=C(C)C(=C)C.CS(=O)(=O)C1=CC=C(Cl)S1(=O)=O,C=C(C)C1(C)CC2(Cl)C=CC1(S(C)(=O)=O)S2(=O)=O,CH2Cl2,dichloromethane,C=C(C)C(=C)C.CS(=O)(=O)C1=CC=C(Cl)S1(=O)=O>>C=C(C)C1(C)CC2(Cl)C=CC1(S(C)(=O)=O)S2(=O)=O,0,0.0,,0,1.0,1.0,
255,255,255,255,353,353,1903,353,CS(=O)(=O)C1=CC=C(S(C)(=O)=O)S1(=O)=O.C=CC(=C)C,C=CC1(C)CC2(S(C)(=O)=O)C=CC1(S(C)(=O)=O)S2(=O)=O,CH2Cl2,dichloromethane,CS(=O)(=O)C1=CC=C(S(C)(=O)=O)S1(=O)=O.C=CC(=C)C>>C=CC1(C)CC2(S(C)(=O)=O)C=CC1(S(C)(=O)=O)S2(=O)=O,0,0.0,,1,1.0,,
256,256,256,256,354,354,1903,354,CS(=O)(=O)C1=CC=C(S(C)(=O)=O)S1(=O)=O.C=CC(=C)C,CC1=CCC2C=C(S(C)(=O)=O)S(=O)(=O)C2(S(C)(=O)=O)C1,CH2Cl2,dichloromethane,CS(=O)(=O)C1=CC=C(S(C)(=O)=O)S1(=O)=O.C=CC(=C)C>>CC1=CCC2C=C(S(C)(=O)=O)S(=O)(=O)C2(S(C)(=O)=O)C1,0,0.0,,0,0.0,,
257,257,257,257,355,355,1908,355,COC(=O)C1=CC(=O)C=CC1=O.C=C(C=COC)OC,COC(=O)C1=CC(=O)C2C(OC)C=C(OC)CC2C1=O,Benzene,benzene,COC(=O)C1=CC(=O)C=CC1=O.C=C(C=COC)OC>>COC(=O)C1=CC(=O)C2C(OC)C=C(OC)CC2C1=O,0,0.0,0.01693447494596967,1,1.0,0.0,0.0
258,258,258,258,356,356,1908,356,COC(=O)C1=CC(=O)C=CC1=O.C=C(C=COC)OC,COC(=O)C1=CC(=O)C2CC(OC)=CC(OC)C2C1=O,Benzene,benzene,COC(=O)C1=CC(=O)C=CC1=O.C=C(C=COC)OC>>COC(=O)C1=CC(=O)C2CC(OC)=CC(OC)C2C1=O,0,0.0,0.014134539703036353,0,0.0,1.0,1.0
259,259,259,259,357,357,1908,357,COC(=O)C1=CC(=O)C=CC1=O.C=C(C=COC)OC,COC(=O)C12CC(OC)=CC(OC)C1C(=O)C=CC2=O,Benzene,benzene,COC(=O)C1=CC(=O)C=CC1=O.C=C(C=COC)OC>>COC(=O)C12CC(OC)=CC(OC)C1C(=O)C=CC2=O,0,0.0,0.021158684528018057,0,0.0,0.0,0.0
260,260,260,260,363,363,1924,363,C1=CCC=C1.O=C1C=CCCC2C3C=CC(C3)C12,O=C1C=CCCC2C3CC(C12)C1C2C=CC(C2)C31,Toluene,toluene,C1=CCC=C1.O=C1C=CCCC2C3C=CC(C3)C12>>O=C1C=CCCC2C3CC(C12)C1C2C=CC(C2)C31,0,0.0,0.0403377646230183,0,0.0,0.0,1.0
261,261,261,261,364,364,1924,364,C1=CCC=C1.O=C1C=CCCC2C3C=CC(C3)C12,O=C1C2C3C=CC(C3)C2CCC2C3C=CC(C3)C12,Toluene,toluene,C1=CCC=C1.O=C1C=CCCC2C3C=CC(C3)C12>>O=C1C2C3C=CC(C3)C2CCC2C3C=CC(C3)C12,1,0.0,0.041579735802997675,1,1.0,1.0,0.0
262,262,262,262,367,367,2065,367,CC12C=CC=CN1C=CC2=O.C=CC=O,CC12C(=O)C=CN1C1C=CC2CC1C=O,Benzene,benzene,CC12C=CC=CN1C=CC2=O.C=CC=O>>CC12C(=O)C=CN1C1C=CC2CC1C=O,1,0.0,0.025082952309958273,1,1.0,1.0,1.0
263,263,263,263,368,368,2065,368,CC12C=CC=CN1C=CC2=O.C=CC=O,CC12C(=O)C=CN1C1C=CC2C(C=O)C1,Benzene,benzene,CC12C=CC=CN1C=CC2=O.C=CC=O>>CC12C(=O)C=CN1C1C=CC2C(C=O)C1,0,0.0,0.051317692192014874,0,0.0,0.0,0.0
264,264,264,264,369,369,2073,369,CC1=C(C)C(=O)C=CC1=O.C=CC(=C)C,CC1=CCC2C(=O)C(C)=C(C)C(=O)C2C1,Benzene,benzene,CC1=C(C)C(=O)C=CC1=O.C=CC(=C)C>>CC1=CCC2C(=O)C(C)=C(C)C(=O)C2C1,1,0.0,0.027959750646004977,0,0.0,1.0,1.0
265,265,265,265,370,370,2073,370,CC1=C(C)C(=O)C=CC1=O.C=CC(=C)C,CC1=CCC2(C)C(=O)C=CC(=O)C2(C)C1,Benzene,benzene,CC1=C(C)C(=O)C=CC1=O.C=CC(=C)C>>CC1=CCC2(C)C(=O)C=CC(=O)C2(C)C1,0,0.0,0.04057827602002817,1,1.0,0.0,0.0
266,266,266,266,371,371,2086,371,C=Cc1ccccc1.CC(C)(C)C1=CC(=O)C(=O)C=C1,CC(C)(C)C1=CC2CC(c3ccccc3)C1C(=O)C2=O,Acetonitrile,acetonitrile,C=Cc1ccccc1.CC(C)(C)C1=CC(=O)C(=O)C=C1>>CC(C)(C)C1=CC2CC(c3ccccc3)C1C(=O)C2=O,1,0.0,0.02584246563196757,1,1.0,0.0,0.0
267,267,267,267,372,372,2086,372,C=Cc1ccccc1.CC(C)(C)C1=CC(=O)C(=O)C=C1,CC(C)(C)C1=CC2C(=O)C(=O)C1CC2c1ccccc1,Acetonitrile,acetonitrile,C=Cc1ccccc1.CC(C)(C)C1=CC(=O)C(=O)C=C1>>CC(C)(C)C1=CC2C(=O)C(=O)C1CC2c1ccccc1,0,0.0,0.022671068297086094,0,0.0,1.0,1.0
268,268,268,268,373,373,2105,373,C1=CCC=C1.CC1(C)CC(O)C2=C(S1)C(=O)C=CC2=O,CC1(C)CC(O)C2=C(S1)C(=O)C1C3C=CC(C3)C1C2=O,CH2Cl2,dichloromethane,C1=CCC=C1.CC1(C)CC(O)C2=C(S1)C(=O)C=CC2=O>>CC1(C)CC(O)C2=C(S1)C(=O)C1C3C=CC(C3)C1C2=O,1,0.0,,0,0.0,1.0,
269,269,269,269,374,374,2105,374,C1=CCC=C1.CC1(C)CC(O)C2=C(S1)C(=O)C=CC2=O,CC1(C)CC(O)C23C(=O)C=CC(=O)C2(S1)C1C=CC3C1,CH2Cl2,dichloromethane,C1=CCC=C1.CC1(C)CC(O)C2=C(S1)C(=O)C=CC2=O>>CC1(C)CC(O)C23C(=O)C=CC(=O)C2(S1)C1C=CC3C1,0,0.0,,1,1.0,0.0,
270,270,270,270,376,376,2145,376,CS(=O)(=O)C1=CC=C(S(C)(=O)=O)S1(=O)=O.C=CC=CC,C=CC1C(C)C2(S(C)(=O)=O)C=CC1(S(C)(=O)=O)S2(=O)=O,CH2Cl2,dichloromethane,CS(=O)(=O)C1=CC=C(S(C)(=O)=O)S1(=O)=O.C=CC=CC>>C=CC1C(C)C2(S(C)(=O)=O)C=CC1(S(C)(=O)=O)S2(=O)=O,0,0.0,,0,0.0,,
271,271,271,271,377,377,2145,377,CS(=O)(=O)C1=CC=C(S(C)(=O)=O)S1(=O)=O.C=CC=CC,CC1C=CCC2C=C(S(C)(=O)=O)S(=O)(=O)C12S(C)(=O)=O,CH2Cl2,dichloromethane,CS(=O)(=O)C1=CC=C(S(C)(=O)=O)S1(=O)=O.C=CC=CC>>CC1C=CCC2C=C(S(C)(=O)=O)S(=O)(=O)C12S(C)(=O)=O,0,0.0,,1,1.0,,
272,272,272,272,379,379,2146,379,CCC1=CC(=O)C=CC1=O.C1=CCC=C1,CCC1=CC(=O)C2C3C=CC(C3)C2C1=O,Methanol,methanol,CCC1=CC(=O)C=CC1=O.C1=CCC=C1>>CCC1=CC(=O)C2C3C=CC(C3)C2C1=O,1,0.0,0.014664523267015284,1,1.0,1.0,1.0
273,273,273,273,380,380,2146,380,CCC1=CC(=O)C=CC1=O.C1=CCC=C1,CCC12C(=O)C=CC(=O)C1C1C=CC2C1,Methanol,methanol,CCC1=CC(=O)C=CC1=O.C1=CCC=C1>>CCC12C(=O)C=CC(=O)C1C1C=CC2C1,0,0.0,0.028951103378062726,0,0.0,0.0,0.0
274,274,274,274,381,381,2194,381,C=CC1=CCCc2cc(OC)ccc21.CC1=CC(=O)C(C)=CC1=O,COc1ccc2c(c1)CCC1C2=CCC2C(=O)C(C)=CC(=O)C21C,Toluene,toluene,C=CC1=CCCc2cc(OC)ccc21.CC1=CC(=O)C(C)=CC1=O>>COc1ccc2c(c1)CCC1C2=CCC2C(=O)C(C)=CC(=O)C21C,0,0.0,0.019779772972015053,1,1.0,1.0,1.0
275,275,275,275,382,382,2194,382,C=CC1=CCCc2cc(OC)ccc21.CC1=CC(=O)C(C)=CC1=O,COc1ccc2c(c1)CCC1C2=CCC2(C)C(=O)C=C(C)C(=O)C12,Toluene,toluene,C=CC1=CCCc2cc(OC)ccc21.CC1=CC(=O)C(C)=CC1=O>>COc1ccc2c(c1)CCC1C2=CCC2(C)C(=O)C=C(C)C(=O)C12,1,0.0,0.024016547708015423,0,0.0,0.0,0.0
276,276,276,276,383,383,2244,383,C=CCCC12C=CC=CN1C=CC2=O.C=CC=O,C=CCCC12C(=O)C=CN1C1C=CC2C(C=O)C1,Benzene,benzene,C=CCCC12C=CC=CN1C=CC2=O.C=CC=O>>C=CCCC12C(=O)C=CN1C1C=CC2C(C=O)C1,0,0.0,0.04110296812098113,0,0.0,0.0,0.0
277,277,277,277,384,384,2244,384,C=CCCC12C=CC=CN1C=CC2=O.C=CC=O,C=CCCC12C(=O)C=CN1C1C=CC2CC1C=O,Benzene,benzene,C=CCCC12C=CC=CN1C=CC2=O.C=CC=O>>C=CCCC12C(=O)C=CN1C1C=CC2CC1C=O,1,0.0,0.03768696835606988,1,1.0,1.0,1.0
278,278,278,278,385,385,2245,385,C=CCCC12C=CC=CN1C=CC2=O.C=C(Cl)C#N,C=CCCC12C(=O)C=CN1C1C=CC2CC1(Cl)C#N,Benzene,benzene,C=CCCC12C=CC=CN1C=CC2=O.C=C(Cl)C#N>>C=CCCC12C(=O)C=CN1C1C=CC2CC1(Cl)C#N,1,0.0,0.03506225399996765,1,1.0,1.0,1.0
279,279,279,279,386,386,2245,386,C=CCCC12C=CC=CN1C=CC2=O.C=C(Cl)C#N,C=CCCC12C(=O)C=CN1C1C=CC2C(Cl)(C#N)C1,Benzene,benzene,C=CCCC12C=CC=CN1C=CC2=O.C=C(Cl)C#N>>C=CCCC12C(=O)C=CN1C1C=CC2C(Cl)(C#N)C1,0,0.0,0.05692121150991625,0,0.0,0.0,0.0
280,280,280,280,391,391,2273,391,C=Cc1ccc(C)cc1.CC(C)(C)C1=CC(=O)C(=O)C=C1,Cc1ccc(C2CC3C(=O)C(=O)C2C=C3C(C)(C)C)cc1,Acetonitrile,acetonitrile,C=Cc1ccc(C)cc1.CC(C)(C)C1=CC(=O)C(=O)C=C1>>Cc1ccc(C2CC3C(=O)C(=O)C2C=C3C(C)(C)C)cc1,0,0.0,0.020999235695057905,1,1.0,0.0,0.0
281,281,281,281,392,392,2273,392,C=Cc1ccc(C)cc1.CC(C)(C)C1=CC(=O)C(=O)C=C1,Cc1ccc(C2CC3C=C(C(C)(C)C)C2C(=O)C3=O)cc1,Acetonitrile,acetonitrile,C=Cc1ccc(C)cc1.CC(C)(C)C1=CC(=O)C(=O)C=C1>>Cc1ccc(C2CC3C=C(C(C)(C)C)C2C(=O)C3=O)cc1,1,0.0,0.01929365920307191,0,0.0,1.0,1.0
282,282,282,282,393,393,2282,393,C=CC=COC.CC1(C)CC(=O)C(C#N)=CO1,COC1C=CCC2(C#N)C(=O)CC(C)(C)OC12,Toluene,toluene,C=CC=COC.CC1(C)CC(=O)C(C#N)=CO1>>COC1C=CCC2(C#N)C(=O)CC(C)(C)OC12,0,0.0,0.060886384609034394,0,0.0,0.0,0.0
283,283,283,283,394,394,2282,394,C=CC=COC.CC1(C)CC(=O)C(C#N)=CO1,COC1C=CCC2OC(C)(C)CC(=O)C12C#N,Toluene,toluene,C=CC=COC.CC1(C)CC(=O)C(C#N)=CO1>>COC1C=CCC2OC(C)(C)CC(=O)C12C#N,1,0.0,0.03243927923301726,1,1.0,1.0,1.0
284,284,284,284,395,395,2283,395,C=CC=COC.CC1(C)CC(=O)C(S(=O)(=O)c2ccccc2)=CO1,COC1C=CCC2OC(C)(C)CC(=O)C12S(=O)(=O)c1ccccc1,Toluene,toluene,C=CC=COC.CC1(C)CC(=O)C(S(=O)(=O)c2ccccc2)=CO1>>COC1C=CCC2OC(C)(C)CC(=O)C12S(=O)(=O)c1ccccc1,1,0.0,0.03569766205191627,0,0.0,1.0,1.0
285,285,285,285,396,396,2283,396,C=CC=COC.CC1(C)CC(=O)C(S(=O)(=O)c2ccccc2)=CO1,COC1C=CCC2(S(=O)(=O)c3ccccc3)C(=O)CC(C)(C)OC12,Toluene,toluene,C=CC=COC.CC1(C)CC(=O)C(S(=O)(=O)c2ccccc2)=CO1>>COC1C=CCC2(S(=O)(=O)c3ccccc3)C(=O)CC(C)(C)OC12,0,0.0,0.057645419311938895,1,1.0,0.0,0.0
286,286,286,286,405,405,2335,405,C1=CCC=C1.CS(=O)(=O)C1=CC=C(Cl)S1(=O)=O,CS(=O)(=O)C12C=CC(Cl)(C3CC=CC31)S2(=O)=O,CH2Cl2,dichloromethane,C1=CCC=C1.CS(=O)(=O)C1=CC=C(Cl)S1(=O)=O>>CS(=O)(=O)C12C=CC(Cl)(C3CC=CC31)S2(=O)=O,0,0.0,,0,0.0,0.0,
287,287,287,287,406,406,2335,406,C1=CCC=C1.CS(=O)(=O)C1=CC=C(Cl)S1(=O)=O,CS(=O)(=O)C12C=CC(Cl)(C3C=CCC31)S2(=O)=O,CH2Cl2,dichloromethane,C1=CCC=C1.CS(=O)(=O)C1=CC=C(Cl)S1(=O)=O>>CS(=O)(=O)C12C=CC(Cl)(C3C=CCC31)S2(=O)=O,0,0.0,,1,0.0,1.0,
288,288,288,288,407,407,2335,407,C1=CCC=C1.CS(=O)(=O)C1=CC=C(Cl)S1(=O)=O,CS(=O)(=O)C12C3C=CC(C3)C1C=C(Cl)S2(=O)=O,CH2Cl2,dichloromethane,C1=CCC=C1.CS(=O)(=O)C1=CC=C(Cl)S1(=O)=O>>CS(=O)(=O)C12C3C=CC(C3)C1C=C(Cl)S2(=O)=O,1,0.0,,0,0.0,0.0,
289,289,289,289,408,408,2335,408,C1=CCC=C1.CS(=O)(=O)C1=CC=C(Cl)S1(=O)=O,CS(=O)(=O)C1=CC2C3C=CC(C3)C2(Cl)S1(=O)=O,CH2Cl2,dichloromethane,C1=CCC=C1.CS(=O)(=O)C1=CC=C(Cl)S1(=O)=O>>CS(=O)(=O)C1=CC2C3C=CC(C3)C2(Cl)S1(=O)=O,0,0.0,,0,1.0,0.0,
290,290,290,290,409,409,2340,409,CC(=O)C1=C(Cl)C(=O)C=CC1=O.C1=CCC=C1,CC(=O)C12C(=O)C=CC(=O)C1(Cl)C1C=CC2C1,CH2Cl2,dichloromethane,CC(=O)C1=C(Cl)C(=O)C=CC1=O.C1=CCC=C1>>CC(=O)C12C(=O)C=CC(=O)C1(Cl)C1C=CC2C1,0,0.0,,0,0.0,0.0,
291,291,291,291,410,410,2340,410,CC(=O)C1=C(Cl)C(=O)C=CC1=O.C1=CCC=C1,CC(=O)C1=C(Cl)C(=O)C2C3C=CC(C3)C2C1=O,CH2Cl2,dichloromethane,CC(=O)C1=C(Cl)C(=O)C=CC1=O.C1=CCC=C1>>CC(=O)C1=C(Cl)C(=O)C2C3C=CC(C3)C2C1=O,1,0.0,,1,1.0,1.0,
292,292,292,292,411,411,2341,411,CC(=O)C1=C(Cl)C(=O)C=CC1=O.C1=CCCC=C1,CC(=O)C1=C(Cl)C(=O)C2C3C=CC(CC3)C2C1=O,CH2Cl2,dichloromethane,CC(=O)C1=C(Cl)C(=O)C=CC1=O.C1=CCCC=C1>>CC(=O)C1=C(Cl)C(=O)C2C3C=CC(CC3)C2C1=O,1,0.0,,0,0.0,1.0,
293,293,293,293,412,412,2341,412,CC(=O)C1=C(Cl)C(=O)C=CC1=O.C1=CCCC=C1,CC(=O)C12C(=O)C=CC(=O)C1(Cl)C1C=CC2CC1,CH2Cl2,dichloromethane,CC(=O)C1=C(Cl)C(=O)C=CC1=O.C1=CCCC=C1>>CC(=O)C12C(=O)C=CC(=O)C1(Cl)C1C=CC2CC1,0,0.0,,1,1.0,0.0,
294,294,294,294,413,413,2426,413,C=CC(=O)N(C)C.C=CC(=Cc1ccccc1)N1CCOC1=O,CN(C)C(=O)C1CC=C(N2CCOC2=O)C(c2ccccc2)C1,Toluene,toluene,C=CC(=O)N(C)C.C=CC(=Cc1ccccc1)N1CCOC1=O>>CN(C)C(=O)C1CC=C(N2CCOC2=O)C(c2ccccc2)C1,0,0.0,0.11769101991990283,0,0.0,0.0,0.0
295,295,295,295,414,414,2426,414,C=CC(=O)N(C)C.C=CC(=Cc1ccccc1)N1CCOC1=O,CN(C)C(=O)C1CCC=C(N2CCOC2=O)C1c1ccccc1,Toluene,toluene,C=CC(=O)N(C)C.C=CC(=Cc1ccccc1)N1CCOC1=O>>CN(C)C(=O)C1CCC=C(N2CCOC2=O)C1c1ccccc1,1,0.0,0.0278672629990524,1,1.0,1.0,1.0
296,296,296,296,417,417,2436,417,COC1(OC)C2C=CC1C1C(=O)C=CC(=O)C12.C1=CCC=C1,COC1(OC)C2C=CC1C1C(=O)C3C4C=CC(C4)C3C(=O)C12,Toluene,toluene,COC1(OC)C2C=CC1C1C(=O)C=CC(=O)C12.C1=CCC=C1>>COC1(OC)C2C=CC1C1C(=O)C3C4C=CC(C4)C3C(=O)C12,1,0.0,0.04830059261394126,0,0.0,1.0,1.0
297,297,297,297,418,418,2436,418,COC1(OC)C2C=CC1C1C(=O)C=CC(=O)C12.C1=CCC=C1,COC1(OC)C2C3C(=O)C=CC(=O)C3C1C1C3C=CC(C3)C12,Toluene,toluene,COC1(OC)C2C=CC1C1C(=O)C=CC(=O)C12.C1=CCC=C1>>COC1(OC)C2C3C(=O)C=CC(=O)C3C1C1C3C=CC(C3)C12,0,0.0,0.05145801620108159,1,1.0,0.0,0.0
298,298,298,298,419,419,2476,419,C=C=CP(=O)(c1ccccc1)c1ccccc1.C1=CCC=C1,O=P(C=C1CC2C=CC1C2)(c1ccccc1)c1ccccc1,Toluene,toluene,C=C=CP(=O)(c1ccccc1)c1ccccc1.C1=CCC=C1>>O=P(C=C1CC2C=CC1C2)(c1ccccc1)c1ccccc1,0,0.0,0.039290592173983896,0,0.0,0.0,1.0
299,299,299,299,420,420,2476,420,C=C=CP(=O)(c1ccccc1)c1ccccc1.C1=CCC=C1,C=C1C2C=CC(C2)C1P(=O)(c1ccccc1)c1ccccc1,Toluene,toluene,C=C=CP(=O)(c1ccccc1)c1ccccc1.C1=CCC=C1>>C=C1C2C=CC(C2)C1P(=O)(c1ccccc1)c1ccccc1,1,0.0,0.040568355256027644,1,1.0,1.0,0.0
300,300,300,300,421,421,2490,421,C=C[N+](=O)[O-].CC=C(C)C=CCCO,CC1=CC(CCO)CC([N+](=O)[O-])C1C,Toluene,toluene,C=C[N+](=O)[O-].CC=C(C)C=CCCO>>CC1=CC(CCO)CC([N+](=O)[O-])C1C,0,0.0,0.028507667596045394,1,1.0,0.0,0.0
301,301,301,301,422,422,2490,422,C=C[N+](=O)[O-].CC=C(C)C=CCCO,CC1=CC(CCO)C([N+](=O)[O-])CC1C,Toluene,toluene,C=C[N+](=O)[O-].CC=C(C)C=CCCO>>CC1=CC(CCO)C([N+](=O)[O-])CC1C,1,0.0,0.008170809538000867,0,0.0,1.0,1.0
302,302,302,302,423,423,2542,423,COC1C=CC(=O)O1.C=CC=CO[Si](C)(C)C(C)(C)C,COC1OC(=O)C2CC=CC(O[Si](C)(C)C(C)(C)C)C12,Toluene,toluene,COC1C=CC(=O)O1.C=CC=CO[Si](C)(C)C(C)(C)C>>COC1OC(=O)C2CC=CC(O[Si](C)(C)C(C)(C)C)C12,0,0.0,0.04575245813202855,1,1.0,0.0,0.0
303,303,303,303,424,424,2542,424,COC1C=CC(=O)O1.C=CC=CO[Si](C)(C)C(C)(C)C,COC1OC(=O)C2C(O[Si](C)(C)C(C)(C)C)C=CCC12,Toluene,toluene,COC1C=CC(=O)O1.C=CC=CO[Si](C)(C)C(C)(C)C>>COC1OC(=O)C2C(O[Si](C)(C)C(C)(C)C)C=CCC12,1,0.0,0.03499134497292289,0,0.0,1.0,1.0
304,304,304,304,429,429,2584,429,CC1=CC(=O)OC1=O.CC=C(C)C=CC=C(C)C,CC=C(C)C1C=CC(C)(C)C2C(=O)OC(=O)C12C,THF,tetrahydrofuran,CC1=CC(=O)OC1=O.CC=C(C)C=CC=C(C)C>>CC=C(C)C1C=CC(C)(C)C2C(=O)OC(=O)C12C,0,0.0,0.03755718986701595,0,0.0,0.0,0.0
305,305,305,305,430,430,2584,430,CC1=CC(=O)OC1=O.CC=C(C)C=CC=C(C)C,CC=C(C)C1C=CC(C)(C)C2(C)C(=O)OC(=O)C12,THF,tetrahydrofuran,CC1=CC(=O)OC1=O.CC=C(C)C=CC=C(C)C>>CC=C(C)C1C=CC(C)(C)C2(C)C(=O)OC(=O)C12,0,0.0,0.03683622493099392,0,0.0,0.0,0.0
306,306,306,306,431,431,2584,431,CC1=CC(=O)OC1=O.CC=C(C)C=CC=C(C)C,CC(C)=CC1C=C(C)C(C)C2(C)C(=O)OC(=O)C12,THF,tetrahydrofuran,CC1=CC(=O)OC1=O.CC=C(C)C=CC=C(C)C>>CC(C)=CC1C=C(C)C(C)C2(C)C(=O)OC(=O)C12,0,0.0,0.023662947402044665,0,0.0,0.0,0.0
307,307,307,307,432,432,2584,432,CC1=CC(=O)OC1=O.CC=C(C)C=CC=C(C)C,CC(C)=CC1C=C(C)C(C)C2C(=O)OC(=O)C12C,THF,tetrahydrofuran,CC1=CC(=O)OC1=O.CC=C(C)C=CC=C(C)C>>CC(C)=CC1C=C(C)C(C)C2C(=O)OC(=O)C12C,1,0.0,0.02107697038798051,1,1.0,1.0,1.0
308,308,308,308,435,435,2620,435,C=CC(=O)OC.C=CC=CN(C(=O)CC)C(C)C,CCC(=O)N(C(C)C)C1C=CCC(C(=O)OC)C1,Toluene,toluene,C=CC(=O)OC.C=CC=CN(C(=O)CC)C(C)C>>CCC(=O)N(C(C)C)C1C=CCC(C(=O)OC)C1,0,0.0,0.037770215390992234,0,0.0,0.0,0.0
309,309,309,309,436,436,2620,436,C=CC(=O)OC.C=CC=CN(C(=O)CC)C(C)C,CCC(=O)N(C(C)C)C1C=CCCC1C(=O)OC,Toluene,toluene,C=CC(=O)OC.C=CC=CN(C(=O)CC)C(C)C>>CCC(=O)N(C(C)C)C1C=CCCC1C(=O)OC,1,0.0,0.02962118516791179,1,1.0,1.0,1.0
310,310,310,310,437,437,2692,437,C=CC1=CCCc2cc(OC)ccc21.COC(=O)C1=CCCC1=O,COC(=O)C12CC=C3c4ccc(OC)cc4CCC3C1CCC2=O,CH2Cl2,dichloromethane,C=CC1=CCCc2cc(OC)ccc21.COC(=O)C1=CCCC1=O>>COC(=O)C12CC=C3c4ccc(OC)cc4CCC3C1CCC2=O,1,0.0,,0,0.0,0.0,
311,311,311,311,438,438,2692,438,C=CC1=CCCc2cc(OC)ccc21.COC(=O)C1=CCCC1=O,COC(=O)C12C(=O)CCC1CC=C1c3ccc(OC)cc3CCC12,CH2Cl2,dichloromethane,C=CC1=CCCc2cc(OC)ccc21.COC(=O)C1=CCCC1=O>>COC(=O)C12C(=O)CCC1CC=C1c3ccc(OC)cc3CCC12,0,0.0,,1,1.0,1.0,
312,312,312,312,439,439,2891,439,O=S1(=O)C=Cc2ccccc21.C=CC(=C)O[Si](C)(C)C,C[Si](C)(C)OC1=CCC2C(C1)c1ccccc1S2(=O)=O,CHCl3,chloroform,O=S1(=O)C=Cc2ccccc21.C=CC(=C)O[Si](C)(C)C>>C[Si](C)(C)OC1=CCC2C(C1)c1ccccc1S2(=O)=O,1,0.0,0.021097366758112912,0,0.0,0.0,1.0
313,313,313,313,440,440,2891,440,O=S1(=O)C=Cc2ccccc21.C=CC(=C)O[Si](C)(C)C,C[Si](C)(C)OC1=CCC2c3ccccc3S(=O)(=O)C2C1,CHCl3,chloroform,O=S1(=O)C=Cc2ccccc21.C=CC(=C)O[Si](C)(C)C>>C[Si](C)(C)OC1=CCC2c3ccccc3S(=O)(=O)C2C1,0,0.0,0.03058389607394929,1,1.0,1.0,0.0
314,314,314,314,441,441,2902,441,O=C1C=CC1.C=CC(=C)O[Si](C)(C)C(C)(C)C,CC(C)(C)[Si](C)(C)OC1=CCC2CC(=O)C2C1,CHCl3,chloroform,O=C1C=CC1.C=CC(=C)O[Si](C)(C)C(C)(C)C>>CC(C)(C)[Si](C)(C)OC1=CCC2CC(=O)C2C1,0,0.0,0.027878581703021155,0,0.0,0.0,0.0
315,315,315,315,442,442,2902,442,O=C1C=CC1.C=CC(=C)O[Si](C)(C)C(C)(C)C,CC(C)(C)[Si](C)(C)OC1=CCC2C(=O)CC2C1,CHCl3,chloroform,O=C1C=CC1.C=CC(=C)O[Si](C)(C)C(C)(C)C>>CC(C)(C)[Si](C)(C)OC1=CCC2C(=O)CC2C1,1,0.0,0.023261629533976702,1,1.0,1.0,1.0
316,316,316,316,447,447,3139,447,C1=CCC=C1.ClC1=C(Cl)C2(Cl)C3C4C=CC(O4)C3C1(Cl)C2(Cl)Cl,ClC1(Cl)C2(Cl)C3C4C=CC(O4)C3C1(Cl)C1(Cl)C3C=CC(C3)C21Cl,CHCl3,chloroform,C1=CCC=C1.ClC1=C(Cl)C2(Cl)C3C4C=CC(O4)C3C1(Cl)C2(Cl)Cl>>ClC1(Cl)C2(Cl)C3C4C=CC(O4)C3C1(Cl)C1(Cl)C3C=CC(C3)C21Cl,0,0.0,0.07836869405582547,0,0.0,0.0,0.0
317,317,317,317,448,448,3139,448,C1=CCC=C1.ClC1=C(Cl)C2(Cl)C3C4C=CC(O4)C3C1(Cl)C2(Cl)Cl,ClC1=C(Cl)C2(Cl)C3C4OC(C5C6C=CC(C6)C45)C3C1(Cl)C2(Cl)Cl,CHCl3,chloroform,C1=CCC=C1.ClC1=C(Cl)C2(Cl)C3C4C=CC(O4)C3C1(Cl)C2(Cl)Cl>>ClC1=C(Cl)C2(Cl)C3C4OC(C5C6C=CC(C6)C45)C3C1(Cl)C2(Cl)Cl,1,0.0,0.02583996741213923,1,1.0,1.0,1.0
318,318,318,318,463,463,3458,463,CC(C)C=C1C(=O)OC(C)(C)OC1=O.C=CC(=C)C,CC1=CCC(C(C)C)C2(C1)C(=O)OC(C)(C)OC2=O,CHCl3,chloroform,CC(C)C=C1C(=O)OC(C)(C)OC1=O.C=CC(=C)C>>CC1=CCC(C(C)C)C2(C1)C(=O)OC(C)(C)OC2=O,0,0.0,0.014548532433991568,1,0.0,1.0,0.0
319,319,319,319,464,464,3458,464,CC(C)C=C1C(=O)OC(C)(C)OC1=O.C=CC(=C)C,CC1=CCC2(C(=O)OC(C)(C)OC2=O)C(C(C)C)C1,CHCl3,chloroform,CC(C)C=C1C(=O)OC(C)(C)OC1=O.C=CC(=C)C>>CC1=CCC2(C(=O)OC(C)(C)OC2=O)C(C(C)C)C1,1,0.0,0.012178799150092345,0,1.0,0.0,1.0
320,320,320,320,468,468,3470,468,C1=CCC=C1.C=C(C)CCC1=CC(=O)OC1=O,CC1(CCC2=CC(=O)OC2=O)CC2C=CC1C2,Toluene,toluene,C1=CCC=C1.C=C(C)CCC1=CC(=O)OC1=O>>CC1(CCC2=CC(=O)OC2=O)CC2C=CC1C2,0,0.0,0.053911268533965995,1,0.0,0.0,0.0
321,321,321,321,469,469,3470,469,C1=CCC=C1.C=C(C)CCC1=CC(=O)OC1=O,C=C(C)CCC12C(=O)OC(=O)C1C1C=CC2C1,Toluene,toluene,C1=CCC=C1.C=C(C)CCC1=CC(=O)OC1=O>>C=C(C)CCC12C(=O)OC(=O)C1C1C=CC2C1,1,0.0,0.021751401348979016,0,1.0,1.0,1.0
322,322,322,322,470,470,3510,470,N#CC1=C(C#N)C(=O)C=CC1=O.C1=CCC=C1,N#CC12C(=O)C=CC(=O)C1(C#N)C1C=CC2C1,Methanol,methanol,N#CC1=C(C#N)C(=O)C=CC1=O.C1=CCC=C1>>N#CC12C(=O)C=CC(=O)C1(C#N)C1C=CC2C1,1,0.0,0.007609899631006556,1,1.0,1.0,1.0
323,323,323,323,471,471,3510,471,N#CC1=C(C#N)C(=O)C=CC1=O.C1=CCC=C1,N#CC1=C(C#N)C(=O)C2C3C=CC(C3)C2C1=O,Methanol,methanol,N#CC1=C(C#N)C(=O)C=CC1=O.C1=CCC=C1>>N#CC1=C(C#N)C(=O)C2C3C=CC(C3)C2C1=O,0,0.0,0.011349861298072028,0,0.0,0.0,0.0
324,324,324,324,472,472,3798,472,COC(=O)C1=CC(C)(C)CCC1=O.C=CC(=C)C,COC(=O)C12CC=C(C)CC1C(C)(C)CCC2=O,Ether,diethyl ether,COC(=O)C1=CC(C)(C)CCC1=O.C=CC(=C)C>>COC(=O)C12CC=C(C)CC1C(C)(C)CCC2=O,1,0.0,,0,,0.0,
325,325,325,325,473,473,3798,473,COC(=O)C1=CC(C)(C)CCC1=O.C=CC(=C)C,COC(=O)C12CC(C)=CCC1C(C)(C)CCC2=O,Ether,diethyl ether,COC(=O)C1=CC(C)(C)CCC1=O.C=CC(=C)C>>COC(=O)C12CC(C)=CCC1C(C)(C)CCC2=O,0,0.0,,1,,1.0,
326,326,326,326,474,474,3904,474,C#CCC1(C)C=CC=C(C)C1=O.C=CC#N,C#CCC1(C)C(=O)C2(C)C=CC1C(C#N)C2,Benzene,benzene,C#CCC1(C)C=CC=C(C)C1=O.C=CC#N>>C#CCC1(C)C(=O)C2(C)C=CC1C(C#N)C2,1,0.0,0.04454743791302462,0,0.0,0.0,0.0
327,327,327,327,475,475,3904,475,C#CCC1(C)C=CC=C(C)C1=O.C=CC#N,C#CCC1(C)C(=O)C2(C)C=CC1CC2C#N,Benzene,benzene,C#CCC1(C)C=CC=C(C)C1=O.C=CC#N>>C#CCC1(C)C(=O)C2(C)C=CC1CC2C#N,0,0.0,0.04223345373202392,1,1.0,1.0,1.0
