,Unnamed: 0.13,Unnamed: 0.12,Unnamed: 0.11,Unnamed: 0.10,Unnamed: 0.9,Unnamed: 0.8,Unnamed: 0.7,Unnamed: 0.6,Unnamed: 0.5,Unnamed: 0.4,Unnamed: 0.3,Unnamed: 0.2,Unnamed: 0.1,Unnamed: 0,reaction_idx,uid,substrates,products,xtb_solvent,orca_solvent,reaction_smiles,label,simulation_idx,barrier,xtb-gn2_labels,B3LYP_6-31G_labels,xtb_ensemble_labels,dft_ensemble_labels
0,0,0,0,0,0,0,0,0,0,0,0,0,2,2,8,2,C=CC=COC(C)=O.C=CC=O,CC(=O)OC1C=CCC(C=O)C1,Water,water,C=CC=COC(C)=O.C=CC=O>>CC(=O)OC1C=CCC(C=O)C1,0,0.0,0.040260405707954305,0,0.0,0.0,0.0
1,1,1,1,1,1,1,1,1,1,1,1,1,3,3,8,3,C=CC=COC(C)=O.C=CC=O,CC(=O)OC1C=CCCC1C=O,Water,water,C=CC=COC(C)=O.C=CC=O>>CC(=O)OC1C=CCCC1C=O,1,0.0,0.028426133310972546,1,1.0,1.0,1.0
2,2,2,2,2,2,2,2,2,2,2,2,2,4,4,18,4,COC1=C(OC)C(=O)C(C)=CC1=O.C1=CCC=C1,COC1=C(OC)C(=O)C2(C)C3C=CC(C3)C2C1=O,Methanol,methanol,COC1=C(OC)C(=O)C(C)=CC1=O.C1=CCC=C1>>COC1=C(OC)C(=O)C2(C)C3C=CC(C3)C2C1=O,1,0.0,0.027997909616942707,0,1.0,1.0,1.0
3,3,3,3,3,3,3,3,3,3,3,3,3,5,5,18,5,COC1=C(OC)C(=O)C(C)=CC1=O.C1=CCC=C1,COC12C(=O)C=C(C)C(=O)C1(OC)C1C=CC2C1,Methanol,methanol,COC1=C(OC)C(=O)C(C)=CC1=O.C1=CCC=C1>>COC12C(=O)C=C(C)C(=O)C1(OC)C1C=CC2C1,0,0.0,0.039197729809984594,1,0.0,0.0,0.0
4,4,4,4,4,4,4,4,4,4,4,4,4,6,6,33,6,C=C(C)C=O.C=CC(=C)C,CC1=CCCC(C)(C=O)C1,CHCl3,chloroform,C=C(C)C=O.C=CC(=C)C>>CC1=CCCC(C)(C=O)C1,0,0.0,0.02599820968197264,0,0.0,0.0,0.0
5,5,5,5,5,5,5,5,5,5,5,5,5,7,7,33,7,C=C(C)C=O.C=CC(=C)C,CC1=CCC(C)(C=O)CC1,CHCl3,chloroform,C=C(C)C=O.C=CC(=C)C>>CC1=CCC(C)(C=O)CC1,1,0.0,0.022283121038981335,1,1.0,1.0,1.0
6,6,6,6,6,6,6,6,6,6,6,6,6,8,8,38,8,CC1=CC(C)CCC1=O.C=CC(=C)C,CC1=CCC2C(C)CCC(=O)C2(C)C1,Toluene,toluene,CC1=CC(C)CCC1=O.C=CC(=C)C>>CC1=CCC2C(C)CCC(=O)C2(C)C1,0,0.0,0.04062314491000052,1,0.0,1.0,1.0
7,7,7,7,7,7,7,7,7,7,7,7,7,9,9,38,9,CC1=CC(C)CCC1=O.C=CC(=C)C,CC1=CCC2(C)C(=O)CCC(C)C2C1,Toluene,toluene,CC1=CC(C)CCC1=O.C=CC(=C)C>>CC1=CCC2(C)C(=O)CCC(C)C2C1,1,0.0,0.041914087908025977,0,1.0,0.0,0.0
8,8,8,8,8,8,8,8,8,8,8,8,8,10,10,39,10,CC=C(C)C=O.C=CC=CCC(=O)OCC,CCOC(=O)CC1C=CCC(C)(C=O)C1C,CH2Cl2,dichloromethane,CC=C(C)C=O.C=CC=CCC(=O)OCC>>CCOC(=O)CC1C=CCC(C)(C=O)C1C,0,0.0,0.04087769930401919,1,1.0,0.0,0.0
9,9,9,9,9,9,9,9,9,9,9,9,9,11,11,39,11,CC=C(C)C=O.C=CC=CCC(=O)OCC,CCOC(=O)CC1C=CCC(C)C1(C)C=O,CH2Cl2,dichloromethane,CC=C(C)C=O.C=CC=CCC(=O)OCC>>CCOC(=O)CC1C=CCC(C)C1(C)C=O,1,0.0,0.03477830624797207,0,0.0,1.0,1.0
10,10,10,10,10,10,10,10,10,10,10,10,10,12,12,46,12,O=C(C=Cc1ccccc1)c1ccccc1.C=CC(=C)C,CC1=CCC(c2ccccc2)C(C(=O)c2ccccc2)C1,Toluene,toluene,O=C(C=Cc1ccccc1)c1ccccc1.C=CC(=C)C>>CC1=CCC(c2ccccc2)C(C(=O)c2ccccc2)C1,0,0.0,0.0328415267570108,1,1.0,1.0,1.0
11,11,11,11,11,11,11,11,11,11,11,11,11,13,13,46,13,O=C(C=Cc1ccccc1)c1ccccc1.C=CC(=C)C,CC1=CCC(C(=O)c2ccccc2)C(c2ccccc2)C1,Toluene,toluene,O=C(C=Cc1ccccc1)c1ccccc1.C=CC(=C)C>>CC1=CCC(C(=O)c2ccccc2)C(c2ccccc2)C1,1,0.0,0.047105444088970216,0,0.0,0.0,0.0
12,12,12,12,12,12,12,12,12,12,12,12,12,14,14,47,14,CC1=CCC(C)C(C)C1=O.C=CC(=C)C,CC1=CCC2(C)C(=O)C(C)C(C)CC2C1,Toluene,toluene,CC1=CCC(C)C(C)C1=O.C=CC(=C)C>>CC1=CCC2(C)C(=O)C(C)C(C)CC2C1,1,0.0,0.038963095065014386,1,1.0,1.0,1.0
13,13,13,13,13,13,13,13,13,13,13,13,13,15,15,47,15,CC1=CCC(C)C(C)C1=O.C=CC(=C)C,CC1=CCC2CC(C)C(C)C(=O)C2(C)C1,Toluene,toluene,CC1=CCC(C)C(C)C1=O.C=CC(=C)C>>CC1=CCC2CC(C)C(C)C(=O)C2(C)C1,0,0.0,0.04066389290198913,0,0.0,0.0,0.0
14,14,14,14,14,14,14,14,14,14,14,14,14,16,16,58,16,C=CC(=C)CC(C)C.CC=CC=O,CC(C)CC1=CCC(C=O)C(C)C1,CH2Cl2,dichloromethane,C=CC(=C)CC(C)C.CC=CC=O>>CC(C)CC1=CCC(C=O)C(C)C1,1,0.0,0.04239115668906379,0,0.0,0.0,0.0
15,15,15,15,15,15,15,15,15,15,15,15,15,17,17,58,17,C=CC(=C)CC(C)C.CC=CC=O,CC(C)CC1=CCC(C)C(C=O)C1,CH2Cl2,dichloromethane,C=CC(=C)CC(C)C.CC=CC=O>>CC(C)CC1=CCC(C)C(C=O)C1,0,0.0,0.03549847291105834,1,1.0,1.0,1.0
16,16,16,16,16,16,16,16,16,16,16,16,16,18,18,63,18,C=CC(C)=O.C=CC(=C)C,CC(=O)C1CC=C(C)CC1,CH2Cl2,dichloromethane,C=CC(C)=O.C=CC(=C)C>>CC(=O)C1CC=C(C)CC1,1,0.0,0.024508486744025504,0,0.0,1.0,1.0
17,17,17,17,17,17,17,17,17,17,17,17,17,19,19,63,19,C=CC(C)=O.C=CC(=C)C,CC(=O)C1CCC=C(C)C1,CH2Cl2,dichloromethane,C=CC(C)=O.C=CC(=C)C>>CC(=O)C1CCC=C(C)C1,0,0.0,0.026707322455990834,1,1.0,0.0,0.0
18,18,18,18,18,18,18,18,18,18,18,18,18,20,20,76,20,C1=CCC=C1.CC(C)=CCC1=CC(=O)C=CC1=O,CC(C)=CCC1=CC(=O)C2C3C=CC(C3)C2C1=O,Methanol,methanol,C1=CCC=C1.CC(C)=CCC1=CC(=O)C=CC1=O>>CC(C)=CCC1=CC(=O)C2C3C=CC(C3)C2C1=O,1,0.0,0.013171933166972849,1,1.0,1.0,1.0
19,19,19,19,19,19,19,19,19,19,19,19,19,22,22,76,22,C1=CCC=C1.CC(C)=CCC1=CC(=O)C=CC1=O,CC(C)=CCC12C(=O)C=CC(=O)C1C1C=CC2C1,Methanol,methanol,C1=CCC=C1.CC(C)=CCC1=CC(=O)C=CC1=O>>CC(C)=CCC12C(=O)C=CC(=O)C1C1C=CC2C1,0,0.0,0.02498113304693561,0,0.0,0.0,0.0
20,20,20,20,20,20,20,20,20,20,20,20,20,25,25,123,25,O=C(C=Cc1ccccc1)c1ccccc1O.C=CC(=C)C,CC1=CCC(c2ccccc2)C(C(=O)c2ccccc2O)C1,CH2Cl2,dichloromethane,O=C(C=Cc1ccccc1)c1ccccc1O.C=CC(=C)C>>CC1=CCC(c2ccccc2)C(C(=O)c2ccccc2O)C1,0,0.0,0.06036830825701145,0,0.0,0.0,0.0
21,21,21,21,21,21,21,21,21,21,21,21,21,26,26,123,26,O=C(C=Cc1ccccc1)c1ccccc1O.C=CC(=C)C,CC1=CCC(C(=O)c2ccccc2O)C(c2ccccc2)C1,CH2Cl2,dichloromethane,O=C(C=Cc1ccccc1)c1ccccc1O.C=CC(=C)C>>CC1=CCC(C(=O)c2ccccc2O)C(c2ccccc2)C1,1,0.0,0.045491342420973524,1,1.0,1.0,1.0
22,22,22,22,22,22,22,22,22,22,22,22,22,27,27,172,27,C=CC1=CCCc2cc(OC)ccc21.CCC(C=O)=CC(=O)OC,CCC1(C=O)CC=C2c3ccc(OC)cc3CCC2C1C(=O)OC,CH2Cl2,dichloromethane,C=CC1=CCCc2cc(OC)ccc21.CCC(C=O)=CC(=O)OC>>CCC1(C=O)CC=C2c3ccc(OC)cc3CCC2C1C(=O)OC,1,0.0,0.02765864427806264,0,0.0,0.0,0.0
23,23,23,23,23,23,23,23,23,23,23,23,23,28,28,172,28,C=CC1=CCCc2cc(OC)ccc21.CCC(C=O)=CC(=O)OC,CCC1(C=O)C(C(=O)OC)CC=C2c3ccc(OC)cc3CCC21,CH2Cl2,dichloromethane,C=CC1=CCCc2cc(OC)ccc21.CCC(C=O)=CC(=O)OC>>CCC1(C=O)C(C(=O)OC)CC=C2c3ccc(OC)cc3CCC21,0,0.0,0.023196420342856072,1,1.0,1.0,1.0
24,24,24,24,24,24,24,24,24,24,24,24,24,29,29,177,29,C=CC=C.COC1=C(C(C)C)C(=O)C=C(C)C1=O,COC1=C(C(C)C)C(=O)C2CC=CCC2(C)C1=O,Toluene,toluene,C=CC=C.COC1=C(C(C)C)C(=O)C=C(C)C1=O>>COC1=C(C(C)C)C(=O)C2CC=CCC2(C)C1=O,1,0.0,0.025122711053995772,1,1.0,1.0,1.0
25,25,25,25,25,25,25,25,25,25,25,25,25,30,30,177,30,C=CC=C.COC1=C(C(C)C)C(=O)C=C(C)C1=O,COC12CC=CCC1(C(C)C)C(=O)C=C(C)C2=O,Toluene,toluene,C=CC=C.COC1=C(C(C)C)C(=O)C=C(C)C1=O>>COC12CC=CCC1(C(C)C)C(=O)C=C(C)C2=O,0,0.0,0.04019260776590272,0,0.0,0.0,0.0
26,26,26,26,26,26,26,26,26,26,26,26,26,31,31,192,31,CCOC(=O)C=CC=O.C=CC(=C)C,CCOC(=O)C1CC=C(C)CC1C=O,Water,water,CCOC(=O)C=CC=O.C=CC(=C)C>>CCOC(=O)C1CC=C(C)CC1C=O,0,0.0,0.016563660404017355,0,0.0,0.0,0.0
27,27,27,27,27,27,27,27,27,27,27,27,27,32,32,192,32,CCOC(=O)C=CC=O.C=CC(=C)C,CCOC(=O)C1CC(C)=CCC1C=O,Water,water,CCOC(=O)C=CC=O.C=CC(=C)C>>CCOC(=O)C1CC(C)=CCC1C=O,1,0.0,0.015514264189050664,1,1.0,1.0,1.0
28,28,28,28,28,28,28,28,28,28,28,28,28,33,33,215,33,C=C(C)C=C(C)C.C=C(C)C=O,CC1=CC(C)(C)C(C)(C=O)CC1,CH2Cl2,dichloromethane,C=C(C)C=C(C)C.C=C(C)C=O>>CC1=CC(C)(C)C(C)(C=O)CC1,1,0.0,0.0227233866259553,0,0.0,1.0,1.0
29,29,29,29,29,29,29,29,29,29,29,29,29,34,34,215,34,C=C(C)C=C(C)C.C=C(C)C=O,CC1=CC(C)(C)CC(C)(C=O)C1,CH2Cl2,dichloromethane,C=C(C)C=C(C)C.C=C(C)C=O>>CC1=CC(C)(C)CC(C)(C=O)C1,0,0.0,0.04464177259501412,1,1.0,0.0,0.0
30,30,30,30,30,30,30,30,30,30,30,30,30,35,35,254,35,C=CC1=CCCc2cc(OC)ccc21.C=C(F)C(=O)CCCC,CCCCC(=O)C1(F)CCC=C2c3ccc(OC)cc3CCC21,CH2Cl2,dichloromethane,C=CC1=CCCc2cc(OC)ccc21.C=C(F)C(=O)CCCC>>CCCCC(=O)C1(F)CCC=C2c3ccc(OC)cc3CCC21,0,0.0,0.023238567864154902,1,0.0,0.0,1.0
31,31,31,31,31,31,31,31,31,31,31,31,31,36,36,254,36,C=CC1=CCCc2cc(OC)ccc21.C=C(F)C(=O)CCCC,CCCCC(=O)C1(F)CC=C2c3ccc(OC)cc3CCC2C1,CH2Cl2,dichloromethane,C=CC1=CCCc2cc(OC)ccc21.C=C(F)C(=O)CCCC>>CCCCC(=O)C1(F)CC=C2c3ccc(OC)cc3CCC2C1,1,0.0,0.02506353630292324,0,1.0,1.0,0.0
32,32,32,32,32,32,32,32,32,32,32,32,32,37,37,256,37,C=C(F)C(=O)CCCC.C1=CC(CCc2ccccc2)=CC1,CCCCC(=O)C1(F)CC2CC1C=C2CCc1ccccc1,CH2Cl2,dichloromethane,C=C(F)C(=O)CCCC.C1=CC(CCc2ccccc2)=CC1>>CCCCC(=O)C1(F)CC2CC1C=C2CCc1ccccc1,1,0.0,0.02232948633502474,1,1.0,1.0,1.0
33,33,33,33,33,33,33,33,33,33,33,33,33,38,38,256,38,C=C(F)C(=O)CCCC.C1=CC(CCc2ccccc2)=CC1,CCCCC(=O)C1(F)CC2C=C(CCc3ccccc3)C1C2,CH2Cl2,dichloromethane,C=C(F)C(=O)CCCC.C1=CC(CCc2ccccc2)=CC1>>CCCCC(=O)C1(F)CC2C=C(CCc3ccccc3)C1C2,0,0.0,0.028829320871068376,0,0.0,0.0,0.0
34,34,34,34,34,34,34,34,34,34,34,34,34,39,39,257,39,C=C(F)C(=O)CCCC.Brc1ccc(CC2=CCC=C2)cc1,CCCCC(=O)C1(F)CC2CC1C=C2Cc1ccc(Br)cc1,CH2Cl2,dichloromethane,C=C(F)C(=O)CCCC.Brc1ccc(CC2=CCC=C2)cc1>>CCCCC(=O)C1(F)CC2CC1C=C2Cc1ccc(Br)cc1,1,0.0,,1,,1.0,
35,35,35,35,35,35,35,35,35,35,35,35,35,40,40,257,40,C=C(F)C(=O)CCCC.Brc1ccc(CC2=CCC=C2)cc1,CCCCC(=O)C1(F)CC2C=C(Cc3ccc(Br)cc3)C1C2,CH2Cl2,dichloromethane,C=C(F)C(=O)CCCC.Brc1ccc(CC2=CCC=C2)cc1>>CCCCC(=O)C1(F)CC2C=C(Cc3ccc(Br)cc3)C1C2,0,0.0,,0,,0.0,
36,36,36,36,36,36,36,36,36,36,36,36,36,41,41,276,41,C=CC(=C)C[Si](C)(C)C.C=CC(C)=O,CC(=O)C1CC=C(C[Si](C)(C)C)CC1,Benzene,benzene,C=CC(=C)C[Si](C)(C)C.C=CC(C)=O>>CC(=O)C1CC=C(C[Si](C)(C)C)CC1,1,0.0,0.020569978090975383,1,1.0,1.0,1.0
37,37,37,37,37,37,37,37,37,37,37,37,37,42,42,276,42,C=CC(=C)C[Si](C)(C)C.C=CC(C)=O,CC(=O)C1CCC=C(C[Si](C)(C)C)C1,Benzene,benzene,C=CC(=C)C[Si](C)(C)C.C=CC(C)=O>>CC(=O)C1CCC=C(C[Si](C)(C)C)C1,0,0.0,0.024476796446947446,0,0.0,0.0,0.0
38,38,38,38,38,38,38,38,38,38,38,38,38,43,43,282,43,N#CC1=CCCCC1=O.C=CC(=C)C,CC1=CCC2(C#N)C(=O)CCCC2C1,Ether,diethyl ether,N#CC1=CCCCC1=O.C=CC(=C)C>>CC1=CCC2(C#N)C(=O)CCCC2C1,1,0.0,0.028572255738936292,1,1.0,1.0,1.0
39,39,39,39,39,39,39,39,39,39,39,39,39,44,44,282,44,N#CC1=CCCCC1=O.C=CC(=C)C,CC1=CCC2CCCC(=O)C2(C#N)C1,Ether,diethyl ether,N#CC1=CCCCC1=O.C=CC(=C)C>>CC1=CCC2CCCC(=O)C2(C#N)C1,0,0.0,0.02943972039304299,0,0.0,0.0,0.0
40,40,40,40,40,40,40,40,40,40,40,40,40,45,45,306,45,C=CC1=CCCc2cc(OC)ccc21.O=C1CCC=C1Br,COc1ccc2c(c1)CCC1C2=CCC2(Br)C(=O)CCC12,CH2Cl2,dichloromethane,C=CC1=CCCc2cc(OC)ccc21.O=C1CCC=C1Br>>COc1ccc2c(c1)CCC1C2=CCC2(Br)C(=O)CCC12,1,0.0,,1,,0.0,
41,41,41,41,41,41,41,41,41,41,41,41,41,46,46,306,46,C=CC1=CCCc2cc(OC)ccc21.O=C1CCC=C1Br,COc1ccc2c(c1)CCC1C2=CCC2CCC(=O)C21Br,CH2Cl2,dichloromethane,C=CC1=CCCc2cc(OC)ccc21.O=C1CCC=C1Br>>COc1ccc2c(c1)CCC1C2=CCC2CCC(=O)C21Br,0,0.0,,0,,1.0,
42,42,42,42,42,42,42,42,42,42,42,42,42,47,47,307,47,C=CC1=CCCc2cc(OC)ccc21.O=C1CCC=C1Cl,COc1ccc2c(c1)CCC1C2=CCC2(Cl)C(=O)CCC12,CH2Cl2,dichloromethane,C=CC1=CCCc2cc(OC)ccc21.O=C1CCC=C1Cl>>COc1ccc2c(c1)CCC1C2=CCC2(Cl)C(=O)CCC12,1,0.0,0.025165484381886927,0,0.0,0.0,0.0
43,43,43,43,43,43,43,43,43,43,43,43,43,48,48,307,48,C=CC1=CCCc2cc(OC)ccc21.O=C1CCC=C1Cl,COc1ccc2c(c1)CCC1C2=CCC2CCC(=O)C21Cl,CH2Cl2,dichloromethane,C=CC1=CCCc2cc(OC)ccc21.O=C1CCC=C1Cl>>COc1ccc2c(c1)CCC1C2=CCC2CCC(=O)C21Cl,0,0.0,0.024638368397972954,1,1.0,1.0,1.0
44,44,44,44,44,44,44,44,44,44,44,44,44,57,57,340,57,C=C(C)C=C(C)C.O=C(C=Cc1ccccc1)c1ccccc1O,CC1=CC(C)(C)C(C(=O)c2ccccc2O)C(c2ccccc2)C1,CH2Cl2,dichloromethane,C=C(C)C=C(C)C.O=C(C=Cc1ccccc1)c1ccccc1O>>CC1=CC(C)(C)C(C(=O)c2ccccc2O)C(c2ccccc2)C1,1,0.0,0.04622994961596305,1,1.0,1.0,1.0
45,45,45,45,45,45,45,45,45,45,45,45,45,58,58,340,58,C=C(C)C=C(C)C.O=C(C=Cc1ccccc1)c1ccccc1O,CC1=CC(C)(C)C(c2ccccc2)C(C(=O)c2ccccc2O)C1,CH2Cl2,dichloromethane,C=C(C)C=C(C)C.O=C(C=Cc1ccccc1)c1ccccc1O>>CC1=CC(C)(C)C(c2ccccc2)C(C(=O)c2ccccc2O)C1,0,0.0,0.06426044053591795,0,0.0,0.0,0.0
46,46,46,46,46,46,46,46,46,46,46,46,46,59,59,355,59,C=CC1=CCCc2cc(OC)ccc21.O=C1CCCC=C1Br,COc1ccc2c(c1)CCC1C2=CCC2CCCC(=O)C21Br,CH2Cl2,dichloromethane,C=CC1=CCCc2cc(OC)ccc21.O=C1CCCC=C1Br>>COc1ccc2c(c1)CCC1C2=CCC2CCCC(=O)C21Br,0,0.0,,0,,1.0,
47,47,47,47,47,47,47,47,47,47,47,47,47,60,60,355,60,C=CC1=CCCc2cc(OC)ccc21.O=C1CCCC=C1Br,COc1ccc2c(c1)CCC1C2=CCC2(Br)C(=O)CCCC12,CH2Cl2,dichloromethane,C=CC1=CCCc2cc(OC)ccc21.O=C1CCCC=C1Br>>COc1ccc2c(c1)CCC1C2=CCC2(Br)C(=O)CCCC12,1,0.0,,1,,0.0,
48,48,48,48,48,48,48,48,48,48,48,48,48,61,61,356,61,C=C(F)C(=O)CCCC.C=C(Br)CC1=CCC=C1,C=C(Br)CC1=CC2CC1CC2(F)C(=O)CCCC,CH2Cl2,dichloromethane,C=C(F)C(=O)CCCC.C=C(Br)CC1=CCC=C1>>C=C(Br)CC1=CC2CC1CC2(F)C(=O)CCCC,1,0.0,,0,,1.0,
49,49,49,49,49,49,49,49,49,49,49,49,49,62,62,356,62,C=C(F)C(=O)CCCC.C=C(Br)CC1=CCC=C1,C=C(Br)CC1=CC2CC1C(F)(C(=O)CCCC)C2,CH2Cl2,dichloromethane,C=C(F)C(=O)CCCC.C=C(Br)CC1=CCC=C1>>C=C(Br)CC1=CC2CC1C(F)(C(=O)CCCC)C2,0,0.0,,1,,0.0,
50,50,50,50,50,50,50,50,50,50,50,50,50,63,63,371,63,C=CC(C)=O.COC1(OC)C=C(Br)C(C)=CC1=O,COC1(OC)C(=O)C2C(C)=C(Br)C1CC2C(C)=O,Methanol,methanol,C=CC(C)=O.COC1(OC)C=C(Br)C(C)=CC1=O>>COC1(OC)C(=O)C2C(C)=C(Br)C1CC2C(C)=O,1,0.0,,1,,1.0,
51,51,51,51,51,51,51,51,51,51,51,51,51,64,64,371,64,C=CC(C)=O.COC1(OC)C=C(Br)C(C)=CC1=O,COC1(OC)C(=O)C2CC(C(C)=O)C1C(Br)=C2C,Methanol,methanol,C=CC(C)=O.COC1(OC)C=C(Br)C(C)=CC1=O>>COC1(OC)C(=O)C2CC(C(C)=O)C1C(Br)=C2C,0,0.0,,0,,0.0,
52,52,52,52,52,52,52,52,52,52,52,52,52,69,69,382,69,C=CC=CC.CC1=CC(=O)C=CC12OCCO2,CC1=CC(=O)C2CC=CC(C)C2C12OCCO2,CH2Cl2,dichloromethane,C=CC=CC.CC1=CC(=O)C=CC12OCCO2>>CC1=CC(=O)C2CC=CC(C)C2C12OCCO2,0,0.0,0.04719213636792574,0,0.0,0.0,0.0
53,53,53,53,53,53,53,53,53,53,53,53,53,70,70,382,70,C=CC=CC.CC1=CC(=O)C=CC12OCCO2,CC1=CC(=O)C2C(C)C=CCC2C12OCCO2,CH2Cl2,dichloromethane,C=CC=CC.CC1=CC(=O)C=CC12OCCO2>>CC1=CC(=O)C2C(C)C=CCC2C12OCCO2,1,0.0,0.027112009193047015,0,0.0,1.0,1.0
54,54,54,54,54,54,54,54,54,54,54,54,54,71,71,382,71,C=CC=CC.CC1=CC(=O)C=CC12OCCO2,CC1C=CCC2(C)C1C(=O)C=CC21OCCO1,CH2Cl2,dichloromethane,C=CC=CC.CC1=CC(=O)C=CC12OCCO2>>CC1C=CCC2(C)C1C(=O)C=CC21OCCO1,0,0.0,0.035622226769078225,0,0.0,0.0,0.0
55,55,55,55,55,55,55,55,55,55,55,55,55,72,72,382,72,C=CC=CC.CC1=CC(=O)C=CC12OCCO2,CC1C=CCC2C(=O)C=CC3(OCCO3)C12C,CH2Cl2,dichloromethane,C=CC=CC.CC1=CC(=O)C=CC12OCCO2>>CC1C=CCC2C(=O)C=CC3(OCCO3)C12C,0,0.0,0.093430627416069,1,1.0,0.0,0.0
56,56,56,56,56,56,56,56,56,56,56,56,56,73,73,383,73,C=CC=CC.CC1=CC2(C=CC1=O)OCCO2,CC1=CC2(OCCO2)C2CC=CC(C)C2C1=O,CH2Cl2,dichloromethane,C=CC=CC.CC1=CC2(C=CC1=O)OCCO2>>CC1=CC2(OCCO2)C2CC=CC(C)C2C1=O,1,0.0,0.028708475858934435,1,1.0,0.0,1.0
57,57,57,57,57,57,57,57,57,57,57,57,57,74,74,383,74,C=CC=CC.CC1=CC2(C=CC1=O)OCCO2,CC1C=CCC2(C)C(=O)C=CC3(OCCO3)C12,CH2Cl2,dichloromethane,C=CC=CC.CC1=CC2(C=CC1=O)OCCO2>>CC1C=CCC2(C)C(=O)C=CC3(OCCO3)C12,0,0.0,0.04427946156204143,0,0.0,0.0,0.0
58,58,58,58,58,58,58,58,58,58,58,58,58,75,75,383,75,C=CC=CC.CC1=CC2(C=CC1=O)OCCO2,CC1C=CCC2C3(C=CC(=O)C12C)OCCO3,CH2Cl2,dichloromethane,C=CC=CC.CC1=CC2(C=CC1=O)OCCO2>>CC1C=CCC2C3(C=CC(=O)C12C)OCCO3,0,0.0,0.029251020722995236,0,0.0,1.0,0.0
59,59,59,59,59,59,59,59,59,59,59,59,59,76,76,383,76,C=CC=CC.CC1=CC2(C=CC1=O)OCCO2,CC1=CC2(OCCO2)C2C(C)C=CCC2C1=O,CH2Cl2,dichloromethane,C=CC=CC.CC1=CC2(C=CC1=O)OCCO2>>CC1=CC2(OCCO2)C2C(C)C=CCC2C1=O,0,0.0,0.036515984651941835,0,0.0,0.0,0.0
60,60,60,60,60,60,60,60,60,60,60,60,60,77,77,384,77,C=CC=CC.CC1=CC2(C=CC1=O)OCC(C)(C)CO2,CC1C=CCC2C3(C=CC(=O)C12C)OCC(C)(C)CO3,CH2Cl2,dichloromethane,C=CC=CC.CC1=CC2(C=CC1=O)OCC(C)(C)CO2>>CC1C=CCC2C3(C=CC(=O)C12C)OCC(C)(C)CO3,0,0.0,0.03725392447904596,0,1.0,1.0,1.0
61,61,61,61,61,61,61,61,61,61,61,61,61,79,79,384,79,C=CC=CC.CC1=CC2(C=CC1=O)OCC(C)(C)CO2,CC1C=CCC2(C)C(=O)C=CC3(OCC(C)(C)CO3)C12,CH2Cl2,dichloromethane,C=CC=CC.CC1=CC2(C=CC1=O)OCC(C)(C)CO2>>CC1C=CCC2(C)C(=O)C=CC3(OCC(C)(C)CO3)C12,0,0.0,0.06631589019195872,1,0.0,0.0,0.0
62,62,62,62,62,62,62,62,62,62,62,62,62,80,80,384,80,C=CC=CC.CC1=CC2(C=CC1=O)OCC(C)(C)CO2,CC1=CC2(OCC(C)(C)CO2)C2C(C)C=CCC2C1=O,CH2Cl2,dichloromethane,C=CC=CC.CC1=CC2(C=CC1=O)OCC(C)(C)CO2>>CC1=CC2(OCC(C)(C)CO2)C2C(C)C=CCC2C1=O,0,0.0,0.04940704031196219,0,0.0,0.0,0.0
63,63,63,63,63,63,63,63,63,63,63,63,63,82,82,385,82,C=CC=CC.COC1=CC(=O)C=CC12OCC(C)(C)CO2,COC1=CC(=O)C2C(C)C=CCC2C12OCC(C)(C)CO2,CH2Cl2,dichloromethane,C=CC=CC.COC1=CC(=O)C=CC12OCC(C)(C)CO2>>COC1=CC(=O)C2C(C)C=CCC2C12OCC(C)(C)CO2,1,0.0,0.029750142390980727,1,1.0,1.0,1.0
64,64,64,64,64,64,64,64,64,64,64,64,64,83,83,385,83,C=CC=CC.COC1=CC(=O)C=CC12OCC(C)(C)CO2,COC12CC=CC(C)C1C(=O)C=CC21OCC(C)(C)CO1,CH2Cl2,dichloromethane,C=CC=CC.COC1=CC(=O)C=CC12OCC(C)(C)CO2>>COC12CC=CC(C)C1C(=O)C=CC21OCC(C)(C)CO1,0,0.0,0.049379853533082496,0,0.0,0.0,0.0
65,65,65,65,65,65,65,65,65,65,65,65,65,85,85,386,85,C=CC=CC.CCOP(=O)(OCC)C1=CC(C)(C)C=CC1=O,CCOP(=O)(OCC)C12C(=O)C=CC(C)(C)C1CC=CC2C,Ether,diethyl ether,C=CC=CC.CCOP(=O)(OCC)C1=CC(C)(C)C=CC1=O>>CCOP(=O)(OCC)C12C(=O)C=CC(C)(C)C1CC=CC2C,1,0.0,0.0331642073540479,0,1.0,1.0,1.0
66,66,66,66,66,66,66,66,66,66,66,66,66,88,88,386,88,C=CC=CC.CCOP(=O)(OCC)C1=CC(C)(C)C=CC1=O,CCOP(=O)(OCC)C12CC=CC(C)C1C(C)(C)C=CC2=O,Ether,diethyl ether,C=CC=CC.CCOP(=O)(OCC)C1=CC(C)(C)C=CC1=O>>CCOP(=O)(OCC)C12CC=CC(C)C1C(C)(C)C=CC2=O,0,0.0,0.06170013741098046,1,0.0,0.0,0.0
67,67,67,67,67,67,67,67,67,67,67,67,67,90,90,387,90,C=CC(C)=CC.CCOP(=O)(OCC)C1=CC(C)(C)C=CC1=O,CCOP(=O)(OCC)C1=CC(C)(C)C2C(C)C(C)=CCC2C1=O,Ether,diethyl ether,C=CC(C)=CC.CCOP(=O)(OCC)C1=CC(C)(C)C=CC1=O>>CCOP(=O)(OCC)C1=CC(C)(C)C2C(C)C(C)=CCC2C1=O,0,0.0,0.05172163548809294,0,0.0,0.0,0.0
68,68,68,68,68,68,68,68,68,68,68,68,68,91,91,387,91,C=CC(C)=CC.CCOP(=O)(OCC)C1=CC(C)(C)C=CC1=O,CCOP(=O)(OCC)C12C(=O)C=CC(C)(C)C1CC=C(C)C2C,Ether,diethyl ether,C=CC(C)=CC.CCOP(=O)(OCC)C1=CC(C)(C)C=CC1=O>>CCOP(=O)(OCC)C12C(=O)C=CC(C)(C)C1CC=C(C)C2C,1,0.0,0.043083180195026216,1,1.0,1.0,1.0
69,69,69,69,69,69,69,69,69,69,69,69,69,92,92,387,92,C=CC(C)=CC.CCOP(=O)(OCC)C1=CC(C)(C)C=CC1=O,CCOP(=O)(OCC)C12CC=C(C)C(C)C1C(C)(C)C=CC2=O,Ether,diethyl ether,C=CC(C)=CC.CCOP(=O)(OCC)C1=CC(C)(C)C=CC1=O>>CCOP(=O)(OCC)C12CC=C(C)C(C)C1C(C)(C)C=CC2=O,0,0.0,0.05713433137498214,0,0.0,0.0,0.0
70,70,70,70,70,70,70,70,70,70,70,70,70,93,93,388,93,C1=CCC=C1.CCOP(=O)(OCC)C1=CC(C)(C)C=CC1=O,CCOP(=O)(OCC)C12C(=O)C=CC(C)(C)C1C1C=CC2C1,Ether,diethyl ether,C1=CCC=C1.CCOP(=O)(OCC)C1=CC(C)(C)C=CC1=O>>CCOP(=O)(OCC)C12C(=O)C=CC(C)(C)C1C1C=CC2C1,0,0.0,0.037933146950990704,1,1.0,1.0,1.0
71,71,71,71,71,71,71,71,71,71,71,71,71,94,94,388,94,C1=CCC=C1.CCOP(=O)(OCC)C1=CC(C)(C)C=CC1=O,CCOP(=O)(OCC)C1=CC(C)(C)C2C3C=CC(C3)C2C1=O,Ether,diethyl ether,C1=CCC=C1.CCOP(=O)(OCC)C1=CC(C)(C)C=CC1=O>>CCOP(=O)(OCC)C1=CC(C)(C)C2C3C=CC(C3)C2C1=O,1,0.0,0.04430796410201765,0,0.0,0.0,0.0
72,72,72,72,72,72,72,72,72,72,72,72,72,95,95,405,95,C=CC(=C)OC.C=CC(=O)n1nc(C)cc1C,COC1=CCCC(C(=O)n2nc(C)cc2C)C1,Acetonitrile,acetonitrile,C=CC(=C)OC.C=CC(=O)n1nc(C)cc1C>>COC1=CCCC(C(=O)n2nc(C)cc2C)C1,0,0.0,0.025459799919985926,1,1.0,0.0,0.0
73,73,73,73,73,73,73,73,73,73,73,73,73,96,96,405,96,C=CC(=C)OC.C=CC(=O)n1nc(C)cc1C,COC1=CCC(C(=O)n2nc(C)cc2C)CC1,Acetonitrile,acetonitrile,C=CC(=C)OC.C=CC(=O)n1nc(C)cc1C>>COC1=CCC(C(=O)n2nc(C)cc2C)CC1,1,0.0,0.02219603897106026,0,0.0,1.0,1.0
74,74,74,74,74,74,74,74,74,74,74,74,74,97,97,406,97,C=CC(=C)c1ccccc1.C=CC(=O)n1nc(C)cc1C,Cc1cc(C)n(C(=O)C2CC=C(c3ccccc3)CC2)n1,Acetonitrile,acetonitrile,C=CC(=C)c1ccccc1.C=CC(=O)n1nc(C)cc1C>>Cc1cc(C)n(C(=O)C2CC=C(c3ccccc3)CC2)n1,1,0.0,0.01557209273096305,1,1.0,1.0,1.0
75,75,75,75,75,75,75,75,75,75,75,75,75,98,98,406,98,C=CC(=C)c1ccccc1.C=CC(=O)n1nc(C)cc1C,Cc1cc(C)n(C(=O)C2CCC=C(c3ccccc3)C2)n1,Acetonitrile,acetonitrile,C=CC(=C)c1ccccc1.C=CC(=O)n1nc(C)cc1C>>Cc1cc(C)n(C(=O)C2CCC=C(c3ccccc3)C2)n1,0,0.0,0.019699921845926838,0,0.0,0.0,0.0
76,76,76,76,76,76,76,76,76,76,76,76,76,99,99,439,99,CCOC(=O)C=CB1OC(C)(C)C(C)(C)O1.CC1=CCC=C1,CCOC(=O)C1C2C=C(C)C(C2)C1B1OC(C)(C)C(C)(C)O1,CH2Cl2,dichloromethane,CCOC(=O)C=CB1OC(C)(C)C(C)(C)O1.CC1=CCC=C1>>CCOC(=O)C1C2C=C(C)C(C2)C1B1OC(C)(C)C(C)(C)O1,1,0.0,0.030652057646989306,0,0.0,1.0,1.0
77,77,77,77,77,77,77,77,77,77,77,77,77,100,100,439,100,CCOC(=O)C=CB1OC(C)(C)C(C)(C)O1.CC1=CCC=C1,CCOC(=O)C1C2CC(C=C2C)C1B1OC(C)(C)C(C)(C)O1,CH2Cl2,dichloromethane,CCOC(=O)C=CB1OC(C)(C)C(C)(C)O1.CC1=CCC=C1>>CCOC(=O)C1C2CC(C=C2C)C1B1OC(C)(C)C(C)(C)O1,0,0.0,0.0342145780160763,1,1.0,0.0,0.0
78,78,78,78,78,78,78,78,78,78,78,78,78,101,101,465,101,C=CC(=C)O[Si](C)(C)C.C=CC=O,C[Si](C)(C)OC1=CCC(C=O)CC1,Toluene,toluene,C=CC(=C)O[Si](C)(C)C.C=CC=O>>C[Si](C)(C)OC1=CCC(C=O)CC1,1,0.0,0.012794857040944407,0,0.0,1.0,1.0
79,79,79,79,79,79,79,79,79,79,79,79,79,102,102,465,102,C=CC(=C)O[Si](C)(C)C.C=CC=O,C[Si](C)(C)OC1=CCCC(C=O)C1,Toluene,toluene,C=CC(=C)O[Si](C)(C)C.C=CC=O>>C[Si](C)(C)OC1=CCCC(C=O)C1,0,0.0,0.02354773255501641,1,1.0,0.0,0.0
80,80,80,80,80,80,80,80,80,80,80,80,80,103,103,467,103,C=CC(C)=O.COC1(OC)C=C(Br)C=C(C)C1=O,COC1(OC)C(=O)C2(C)C=C(Br)C1CC2C(C)=O,Methanol,methanol,C=CC(C)=O.COC1(OC)C=C(Br)C=C(C)C1=O>>COC1(OC)C(=O)C2(C)C=C(Br)C1CC2C(C)=O,1,0.0,,1,,1.0,
81,81,81,81,81,81,81,81,81,81,81,81,81,104,104,467,104,C=CC(C)=O.COC1(OC)C=C(Br)C=C(C)C1=O,COC1(OC)C(=O)C2(C)C=C(Br)C1C(C(C)=O)C2,Methanol,methanol,C=CC(C)=O.COC1(OC)C=C(Br)C=C(C)C1=O>>COC1(OC)C(=O)C2(C)C=C(Br)C1C(C(C)=O)C2,0,0.0,,0,,0.0,
82,82,82,82,82,82,82,82,82,82,82,82,82,105,105,468,105,C=CC(=O)OC.COC1(OC)C=C(Br)C=C(C)C1=O,COC(=O)C1CC2C(Br)=CC1(C)C(=O)C2(OC)OC,Methanol,methanol,C=CC(=O)OC.COC1(OC)C=C(Br)C=C(C)C1=O>>COC(=O)C1CC2C(Br)=CC1(C)C(=O)C2(OC)OC,1,0.0,,1,,1.0,
83,83,83,83,83,83,83,83,83,83,83,83,83,106,106,468,106,C=CC(=O)OC.COC1(OC)C=C(Br)C=C(C)C1=O,COC(=O)C1CC2(C)C=C(Br)C1C(OC)(OC)C2=O,Methanol,methanol,C=CC(=O)OC.COC1(OC)C=C(Br)C=C(C)C1=O>>COC(=O)C1CC2(C)C=C(Br)C1C(OC)(OC)C2=O,0,0.0,,0,,0.0,
84,84,84,84,84,84,84,84,84,84,84,84,84,107,107,469,107,C=CC1(CC)OCCO1.C=CC(=C)C,CCC1(C2CCC=C(C)C2)OCCO1,CH2Cl2,dichloromethane,C=CC1(CC)OCCO1.C=CC(=C)C>>CCC1(C2CCC=C(C)C2)OCCO1,0,0.0,0.04768621392395289,0,0.0,0.0,1.0
85,85,85,85,85,85,85,85,85,85,85,85,85,108,108,469,108,C=CC1(CC)OCCO1.C=CC(=C)C,CCC1(C2CC=C(C)CC2)OCCO1,CH2Cl2,dichloromethane,C=CC1(CC)OCCO1.C=CC(=C)C>>CCC1(C2CC=C(C)CC2)OCCO1,1,0.0,0.05053772007693169,1,1.0,1.0,0.0
86,86,86,86,86,86,86,86,86,86,86,86,86,109,109,471,109,C=CC(=O)OC.COC=CC(C)=COC=C(C)C=COC,COC=CC(C)=COC1CC(C(=O)OC)C(OC)C=C1C,Methanol,methanol,C=CC(=O)OC.COC=CC(C)=COC=C(C)C=COC>>COC=CC(C)=COC1CC(C(=O)OC)C(OC)C=C1C,1,0.0,0.03826653289593196,0,0.0,0.0,0.0
87,87,87,87,87,87,87,87,87,87,87,87,87,110,110,471,110,C=CC(=O)OC.COC=CC(C)=COC=C(C)C=COC,COC=CC(C)=COC1C(C)=CC(OC)CC1C(=O)OC,Methanol,methanol,C=CC(=O)OC.COC=CC(C)=COC=C(C)C=COC>>COC=CC(C)=COC1C(C)=CC(OC)CC1C(=O)OC,0,0.0,0.029870749481005987,1,1.0,1.0,1.0
88,88,88,88,88,88,88,88,88,88,88,88,88,115,115,474,115,N#CC1=CCCC1=O.C=CC(=C)C,CC1=CCC2CCC(=O)C2(C#N)C1,Ether,diethyl ether,N#CC1=CCCC1=O.C=CC(=C)C>>CC1=CCC2CCC(=O)C2(C#N)C1,0,0.0,0.022153431097990506,0,0.0,0.0,1.0
89,89,89,89,89,89,89,89,89,89,89,89,89,116,116,474,116,N#CC1=CCCC1=O.C=CC(=C)C,CC1=CCC2(C#N)C(=O)CCC2C1,Ether,diethyl ether,N#CC1=CCCC1=O.C=CC(=C)C>>CC1=CCC2(C#N)C(=O)CCC2C1,1,0.0,0.026374660504984604,1,1.0,1.0,0.0
90,90,90,90,90,90,90,90,90,90,90,90,90,117,117,475,117,N#CC1=CCCCCC1=O.C=CC(=C)C,CC1=CCC2(C#N)C(=O)CCCCC2C1,Ether,diethyl ether,N#CC1=CCCCCC1=O.C=CC(=C)C>>CC1=CCC2(C#N)C(=O)CCCCC2C1,1,0.0,0.018363137410005947,1,1.0,1.0,1.0
91,91,91,91,91,91,91,91,91,91,91,91,91,118,118,475,118,N#CC1=CCCCCC1=O.C=CC(=C)C,CC1=CCC2CCCCC(=O)C2(C#N)C1,Ether,diethyl ether,N#CC1=CCCCCC1=O.C=CC(=C)C>>CC1=CCC2CCCCC(=O)C2(C#N)C1,0,0.0,0.027750354729960236,0,0.0,0.0,0.0
92,92,92,92,92,92,92,92,92,92,92,92,92,119,119,481,119,C=CC=CC.CCOP(=O)(OCC)C1=CCCCC1=O,CCOP(=O)(OCC)C12CC=CC(C)C1CCCC2=O,Ether,diethyl ether,C=CC=CC.CCOP(=O)(OCC)C1=CCCCC1=O>>CCOP(=O)(OCC)C12CC=CC(C)C1CCCC2=O,0,0.0,0.04884885857586596,0,0.0,0.0,0.0
93,93,93,93,93,93,93,93,93,93,93,93,93,120,120,481,120,C=CC=CC.CCOP(=O)(OCC)C1=CCCCC1=O,CCOP(=O)(OCC)C12C(=O)CCCC1CC=CC2C,Ether,diethyl ether,C=CC=CC.CCOP(=O)(OCC)C1=CCCCC1=O>>CCOP(=O)(OCC)C12C(=O)CCCC1CC=CC2C,1,0.0,0.024712253009965934,1,1.0,1.0,1.0
94,94,94,94,94,94,94,94,94,94,94,94,94,121,121,482,121,C=C(C)C=CC.CCOP(=O)(OCC)C1=CC(C)(C)C=CC1=O,CCOP(=O)(OCC)C12C(=O)C=CC(C)(C)C1CC(C)=CC2C,Ether,diethyl ether,C=C(C)C=CC.CCOP(=O)(OCC)C1=CC(C)(C)C=CC1=O>>CCOP(=O)(OCC)C12C(=O)C=CC(C)(C)C1CC(C)=CC2C,1,0.0,0.02926994968515828,1,1.0,1.0,1.0
95,95,95,95,95,95,95,95,95,95,95,95,95,123,123,482,123,C=C(C)C=CC.CCOP(=O)(OCC)C1=CC(C)(C)C=CC1=O,CCOP(=O)(OCC)C12CC(C)=CC(C)C1C(C)(C)C=CC2=O,Ether,diethyl ether,C=C(C)C=CC.CCOP(=O)(OCC)C1=CC(C)(C)C=CC1=O>>CCOP(=O)(OCC)C12CC(C)=CC(C)C1C(C)(C)C=CC2=O,0,0.0,0.056775791221070904,0,0.0,0.0,0.0
96,96,96,96,96,96,96,96,96,96,96,96,96,127,127,485,127,CCOP(=O)(OCC)C1=CCCCC1=O.C=CC(=C)C,CCOP(=O)(OCC)C12CC=C(C)CC1CCCC2=O,Ether,diethyl ether,CCOP(=O)(OCC)C1=CCCCC1=O.C=CC(=C)C>>CCOP(=O)(OCC)C12CC=C(C)CC1CCCC2=O,1,0.0,0.020978825603151563,1,1.0,1.0,1.0
97,97,97,97,97,97,97,97,97,97,97,97,97,128,128,485,128,CCOP(=O)(OCC)C1=CCCCC1=O.C=CC(=C)C,CCOP(=O)(OCC)C12CC(C)=CCC1CCCC2=O,Ether,diethyl ether,CCOP(=O)(OCC)C1=CCCCC1=O.C=CC(=C)C>>CCOP(=O)(OCC)C12CC(C)=CCC1CCCC2=O,0,0.0,0.030952507180018074,0,0.0,0.0,0.0
98,98,98,98,98,98,98,98,98,98,98,98,98,129,129,508,129,C=CC1=CCCc2cc(OC)ccc21.C=C(C)C=O,COc1ccc2c(c1)CCC1C2=CCCC1(C)C=O,CH2Cl2,dichloromethane,C=CC1=CCCc2cc(OC)ccc21.C=C(C)C=O>>COc1ccc2c(c1)CCC1C2=CCCC1(C)C=O,0,0.0,0.019357701764988633,0,0.0,1.0,1.0
99,99,99,99,99,99,99,99,99,99,99,99,99,130,130,508,130,C=CC1=CCCc2cc(OC)ccc21.C=C(C)C=O,COc1ccc2c(c1)CCC1CC(C)(C=O)CC=C21,CH2Cl2,dichloromethane,C=CC1=CCCc2cc(OC)ccc21.C=C(C)C=O>>COc1ccc2c(c1)CCC1CC(C)(C=O)CC=C21,1,0.0,0.020778355358970657,1,1.0,0.0,0.0
100,100,100,100,100,100,100,100,100,100,100,100,100,131,131,509,131,CCOC(=O)C=CC(C)=O.C=CC(=C)CCOCc1ccccc1,CCOC(=O)C1CC(CCOCc2ccccc2)=CCC1C(C)=O,CH2Cl2,dichloromethane,CCOC(=O)C=CC(C)=O.C=CC(=C)CCOCc1ccccc1>>CCOC(=O)C1CC(CCOCc2ccccc2)=CCC1C(C)=O,1,0.0,0.018766747431982367,0,0.0,0.0,1.0
101,101,101,101,101,101,101,101,101,101,101,101,101,132,132,509,132,CCOC(=O)C=CC(C)=O.C=CC(=C)CCOCc1ccccc1,CCOC(=O)C1CC=C(CCOCc2ccccc2)CC1C(C)=O,CH2Cl2,dichloromethane,CCOC(=O)C=CC(C)=O.C=CC(=C)CCOCc1ccccc1>>CCOC(=O)C1CC=C(CCOCc2ccccc2)CC1C(C)=O,0,0.0,0.02864088869182524,1,1.0,1.0,0.0
102,102,102,102,102,102,102,102,102,102,102,102,102,139,139,576,139,C=CC=COC.C=CC=O,COC1C=CCC(C=O)C1,Water,water,C=CC=COC.C=CC=O>>COC1C=CCC(C=O)C1,0,0.0,0.0324498550289718,0,0.0,0.0,0.0
103,103,103,103,103,103,103,103,103,103,103,103,103,140,140,576,140,C=CC=COC.C=CC=O,COC1C=CCCC1C=O,Water,water,C=CC=COC.C=CC=O>>COC1C=CCCC1C=O,1,0.0,0.008287401702034458,1,1.0,1.0,1.0
104,104,104,104,104,104,104,104,104,104,104,104,104,141,141,579,141,C=C(C)C(=O)OC.COC1(OC)C=C(Br)C=C(C)C1=O,COC(=O)C1(C)CC2C(Br)=CC1(C)C(=O)C2(OC)OC,Methanol,methanol,C=C(C)C(=O)OC.COC1(OC)C=C(Br)C=C(C)C1=O>>COC(=O)C1(C)CC2C(Br)=CC1(C)C(=O)C2(OC)OC,1,0.0,,1,,1.0,
105,105,105,105,105,105,105,105,105,105,105,105,105,142,142,579,142,C=C(C)C(=O)OC.COC1(OC)C=C(Br)C=C(C)C1=O,COC(=O)C1(C)CC2(C)C=C(Br)C1C(OC)(OC)C2=O,Methanol,methanol,C=C(C)C(=O)OC.COC1(OC)C=C(Br)C=C(C)C1=O>>COC(=O)C1(C)CC2(C)C=C(Br)C1C(OC)(OC)C2=O,0,0.0,,0,,0.0,
106,106,106,106,106,106,106,106,106,106,106,106,106,143,143,588,143,O=C1C=CCCC1.C=CC1=CCOC1C(C)OCc1ccccc1,CC(OCc1ccccc1)C1OCC2C1=CCC1CCCC(=O)C12,CH2Cl2,dichloromethane,O=C1C=CCCC1.C=CC1=CCOC1C(C)OCc1ccccc1>>CC(OCc1ccccc1)C1OCC2C1=CCC1CCCC(=O)C12,1,0.0,0.038945235766050246,1,1.0,1.0,0.0
107,107,107,107,107,107,107,107,107,107,107,107,107,144,144,588,144,O=C1C=CCCC1.C=CC1=CCOC1C(C)OCc1ccccc1,CC(OCc1ccccc1)C1OCC2C1=CCC1C(=O)CCCC12,CH2Cl2,dichloromethane,O=C1C=CCCC1.C=CC1=CCOC1C(C)OCc1ccccc1>>CC(OCc1ccccc1)C1OCC2C1=CCC1C(=O)CCCC12,0,0.0,0.037437480164044246,0,0.0,0.0,1.0
108,108,108,108,108,108,108,108,108,108,108,108,108,145,145,589,145,O=C1C=CCC1.C=CC1=CCOC1C(C)OCc1ccccc1,CC(OCc1ccccc1)C1OCC2C1=CCC1C(=O)CCC12,CH2Cl2,dichloromethane,O=C1C=CCC1.C=CC1=CCOC1C(C)OCc1ccccc1>>CC(OCc1ccccc1)C1OCC2C1=CCC1C(=O)CCC12,0,0.0,0.037697272163995876,0,0.0,0.0,0.0
109,109,109,109,109,109,109,109,109,109,109,109,109,146,146,589,146,O=C1C=CCC1.C=CC1=CCOC1C(C)OCc1ccccc1,CC(OCc1ccccc1)C1OCC2C1=CCC1CCC(=O)C12,CH2Cl2,dichloromethane,O=C1C=CCC1.C=CC1=CCOC1C(C)OCc1ccccc1>>CC(OCc1ccccc1)C1OCC2C1=CCC1CCC(=O)C12,1,0.0,0.03094185480199485,1,1.0,1.0,1.0
110,110,110,110,110,110,110,110,110,110,110,110,110,147,147,592,147,C=CC(C)=O.COC1(OC)C=C(Br)C=CC1=O,COC1(OC)C(=O)C2C=C(Br)C1C(C(C)=O)C2,Methanol,methanol,C=CC(C)=O.COC1(OC)C=C(Br)C=CC1=O>>COC1(OC)C(=O)C2C=C(Br)C1C(C(C)=O)C2,0,0.0,,1,,0.0,
111,111,111,111,111,111,111,111,111,111,111,111,111,148,148,592,148,C=CC(C)=O.COC1(OC)C=C(Br)C=CC1=O,COC1(OC)C(=O)C2C=C(Br)C1CC2C(C)=O,Methanol,methanol,C=CC(C)=O.COC1(OC)C=C(Br)C=CC1=O>>COC1(OC)C(=O)C2C=C(Br)C1CC2C(C)=O,1,0.0,,0,,1.0,
112,112,112,112,112,112,112,112,112,112,112,112,112,149,149,593,149,C=CC(C)=O.COC1(OC)C=C(C2OCCO2)C(Br)=CC1=O,COC1(OC)C(=O)C2CC(C(C)=O)C1C(C1OCCO1)=C2Br,Methanol,methanol,C=CC(C)=O.COC1(OC)C=C(C2OCCO2)C(Br)=CC1=O>>COC1(OC)C(=O)C2CC(C(C)=O)C1C(C1OCCO1)=C2Br,0,0.0,,0,,1.0,
113,113,113,113,113,113,113,113,113,113,113,113,113,150,150,593,150,C=CC(C)=O.COC1(OC)C=C(C2OCCO2)C(Br)=CC1=O,COC1(OC)C(=O)C2C(Br)=C(C3OCCO3)C1CC2C(C)=O,Methanol,methanol,C=CC(C)=O.COC1(OC)C=C(C2OCCO2)C(Br)=CC1=O>>COC1(OC)C(=O)C2C(Br)=C(C3OCCO3)C1CC2C(C)=O,1,0.0,,1,,0.0,
114,114,114,114,114,114,114,114,114,114,114,114,114,151,151,594,151,C=CC(=O)OC.COC1(OC)C=C(C2OCCO2)C(Br)=CC1=O,COC(=O)C1CC2C(C3OCCO3)=C(Br)C1C(=O)C2(OC)OC,Methanol,methanol,C=CC(=O)OC.COC1(OC)C=C(C2OCCO2)C(Br)=CC1=O>>COC(=O)C1CC2C(C3OCCO3)=C(Br)C1C(=O)C2(OC)OC,1,0.0,,1,,1.0,
115,115,115,115,115,115,115,115,115,115,115,115,115,152,152,594,152,C=CC(=O)OC.COC1(OC)C=C(C2OCCO2)C(Br)=CC1=O,COC(=O)C1CC2C(=O)C(OC)(OC)C1C(C1OCCO1)=C2Br,Methanol,methanol,C=CC(=O)OC.COC1(OC)C=C(C2OCCO2)C(Br)=CC1=O>>COC(=O)C1CC2C(=O)C(OC)(OC)C1C(C1OCCO1)=C2Br,0,0.0,,0,,0.0,
116,116,116,116,116,116,116,116,116,116,116,116,116,153,153,595,153,C=C(C)C(=O)OC.COC1(OC)C=C(C2OCCO2)C(Br)=CC1=O,COC(=O)C1(C)CC2C(C3OCCO3)=C(Br)C1C(=O)C2(OC)OC,Methanol,methanol,C=C(C)C(=O)OC.COC1(OC)C=C(C2OCCO2)C(Br)=CC1=O>>COC(=O)C1(C)CC2C(C3OCCO3)=C(Br)C1C(=O)C2(OC)OC,1,0.0,,0,,1.0,
117,117,117,117,117,117,117,117,117,117,117,117,117,154,154,595,154,C=C(C)C(=O)OC.COC1(OC)C=C(C2OCCO2)C(Br)=CC1=O,COC(=O)C1(C)CC2C(=O)C(OC)(OC)C1C(C1OCCO1)=C2Br,Methanol,methanol,C=C(C)C(=O)OC.COC1(OC)C=C(C2OCCO2)C(Br)=CC1=O>>COC(=O)C1(C)CC2C(=O)C(OC)(OC)C1C(C1OCCO1)=C2Br,0,0.0,,1,,0.0,
118,118,118,118,118,118,118,118,118,118,118,118,118,155,155,612,155,C=C(C)C=O.C=CC1=CCc2ccccc21,CC1(C=O)CCC=C2c3ccccc3CC21,CH2Cl2,dichloromethane,C=C(C)C=O.C=CC1=CCc2ccccc21>>CC1(C=O)CCC=C2c3ccccc3CC21,0,0.0,0.020983982162078973,0,0.0,1.0,1.0
119,119,119,119,119,119,119,119,119,119,119,119,119,156,156,612,156,C=C(C)C=O.C=CC1=CCc2ccccc21,CC1(C=O)CC=C2c3ccccc3CC2C1,CH2Cl2,dichloromethane,C=C(C)C=O.C=CC1=CCc2ccccc21>>CC1(C=O)CC=C2c3ccccc3CC2C1,1,0.0,0.02142026629906013,1,1.0,0.0,0.0
120,120,120,120,120,120,120,120,120,120,120,120,120,159,159,629,159,COC1C=C(Br)C(=O)O1.C=CC=CO[Si](C)(C)C(C)(C)C,COC1OC(=O)C2(Br)CC=CC(O[Si](C)(C)C(C)(C)C)C12,Toluene,toluene,COC1C=C(Br)C(=O)O1.C=CC=CO[Si](C)(C)C(C)(C)C>>COC1OC(=O)C2(Br)CC=CC(O[Si](C)(C)C(C)(C)C)C12,0,0.0,,0,,0.0,
121,121,121,121,121,121,121,121,121,121,121,121,121,160,160,629,160,COC1C=C(Br)C(=O)O1.C=CC=CO[Si](C)(C)C(C)(C)C,COC1OC(=O)C2(Br)C(O[Si](C)(C)C(C)(C)C)C=CCC12,Toluene,toluene,COC1C=C(Br)C(=O)O1.C=CC=CO[Si](C)(C)C(C)(C)C>>COC1OC(=O)C2(Br)C(O[Si](C)(C)C(C)(C)C)C=CCC12,1,0.0,,1,,1.0,
122,122,122,122,122,122,122,122,122,122,122,122,122,161,161,631,161,C=CC(=O)CC.C=CC(=C)C,CCC(=O)C1CCC=C(C)C1,Water,water,C=CC(=O)CC.C=CC(=C)C>>CCC(=O)C1CCC=C(C)C1,0,0.0,0.024940893874031644,1,1.0,1.0,1.0
123,123,123,123,123,123,123,123,123,123,123,123,123,162,162,631,162,C=CC(=O)CC.C=CC(=C)C,CCC(=O)C1CC=C(C)CC1,Water,water,C=CC(=O)CC.C=CC(=C)C>>CCC(=O)C1CC=C(C)CC1,1,0.0,0.030409098616985375,0,0.0,0.0,0.0
124,124,124,124,124,124,124,124,124,124,124,124,124,163,163,653,163,C=CCOC1C(C(=O)C=C)OC2OC(C)(C)OC21.C1=CCC=C1,C=CCOC1C(C(=O)C2CC3C=CC2C3)OC2OC(C)(C)OC21,CH2Cl2,dichloromethane,C=CCOC1C(C(=O)C=C)OC2OC(C)(C)OC21.C1=CCC=C1>>C=CCOC1C(C(=O)C2CC3C=CC2C3)OC2OC(C)(C)OC21,1,0.0,0.023725177036112655,1,1.0,1.0,1.0
125,125,125,125,125,125,125,125,125,125,125,125,125,164,164,653,164,C=CCOC1C(C(=O)C=C)OC2OC(C)(C)OC21.C1=CCC=C1,C=CC(=O)C1OC2OC(C)(C)OC2C1OCC1CC2C=CC1C2,CH2Cl2,dichloromethane,C=CCOC1C(C(=O)C=C)OC2OC(C)(C)OC21.C1=CCC=C1>>C=CC(=O)C1OC2OC(C)(C)OC2C1OCC1CC2C=CC1C2,0,0.0,0.0464443311350351,0,0.0,0.0,0.0
126,126,126,126,126,126,126,126,126,126,126,126,126,165,165,670,165,C=C(Br)C(=O)OCC.C=CC(=C)C,CCOC(=O)C1(Br)CCC=C(C)C1,CH2Cl2,dichloromethane,C=C(Br)C(=O)OCC.C=CC(=C)C>>CCOC(=O)C1(Br)CCC=C(C)C1,0,0.0,,0,,0.0,
127,127,127,127,127,127,127,127,127,127,127,127,127,166,166,670,166,C=C(Br)C(=O)OCC.C=CC(=C)C,CCOC(=O)C1(Br)CC=C(C)CC1,CH2Cl2,dichloromethane,C=C(Br)C(=O)OCC.C=CC(=C)C>>CCOC(=O)C1(Br)CC=C(C)CC1,1,0.0,,1,,1.0,
128,128,128,128,128,128,128,128,128,128,128,128,128,167,167,686,167,C=CC(=O)OC.C=CC(=C)C,COC(=O)C1CCC=C(C)C1,CHCl3,chloroform,C=CC(=O)OC.C=CC(=C)C>>COC(=O)C1CCC=C(C)C1,0,0.0,0.02810993732998668,0,0.0,0.0,0.0
129,129,129,129,129,129,129,129,129,129,129,129,129,168,168,686,168,C=CC(=O)OC.C=CC(=C)C,COC(=O)C1CC=C(C)CC1,CHCl3,chloroform,C=CC(=O)OC.C=CC(=C)C>>COC(=O)C1CC=C(C)CC1,1,0.0,0.023981437085012658,1,1.0,1.0,1.0
130,130,130,130,130,130,130,130,130,130,130,130,130,169,169,687,169,C=C(C=COC)O[Si](C)(C)C.C=C(C)C(=O)OC,COC(=O)C1(C)CCC(O[Si](C)(C)C)=CC1OC,Toluene,toluene,C=C(C=COC)O[Si](C)(C)C.C=C(C)C(=O)OC>>COC(=O)C1(C)CCC(O[Si](C)(C)C)=CC1OC,1,0.0,0.023540626006933962,1,1.0,1.0,1.0
131,131,131,131,131,131,131,131,131,131,131,131,131,170,170,687,170,C=C(C=COC)O[Si](C)(C)C.C=C(C)C(=O)OC,COC(=O)C1(C)CC(O[Si](C)(C)C)=CC(OC)C1,Toluene,toluene,C=C(C=COC)O[Si](C)(C)C.C=C(C)C(=O)OC>>COC(=O)C1(C)CC(O[Si](C)(C)C)=CC(OC)C1,0,0.0,0.03986471219104715,0,0.0,0.0,0.0
132,132,132,132,132,132,132,132,132,132,132,132,132,173,173,717,173,O=C1C=CCC1.C=CC=CC,CC1C=CCC2C(=O)CCC12,THF,tetrahydrofuran,O=C1C=CCC1.C=CC=CC>>CC1C=CCC2C(=O)CCC12,0,0.0,0.04957808040899181,0,0.0,0.0,0.0
133,133,133,133,133,133,133,133,133,133,133,133,133,174,174,717,174,O=C1C=CCC1.C=CC=CC,CC1C=CCC2CCC(=O)C12,THF,tetrahydrofuran,O=C1C=CCC1.C=CC=CC>>CC1C=CCC2CCC(=O)C12,1,0.0,0.035799067107973315,1,1.0,1.0,1.0
134,134,134,134,134,134,134,134,134,134,134,134,134,177,177,797,177,C=CC=CC.C=C(OC(=O)c1ccc([N+](=O)[O-])cc1)C(C)=O,CC(=O)C1(OC(=O)c2ccc([N+](=O)[O-])cc2)CCC=CC1C,CH2Cl2,dichloromethane,C=CC=CC.C=C(OC(=O)c1ccc([N+](=O)[O-])cc1)C(C)=O>>CC(=O)C1(OC(=O)c2ccc([N+](=O)[O-])cc2)CCC=CC1C,1,0.0,0.0294047186989701,1,1.0,0.0,0.0
135,135,135,135,135,135,135,135,135,135,135,135,135,178,178,797,178,C=CC=CC.C=C(OC(=O)c1ccc([N+](=O)[O-])cc1)C(C)=O,CC(=O)C1(OC(=O)c2ccc([N+](=O)[O-])cc2)CC=CC(C)C1,CH2Cl2,dichloromethane,C=CC=CC.C=C(OC(=O)c1ccc([N+](=O)[O-])cc1)C(C)=O>>CC(=O)C1(OC(=O)c2ccc([N+](=O)[O-])cc2)CC=CC(C)C1,0,0.0,0.025440746664799008,0,0.0,1.0,1.0
136,136,136,136,136,136,136,136,136,136,136,136,136,179,179,808,179,C=CC=COC.C=CC(=O)N(O)C(C)C,COC1C=CCC(C(=O)N(O)C(C)C)C1,CH2Cl2,dichloromethane,C=CC=COC.C=CC(=O)N(O)C(C)C>>COC1C=CCC(C(=O)N(O)C(C)C)C1,0,0.0,0.04438791708798817,0,0.0,0.0,0.0
137,137,137,137,137,137,137,137,137,137,137,137,137,180,180,808,180,C=CC=COC.C=CC(=O)N(O)C(C)C,COC1C=CCCC1C(=O)N(O)C(C)C,CH2Cl2,dichloromethane,C=CC=COC.C=CC(=O)N(O)C(C)C>>COC1C=CCCC1C(=O)N(O)C(C)C,1,0.0,0.023263653032927323,1,1.0,1.0,1.0
138,138,138,138,138,138,138,138,138,138,138,138,138,181,181,809,181,C=CC=CC.CC1(C)C=CC(=O)C(C#N)=C1,CC1C=CCC2C(C)(C)C=CC(=O)C12C#N,Ether,diethyl ether,C=CC=CC.CC1(C)C=CC(=O)C(C#N)=C1>>CC1C=CCC2C(C)(C)C=CC(=O)C12C#N,1,0.0,0.030243942131960466,0,1.0,1.0,1.0
139,139,139,139,139,139,139,139,139,139,139,139,139,182,182,809,182,C=CC=CC.CC1(C)C=CC(=O)C(C#N)=C1,CC1C=CCC2C(=O)C(C#N)=CC(C)(C)C12,Ether,diethyl ether,C=CC=CC.CC1(C)C=CC(=O)C(C#N)=C1>>CC1C=CCC2C(=O)C(C#N)=CC(C)(C)C12,0,0.0,0.05749881587598793,0,0.0,0.0,0.0
140,140,140,140,140,140,140,140,140,140,140,140,140,183,183,809,183,C=CC=CC.CC1(C)C=CC(=O)C(C#N)=C1,CC1C=CCC2(C#N)C(=O)C=CC(C)(C)C12,Ether,diethyl ether,C=CC=CC.CC1(C)C=CC(=O)C(C#N)=C1>>CC1C=CCC2(C#N)C(=O)C=CC(C)(C)C12,0,0.0,0.05524919009792484,0,0.0,0.0,0.0
141,141,141,141,141,141,141,141,141,141,141,141,141,184,184,809,184,C=CC=CC.CC1(C)C=CC(=O)C(C#N)=C1,CC1C=CCC2C1C(=O)C(C#N)=CC2(C)C,Ether,diethyl ether,C=CC=CC.CC1(C)C=CC(=O)C(C#N)=C1>>CC1C=CCC2C1C(=O)C(C#N)=CC2(C)C,0,0.0,0.037325619694001944,1,0.0,0.0,0.0
142,142,142,142,142,142,142,142,142,142,142,142,142,185,185,810,185,C=CC(C)=CC.CC1(C)C=CC(=O)C(C#N)=C1,CC1=CCC2(C#N)C(=O)C=CC(C)(C)C2C1C,Ether,diethyl ether,C=CC(C)=CC.CC1(C)C=CC(=O)C(C#N)=C1>>CC1=CCC2(C#N)C(=O)C=CC(C)(C)C2C1C,0,0.0,0.03917792427000677,0,0.0,0.0,0.0
143,143,143,143,143,143,143,143,143,143,143,143,143,186,186,810,186,C=CC(C)=CC.CC1(C)C=CC(=O)C(C#N)=C1,CC1=CCC2C(=O)C(C#N)=CC(C)(C)C2C1C,Ether,diethyl ether,C=CC(C)=CC.CC1(C)C=CC(=O)C(C#N)=C1>>CC1=CCC2C(=O)C(C#N)=CC(C)(C)C2C1C,0,0.0,0.05774141398501342,0,0.0,0.0,0.0
144,144,144,144,144,144,144,144,144,144,144,144,144,187,187,810,187,C=CC(C)=CC.CC1(C)C=CC(=O)C(C#N)=C1,CC1=CCC2C(C)(C)C=CC(=O)C2(C#N)C1C,Ether,diethyl ether,C=CC(C)=CC.CC1(C)C=CC(=O)C(C#N)=C1>>CC1=CCC2C(C)(C)C=CC(=O)C2(C#N)C1C,1,0.0,0.028488816520962246,1,1.0,1.0,0.0
145,145,145,145,145,145,145,145,145,145,145,145,145,188,188,810,188,C=CC(C)=CC.CC1(C)C=CC(=O)C(C#N)=C1,CC1=CCC2C(C(=O)C(C#N)=CC2(C)C)C1C,Ether,diethyl ether,C=CC(C)=CC.CC1(C)C=CC(=O)C(C#N)=C1>>CC1=CCC2C(C(=O)C(C#N)=CC2(C)C)C1C,0,0.0,0.02777772978390658,0,0.0,0.0,1.0
146,146,146,146,146,146,146,146,146,146,146,146,146,193,193,815,193,C=C(C)C(=C)C.CC1(C)C=CC(=O)C(C#N)=C1,CC1=C(C)CC2C(C1)C(=O)C(C#N)=CC2(C)C,Ether,diethyl ether,C=C(C)C(=C)C.CC1(C)C=CC(=O)C(C#N)=C1>>CC1=C(C)CC2C(C1)C(=O)C(C#N)=CC2(C)C,0,0.0,0.0423593992189808,0,0.0,0.0,0.0
147,147,147,147,147,147,147,147,147,147,147,147,147,194,194,815,194,C=C(C)C(=C)C.CC1(C)C=CC(=O)C(C#N)=C1,CC1=C(C)CC2(C#N)C(=O)C=CC(C)(C)C2C1,Ether,diethyl ether,C=C(C)C(=C)C.CC1(C)C=CC(=O)C(C#N)=C1>>CC1=C(C)CC2(C#N)C(=O)C=CC(C)(C)C2C1,1,0.0,0.030455119955036025,1,1.0,1.0,1.0
148,148,148,148,148,148,148,148,148,148,148,148,148,195,195,827,195,C=CC(=O)OC.COC1(OC)C=C(Br)C=CC1=O,COC(=O)C1CC2C=C(Br)C1C(OC)(OC)C2=O,Methanol,methanol,C=CC(=O)OC.COC1(OC)C=C(Br)C=CC1=O>>COC(=O)C1CC2C=C(Br)C1C(OC)(OC)C2=O,0,0.0,,0,,0.0,
149,149,149,149,149,149,149,149,149,149,149,149,149,196,196,827,196,C=CC(=O)OC.COC1(OC)C=C(Br)C=CC1=O,COC(=O)C1CC2C(Br)=CC1C(=O)C2(OC)OC,Methanol,methanol,C=CC(=O)OC.COC1(OC)C=C(Br)C=CC1=O>>COC(=O)C1CC2C(Br)=CC1C(=O)C2(OC)OC,1,0.0,,1,,1.0,
150,150,150,150,150,150,150,150,150,150,150,150,150,197,197,828,197,C=C(C)C(=O)OC.COC1(OC)C=C(Br)C=CC1=O,COC(=O)C1(C)CC2C(Br)=CC1C(=O)C2(OC)OC,Methanol,methanol,C=C(C)C(=O)OC.COC1(OC)C=C(Br)C=CC1=O>>COC(=O)C1(C)CC2C(Br)=CC1C(=O)C2(OC)OC,1,0.0,,1,,1.0,
151,151,151,151,151,151,151,151,151,151,151,151,151,198,198,828,198,C=C(C)C(=O)OC.COC1(OC)C=C(Br)C=CC1=O,COC(=O)C1(C)CC2C=C(Br)C1C(OC)(OC)C2=O,Methanol,methanol,C=C(C)C(=O)OC.COC1(OC)C=C(Br)C=CC1=O>>COC(=O)C1(C)CC2C=C(Br)C1C(OC)(OC)C2=O,0,0.0,,0,,0.0,
152,152,152,152,152,152,152,152,152,152,152,152,152,199,199,843,199,C=CC(=C)C.C=CC(=O)OC1C(=O)N(CCOC)CC1(C)C,COCCN1CC(C)(C)C(OC(=O)C2CCC=C(C)C2)C1=O,CH2Cl2,dichloromethane,C=CC(=C)C.C=CC(=O)OC1C(=O)N(CCOC)CC1(C)C>>COCCN1CC(C)(C)C(OC(=O)C2CCC=C(C)C2)C1=O,0,0.0,0.02669204488199739,0,0.0,1.0,0.0
153,153,153,153,153,153,153,153,153,153,153,153,153,200,200,843,200,C=CC(=C)C.C=CC(=O)OC1C(=O)N(CCOC)CC1(C)C,COCCN1CC(C)(C)C(OC(=O)C2CC=C(C)CC2)C1=O,CH2Cl2,dichloromethane,C=CC(=C)C.C=CC(=O)OC1C(=O)N(CCOC)CC1(C)C>>COCCN1CC(C)(C)C(OC(=O)C2CC=C(C)CC2)C1=O,1,0.0,0.02464364641900829,1,1.0,0.0,1.0
154,154,154,154,154,154,154,154,154,154,154,154,154,203,203,891,203,CC1CC12C=CC=C2.CC1=C(C)C(=O)C=CC1=O,CC1=C(C)C(=O)C2C(C1=O)C1C=CC2C12CC2C,Water,water,CC1CC12C=CC=C2.CC1=C(C)C(=O)C=CC1=O>>CC1=C(C)C(=O)C2C(C1=O)C1C=CC2C12CC2C,1,0.0,0.01830575350197705,0,1.0,1.0,1.0
155,155,155,155,155,155,155,155,155,155,155,155,155,204,204,891,204,CC1CC12C=CC=C2.CC1=C(C)C(=O)C=CC1=O,CC1CC12C1C=CC2C2(C)C(=O)C=CC(=O)C12C,Water,water,CC1CC12C=CC=C2.CC1=C(C)C(=O)C=CC1=O>>CC1CC12C1C=CC2C2(C)C(=O)C=CC(=O)C12C,0,0.0,0.05404515744692162,1,0.0,0.0,0.0
156,156,156,156,156,156,156,156,156,156,156,156,156,205,205,897,205,C=C(C=COCC)C(NC(C)=O)c1ccccc1.C=CC=O,CCOC1C=C(C(NC(C)=O)c2ccccc2)CCC1C=O,CH2Cl2,dichloromethane,C=C(C=COCC)C(NC(C)=O)c1ccccc1.C=CC=O>>CCOC1C=C(C(NC(C)=O)c2ccccc2)CCC1C=O,1,0.0,0.02507476032599243,0,0.0,1.0,1.0
157,157,157,157,157,157,157,157,157,157,157,157,157,206,206,897,206,C=C(C=COCC)C(NC(C)=O)c1ccccc1.C=CC=O,CCOC1C=C(C(NC(C)=O)c2ccccc2)CC(C=O)C1,CH2Cl2,dichloromethane,C=C(C=COCC)C(NC(C)=O)c1ccccc1.C=CC=O>>CCOC1C=C(C(NC(C)=O)c2ccccc2)CC(C=O)C1,0,0.0,0.042282235972948,1,1.0,0.0,0.0
158,158,158,158,158,158,158,158,158,158,158,158,158,207,207,898,207,C=C(C=COCC)C(NC(C)=O)c1ccccc1.C=CC(C)=O,CCOC1C=C(C(NC(C)=O)c2ccccc2)CC(C(C)=O)C1,CH2Cl2,dichloromethane,C=C(C=COCC)C(NC(C)=O)c1ccccc1.C=CC(C)=O>>CCOC1C=C(C(NC(C)=O)c2ccccc2)CC(C(C)=O)C1,0,0.0,0.04407562995504577,1,1.0,0.0,0.0
159,159,159,159,159,159,159,159,159,159,159,159,159,208,208,898,208,C=C(C=COCC)C(NC(C)=O)c1ccccc1.C=CC(C)=O,CCOC1C=C(C(NC(C)=O)c2ccccc2)CCC1C(C)=O,CH2Cl2,dichloromethane,C=C(C=COCC)C(NC(C)=O)c1ccccc1.C=CC(C)=O>>CCOC1C=C(C(NC(C)=O)c2ccccc2)CCC1C(C)=O,1,0.0,0.021788806243080217,0,0.0,1.0,1.0
160,160,160,160,160,160,160,160,160,160,160,160,160,209,209,903,209,CC1(C)C2C=C(C#N)C(=O)C1C2.C=CC(=C)C,CC1=CCC2C3CC(C(=O)C2(C#N)C1)C3(C)C,CH2Cl2,dichloromethane,CC1(C)C2C=C(C#N)C(=O)C1C2.C=CC(=C)C>>CC1=CCC2C3CC(C(=O)C2(C#N)C1)C3(C)C,0,0.0,0.03203240061498036,0,0.0,0.0,0.0
161,161,161,161,161,161,161,161,161,161,161,161,161,210,210,903,210,CC1(C)C2C=C(C#N)C(=O)C1C2.C=CC(=C)C,CC1=CCC2(C#N)C(=O)C3CC(C2C1)C3(C)C,CH2Cl2,dichloromethane,CC1(C)C2C=C(C#N)C(=O)C1C2.C=CC(=C)C>>CC1=CCC2(C#N)C(=O)C3CC(C2C1)C3(C)C,1,0.0,0.028082591947054425,1,1.0,1.0,1.0
162,162,162,162,162,162,162,162,162,162,162,162,162,211,211,932,211,C=C(F)C(=C)Sc1ccccc1.C=CC=O,O=CC1CCC(F)=C(Sc2ccccc2)C1,Ether,diethyl ether,C=C(F)C(=C)Sc1ccccc1.C=CC=O>>O=CC1CCC(F)=C(Sc2ccccc2)C1,0,0.0,0.028971137119924606,1,1.0,0.0,0.0
163,163,163,163,163,163,163,163,163,163,163,163,163,212,212,932,212,C=C(F)C(=C)Sc1ccccc1.C=CC=O,O=CC1CCC(Sc2ccccc2)=C(F)C1,Ether,diethyl ether,C=C(F)C(=C)Sc1ccccc1.C=CC=O>>O=CC1CCC(Sc2ccccc2)=C(F)C1,1,0.0,0.020632112428074834,0,0.0,1.0,1.0
164,164,164,164,164,164,164,164,164,164,164,164,164,215,215,957,215,C=CC#CC1=CC(=O)C=CC1(OC)OC.C1=CCC=C1,C=CC#CC12C3C=CC(C3)C1C(=O)C=CC2(OC)OC,CH2Cl2,dichloromethane,C=CC#CC1=CC(=O)C=CC1(OC)OC.C1=CCC=C1>>C=CC#CC12C3C=CC(C3)C1C(=O)C=CC2(OC)OC,0,0.0,0.03832626021005581,0,0.0,0.0,0.0
165,165,165,165,165,165,165,165,165,165,165,165,165,216,216,957,216,C=CC#CC1=CC(=O)C=CC1(OC)OC.C1=CCC=C1,COC1(OC)C=CC(=O)C=C1C#CC1CC2C=CC1C2,CH2Cl2,dichloromethane,C=CC#CC1=CC(=O)C=CC1(OC)OC.C1=CCC=C1>>COC1(OC)C=CC(=O)C=C1C#CC1CC2C=CC1C2,0,0.0,0.02744382680396029,0,0.0,0.0,1.0
166,166,166,166,166,166,166,166,166,166,166,166,166,217,217,957,217,C=CC#CC1=CC(=O)C=CC1(OC)OC.C1=CCC=C1,C=CC#CC1=CC(=O)C2C3C=CC(C3)C2C1(OC)OC,CH2Cl2,dichloromethane,C=CC#CC1=CC(=O)C=CC1(OC)OC.C1=CCC=C1>>C=CC#CC1=CC(=O)C2C3C=CC(C3)C2C1(OC)OC,1,0.0,0.027550936030024786,1,1.0,1.0,0.0
167,167,167,167,167,167,167,167,167,167,167,167,167,222,222,990,222,C=CC#N.CCOP(=O)(OCC)OC(=CSC(C)=O)C1=CCCC1,CCOP(=O)(OCC)OC1=C2CCCC2C(C#N)CC1SC(C)=O,THF,tetrahydrofuran,C=CC#N.CCOP(=O)(OCC)OC(=CSC(C)=O)C1=CCCC1>>CCOP(=O)(OCC)OC1=C2CCCC2C(C#N)CC1SC(C)=O,0,0.0,0.03528805287601244,1,1.0,0.0,1.0
168,168,168,168,168,168,168,168,168,168,168,168,168,223,223,990,223,C=CC#N.CCOP(=O)(OCC)OC(=CSC(C)=O)C1=CCCC1,CCOP(=O)(OCC)OC1=C2CCCC2CC(C#N)C1SC(C)=O,THF,tetrahydrofuran,C=CC#N.CCOP(=O)(OCC)OC(=CSC(C)=O)C1=CCCC1>>CCOP(=O)(OCC)OC1=C2CCCC2CC(C#N)C1SC(C)=O,1,0.0,0.04108793627688101,0,0.0,1.0,0.0
169,169,169,169,169,169,169,169,169,169,169,169,169,224,224,1001,224,C=CC(=O)OC1CC(C)CCC1C(C)C.C=CC(=C)C,CC1=CCC(C(=O)OC2CC(C)CCC2C(C)C)CC1,CH2Cl2,dichloromethane,C=CC(=O)OC1CC(C)CCC1C(C)C.C=CC(=C)C>>CC1=CCC(C(=O)OC2CC(C)CCC2C(C)C)CC1,1,0.0,0.026974896412070848,0,1.0,0.0,0.0
170,170,170,170,170,170,170,170,170,170,170,170,170,225,225,1001,225,C=CC(=O)OC1CC(C)CCC1C(C)C.C=CC(=C)C,CC1=CCCC(C(=O)OC2CC(C)CCC2C(C)C)C1,CH2Cl2,dichloromethane,C=CC(=O)OC1CC(C)CCC1C(C)C.C=CC(=C)C>>CC1=CCCC(C(=O)OC2CC(C)CCC2C(C)C)C1,0,0.0,0.023485872065975855,1,0.0,1.0,1.0
171,171,171,171,171,171,171,171,171,171,171,171,171,226,226,1003,226,CC=CC=O.C=CC1=CCCCC1(C)CCCC(=C)C,C=C(C)CCCC1(C)CCCC2C1=CCC(C)C2C=O,CH2Cl2,dichloromethane,CC=CC=O.C=CC1=CCCCC1(C)CCCC(=C)C>>C=C(C)CCCC1(C)CCCC2C1=CCC(C)C2C=O,1,0.0,0.029990030091994413,0,0.0,1.0,1.0
172,172,172,172,172,172,172,172,172,172,172,172,172,227,227,1003,227,CC=CC=O.C=CC1=CCCCC1(C)CCCC(=C)C,C=C(C)CCCC1(C)CCCC2C1=CCC(C=O)C2C,CH2Cl2,dichloromethane,CC=CC=O.C=CC1=CCCCC1(C)CCCC(=C)C>>C=C(C)CCCC1(C)CCCC2C1=CCC(C=O)C2C,0,0.0,0.041869888602036553,1,1.0,0.0,0.0
173,173,173,173,173,173,173,173,173,173,173,173,173,228,228,1041,228,C=CC(=C)C.C=CC(=O)OC1C(=O)N(C)CC1(C)C,CC1=CCCC(C(=O)OC2C(=O)N(C)CC2(C)C)C1,CH2Cl2,dichloromethane,C=CC(=C)C.C=CC(=O)OC1C(=O)N(C)CC1(C)C>>CC1=CCCC(C(=O)OC2C(=O)N(C)CC2(C)C)C1,0,0.0,0.0321812816689544,0,0.0,0.0,0.0
174,174,174,174,174,174,174,174,174,174,174,174,174,229,229,1041,229,C=CC(=C)C.C=CC(=O)OC1C(=O)N(C)CC1(C)C,CC1=CCC(C(=O)OC2C(=O)N(C)CC2(C)C)CC1,CH2Cl2,dichloromethane,C=CC(=C)C.C=CC(=O)OC1C(=O)N(C)CC1(C)C>>CC1=CCC(C(=O)OC2C(=O)N(C)CC2(C)C)CC1,1,0.0,0.02228843177908857,1,1.0,1.0,1.0
175,175,175,175,175,175,175,175,175,175,175,175,175,230,230,1046,230,O=C1C=CCO1.C=CC(=C)C,CC1=CCC2C(=O)OCC2C1,Toluene,toluene,O=C1C=CCO1.C=CC(=C)C>>CC1=CCC2C(=O)OCC2C1,1,0.0,0.03105965280298051,1,1.0,0.0,1.0
176,176,176,176,176,176,176,176,176,176,176,176,176,231,231,1046,231,O=C1C=CCO1.C=CC(=C)C,CC1=CCC2COC(=O)C2C1,Toluene,toluene,O=C1C=CCO1.C=CC(=C)C>>CC1=CCC2COC(=O)C2C1,0,0.0,0.031086033204985597,0,0.0,1.0,0.0
177,177,177,177,177,177,177,177,177,177,177,177,177,232,232,1047,232,C1=CCC=C1.O=C1C(Br)=C(Br)C2C=CC1O2,O=C1C2C=CC(O2)C2(Br)C3C=CC(C3)C12Br,CH2Cl2,dichloromethane,C1=CCC=C1.O=C1C(Br)=C(Br)C2C=CC1O2>>O=C1C2C=CC(O2)C2(Br)C3C=CC(C3)C12Br,0,0.0,,1,,1.0,
178,178,178,178,178,178,178,178,178,178,178,178,178,233,233,1047,233,C1=CCC=C1.O=C1C(Br)=C(Br)C2C=CC1O2,O=C1C(Br)=C(Br)C2OC1C1C3C=CC(C3)C21,CH2Cl2,dichloromethane,C1=CCC=C1.O=C1C(Br)=C(Br)C2C=CC1O2>>O=C1C(Br)=C(Br)C2OC1C1C3C=CC(C3)C21,1,0.0,,0,,0.0,
179,179,179,179,179,179,179,179,179,179,179,179,179,234,234,1050,234,C1=CCCC=C1.O=C1C(Br)=C(Br)C2C=CC1O2,O=C1C2C=CC(O2)C2(Br)C3C=CC(CC3)C12Br,Toluene,toluene,C1=CCCC=C1.O=C1C(Br)=C(Br)C2C=CC1O2>>O=C1C2C=CC(O2)C2(Br)C3C=CC(CC3)C12Br,0,0.0,,1,,0.0,
180,180,180,180,180,180,180,180,180,180,180,180,180,235,235,1050,235,C1=CCCC=C1.O=C1C(Br)=C(Br)C2C=CC1O2,O=C1C(Br)=C(Br)C2OC1C1C3C=CC(CC3)C21,Toluene,toluene,C1=CCCC=C1.O=C1C(Br)=C(Br)C2C=CC1O2>>O=C1C(Br)=C(Br)C2OC1C1C3C=CC(CC3)C21,1,0.0,,0,,1.0,
181,181,181,181,181,181,181,181,181,181,181,181,181,236,236,1057,236,C=CC(C)=CCc1cc(OC)ccc1OC.C=CC=O,COc1ccc(OC)c(CC2CC(C=O)CC=C2C)c1,Toluene,toluene,C=CC(C)=CCc1cc(OC)ccc1OC.C=CC=O>>COc1ccc(OC)c(CC2CC(C=O)CC=C2C)c1,0,0.0,0.021594552311967163,0,0.0,0.0,0.0
182,182,182,182,182,182,182,182,182,182,182,182,182,237,237,1057,237,C=CC(C)=CCc1cc(OC)ccc1OC.C=CC=O,COc1ccc(OC)c(CC2C(C)=CCCC2C=O)c1,Toluene,toluene,C=CC(C)=CCc1cc(OC)ccc1OC.C=CC=O>>COc1ccc(OC)c(CC2C(C)=CCCC2C=O)c1,1,0.0,0.009845106231978207,1,1.0,1.0,1.0
183,183,183,183,183,183,183,183,183,183,183,183,183,238,238,1058,238,C=CC(C)=CCc1cc(OC)ccc1OCOC.C=CC=O,COCOc1ccc(OC)cc1CC1C(C)=CCCC1C=O,Toluene,toluene,C=CC(C)=CCc1cc(OC)ccc1OCOC.C=CC=O>>COCOc1ccc(OC)cc1CC1C(C)=CCCC1C=O,1,0.0,0.022258900775000257,0,0.0,0.0,0.0
184,184,184,184,184,184,184,184,184,184,184,184,184,239,239,1058,239,C=CC(C)=CCc1cc(OC)ccc1OCOC.C=CC=O,COCOc1ccc(OC)cc1CC1CC(C=O)CC=C1C,Toluene,toluene,C=CC(C)=CCc1cc(OC)ccc1OCOC.C=CC=O>>COCOc1ccc(OC)cc1CC1CC(C=O)CC=C1C,0,0.0,0.01986288160003369,1,1.0,1.0,1.0
185,185,185,185,185,185,185,185,185,185,185,185,185,240,240,1059,240,C=C(CCC#N)C(C)=O.C=CC(=C)C,CC(=O)C1(CCC#N)CC=C(C)CC1,CH2Cl2,dichloromethane,C=C(CCC#N)C(C)=O.C=CC(=C)C>>CC(=O)C1(CCC#N)CC=C(C)CC1,1,0.0,0.04033934454696464,1,1.0,0.0,0.0
186,186,186,186,186,186,186,186,186,186,186,186,186,241,241,1059,241,C=C(CCC#N)C(C)=O.C=CC(=C)C,CC(=O)C1(CCC#N)CCC=C(C)C1,CH2Cl2,dichloromethane,C=C(CCC#N)C(C)=O.C=CC(=C)C>>CC(=O)C1(CCC#N)CCC=C(C)C1,0,0.0,0.027868958025010215,0,0.0,1.0,1.0
187,187,187,187,187,187,187,187,187,187,187,187,187,242,242,1064,242,C=CC=CC.COC1(OC)C=CC(=NC(=O)c2ccccc2)C=C1,COC1(OC)C=CC(=NC(=O)c2ccccc2)C2C(C)C=CCC21,CH2Cl2,dichloromethane,C=CC=CC.COC1(OC)C=CC(=NC(=O)c2ccccc2)C=C1>>COC1(OC)C=CC(=NC(=O)c2ccccc2)C2C(C)C=CCC21,1,0.0,0.050047014294932524,1,1.0,1.0,1.0
188,188,188,188,188,188,188,188,188,188,188,188,188,243,243,1064,243,C=CC=CC.COC1(OC)C=CC(=NC(=O)c2ccccc2)C=C1,COC1(OC)C=CC(=NC(=O)c2ccccc2)C2CC=CC(C)C21,CH2Cl2,dichloromethane,C=CC=CC.COC1(OC)C=CC(=NC(=O)c2ccccc2)C=C1>>COC1(OC)C=CC(=NC(=O)c2ccccc2)C2CC=CC(C)C21,0,0.0,0.05556120732489944,0,0.0,0.0,0.0
189,189,189,189,189,189,189,189,189,189,189,189,189,246,246,1104,246,C=CC=O.C=c1oc(=O)n(-c2ccccc2Br)c1=C,O=CC1CCc2c(oc(=O)n2-c2ccccc2Br)C1,CH2Cl2,dichloromethane,C=CC=O.C=c1oc(=O)n(-c2ccccc2Br)c1=C>>O=CC1CCc2c(oc(=O)n2-c2ccccc2Br)C1,1,0.0,,1,,1.0,
190,190,190,190,190,190,190,190,190,190,190,190,190,247,247,1104,247,C=CC=O.C=c1oc(=O)n(-c2ccccc2Br)c1=C,O=CC1CCc2oc(=O)n(-c3ccccc3Br)c2C1,CH2Cl2,dichloromethane,C=CC=O.C=c1oc(=O)n(-c2ccccc2Br)c1=C>>O=CC1CCc2oc(=O)n(-c3ccccc3Br)c2C1,0,0.0,,0,,0.0,
191,191,191,191,191,191,191,191,191,191,191,191,191,248,248,1118,248,C=CC(=O)c1ccccc1.C=CC(=C)C,CC1=CCCC(C(=O)c2ccccc2)C1,CH2Cl2,dichloromethane,C=CC(=O)c1ccccc1.C=CC(=C)C>>CC1=CCCC(C(=O)c2ccccc2)C1,0,0.0,0.018458583465985612,0,0.0,0.0,0.0
192,192,192,192,192,192,192,192,192,192,192,192,192,249,249,1118,249,C=CC(=O)c1ccccc1.C=CC(=C)C,CC1=CCC(C(=O)c2ccccc2)CC1,CH2Cl2,dichloromethane,C=CC(=O)c1ccccc1.C=CC(=C)C>>CC1=CCC(C(=O)c2ccccc2)CC1,1,0.0,0.01813780200700421,1,1.0,1.0,1.0
193,193,193,193,193,193,193,193,193,193,193,193,193,250,250,1144,250,C=C(Br)C(=O)OCC.C=CC(=C)CCC=C(C)C,CCOC(=O)C1(Br)CC=C(CCC=C(C)C)CC1,CH2Cl2,dichloromethane,C=C(Br)C(=O)OCC.C=CC(=C)CCC=C(C)C>>CCOC(=O)C1(Br)CC=C(CCC=C(C)C)CC1,1,0.0,,0,,0.0,
194,194,194,194,194,194,194,194,194,194,194,194,194,251,251,1144,251,C=C(Br)C(=O)OCC.C=CC(=C)CCC=C(C)C,CCOC(=O)C1(Br)CCC=C(CCC=C(C)C)C1,CH2Cl2,dichloromethane,C=C(Br)C(=O)OCC.C=CC(=C)CCC=C(C)C>>CCOC(=O)C1(Br)CCC=C(CCC=C(C)C)C1,0,0.0,,1,,1.0,
195,195,195,195,195,195,195,195,195,195,195,195,195,254,254,1169,254,C1=CCC=C1.COC1=CC(=O)C(C)=CC1=O,COC12C(=O)C=C(C)C(=O)C1C1C=CC2C1,CHCl3,chloroform,C1=CCC=C1.COC1=CC(=O)C(C)=CC1=O>>COC12C(=O)C=C(C)C(=O)C1C1C=CC2C1,0,0.0,0.037215509236943944,0,0.0,0.0,0.0
196,196,196,196,196,196,196,196,196,196,196,196,196,255,255,1169,255,C1=CCC=C1.COC1=CC(=O)C(C)=CC1=O,COC1=CC(=O)C2(C)C3C=CC(C3)C2C1=O,CHCl3,chloroform,C1=CCC=C1.COC1=CC(=O)C(C)=CC1=O>>COC1=CC(=O)C2(C)C3C=CC(C3)C2C1=O,1,0.0,0.02774702483202418,1,1.0,1.0,1.0
197,197,197,197,197,197,197,197,197,197,197,197,197,256,256,1184,256,O=C1OC(c2ccccc2)=NC1=CCl.C=CC(=C)C,CC1=CCC2(N=C(c3ccccc3)OC2=O)C(Cl)C1,CH2Cl2,dichloromethane,O=C1OC(c2ccccc2)=NC1=CCl.C=CC(=C)C>>CC1=CCC2(N=C(c3ccccc3)OC2=O)C(Cl)C1,1,0.0,0.013090908996900907,1,1.0,1.0,1.0
198,198,198,198,198,198,198,198,198,198,198,198,198,257,257,1184,257,O=C1OC(c2ccccc2)=NC1=CCl.C=CC(=C)C,CC1=CCC(Cl)C2(C1)N=C(c1ccccc1)OC2=O,CH2Cl2,dichloromethane,O=C1OC(c2ccccc2)=NC1=CCl.C=CC(=C)C>>CC1=CCC(Cl)C2(C1)N=C(c1ccccc1)OC2=O,0,0.0,0.015129021739994641,0,0.0,0.0,0.0
199,199,199,199,199,199,199,199,199,199,199,199,199,258,258,1185,258,C=CC(=O)OC1C(=O)N(c2ccccc2)CC1(C)C.C=CC(=C)C,CC1=CCC(C(=O)OC2C(=O)N(c3ccccc3)CC2(C)C)CC1,CH2Cl2,dichloromethane,C=CC(=O)OC1C(=O)N(c2ccccc2)CC1(C)C.C=CC(=C)C>>CC1=CCC(C(=O)OC2C(=O)N(c3ccccc3)CC2(C)C)CC1,1,0.0,0.023242298251943794,1,1.0,0.0,1.0
200,200,200,200,200,200,200,200,200,200,200,200,200,259,259,1185,259,C=CC(=O)OC1C(=O)N(c2ccccc2)CC1(C)C.C=CC(=C)C,CC1=CCCC(C(=O)OC2C(=O)N(c3ccccc3)CC2(C)C)C1,CH2Cl2,dichloromethane,C=CC(=O)OC1C(=O)N(c2ccccc2)CC1(C)C.C=CC(=C)C>>CC1=CCCC(C(=O)OC2C(=O)N(c3ccccc3)CC2(C)C)C1,0,0.0,0.027053144558067288,0,0.0,1.0,0.0
201,201,201,201,201,201,201,201,201,201,201,201,201,260,260,1196,260,CC=CC1OCCO1.C=CC(=C)C,CC1=CCC(C)C(C2OCCO2)C1,CH2Cl2,dichloromethane,CC=CC1OCCO1.C=CC(=C)C>>CC1=CCC(C)C(C2OCCO2)C1,0,0.0,0.046345860920951054,1,1.0,0.0,1.0
202,202,202,202,202,202,202,202,202,202,202,202,202,261,261,1196,261,CC=CC1OCCO1.C=CC(=C)C,CC1=CCC(C2OCCO2)C(C)C1,CH2Cl2,dichloromethane,CC=CC1OCCO1.C=CC(=C)C>>CC1=CCC(C2OCCO2)C(C)C1,1,0.0,0.04678936617301588,0,0.0,1.0,0.0
203,203,203,203,203,203,203,203,203,203,203,203,203,266,266,1209,266,C=CC(=O)C1(O)CC2CCC1(C)C2(C)C.C=CC(=C)C,CC1=CCC(C(=O)C2(O)CC3CCC2(C)C3(C)C)CC1,CH2Cl2,dichloromethane,C=CC(=O)C1(O)CC2CCC1(C)C2(C)C.C=CC(=C)C>>CC1=CCC(C(=O)C2(O)CC3CCC2(C)C3(C)C)CC1,1,0.0,0.024581988781960717,0,0.0,1.0,1.0
204,204,204,204,204,204,204,204,204,204,204,204,204,267,267,1209,267,C=CC(=O)C1(O)CC2CCC1(C)C2(C)C.C=CC(=C)C,CC1=CCCC(C(=O)C2(O)CC3CCC2(C)C3(C)C)C1,CH2Cl2,dichloromethane,C=CC(=O)C1(O)CC2CCC1(C)C2(C)C.C=CC(=C)C>>CC1=CCCC(C(=O)C2(O)CC3CCC2(C)C3(C)C)C1,0,0.0,0.02685464504997981,1,1.0,0.0,0.0
205,205,205,205,205,205,205,205,205,205,205,205,205,272,272,1253,272,O=C1C=CCC1.CC1=CC=CC2OC(C)(C)OC12,CC1(C)OC2C3C=CC(C)(C2O1)C1C(=O)CCC31,CH2Cl2,dichloromethane,O=C1C=CCC1.CC1=CC=CC2OC(C)(C)OC12>>CC1(C)OC2C3C=CC(C)(C2O1)C1C(=O)CCC31,1,0.0,0.03732713499005058,1,1.0,1.0,1.0
206,206,206,206,206,206,206,206,206,206,206,206,206,273,273,1253,273,O=C1C=CCC1.CC1=CC=CC2OC(C)(C)OC12,CC1(C)OC2C3C=CC(C)(C4CCC(=O)C34)C2O1,CH2Cl2,dichloromethane,O=C1C=CCC1.CC1=CC=CC2OC(C)(C)OC12>>CC1(C)OC2C3C=CC(C)(C4CCC(=O)C34)C2O1,0,0.0,0.04300995418805087,0,0.0,0.0,0.0
207,207,207,207,207,207,207,207,207,207,207,207,207,274,274,1267,274,CCOP(=O)(OCC)OC(=CSCC)C1=CCCC1.C=CC=O,CCOP(=O)(OCC)OC1=C2CCCC2C(C=O)CC1SCC,Ether,diethyl ether,CCOP(=O)(OCC)OC(=CSCC)C1=CCCC1.C=CC=O>>CCOP(=O)(OCC)OC1=C2CCCC2C(C=O)CC1SCC,0,0.0,0.03265177756293269,0,0.0,0.0,0.0
208,208,208,208,208,208,208,208,208,208,208,208,208,275,275,1267,275,CCOP(=O)(OCC)OC(=CSCC)C1=CCCC1.C=CC=O,CCOP(=O)(OCC)OC1=C2CCCC2CC(C=O)C1SCC,Ether,diethyl ether,CCOP(=O)(OCC)OC(=CSCC)C1=CCCC1.C=CC=O>>CCOP(=O)(OCC)OC1=C2CCCC2CC(C=O)C1SCC,1,0.0,0.02837946551312598,1,1.0,1.0,1.0
209,209,209,209,209,209,209,209,209,209,209,209,209,276,276,1301,276,C=CC(=O)C1CC2C=CC1C2.C1=CCC=C1,O=C(C1CC2C=CC1C2)C1CC2C=CC1C2,CH2Cl2,dichloromethane,C=CC(=O)C1CC2C=CC1C2.C1=CCC=C1>>O=C(C1CC2C=CC1C2)C1CC2C=CC1C2,1,0.0,0.032666524389924234,1,1.0,1.0,1.0
210,210,210,210,210,210,210,210,210,210,210,210,210,277,277,1301,277,C=CC(=O)C1CC2C=CC1C2.C1=CCC=C1,C=CC(=O)C1CC2CC1C1C3C=CC(C3)C21,CH2Cl2,dichloromethane,C=CC(=O)C1CC2C=CC1C2.C1=CCC=C1>>C=CC(=O)C1CC2CC1C1C3C=CC(C3)C21,0,0.0,0.04528055599689651,0,0.0,0.0,0.0
211,211,211,211,211,211,211,211,211,211,211,211,211,278,278,1303,278,C=CCC1=C(CC=C)C(=O)C=CC1=O.C1=CCC=C1,C=CCC1=C(CC=C)C(=O)C2C3C=CC(C3)C2C1=O,Methanol,methanol,C=CCC1=C(CC=C)C(=O)C=CC1=O.C1=CCC=C1>>C=CCC1=C(CC=C)C(=O)C2C3C=CC(C3)C2C1=O,1,0.0,0.01999676771299619,1,1.0,1.0,1.0
212,212,212,212,212,212,212,212,212,212,212,212,212,279,279,1303,279,C=CCC1=C(CC=C)C(=O)C=CC1=O.C1=CCC=C1,C=CCC12C(=O)C=CC(=O)C1(CC=C)C1C=CC2C1,Methanol,methanol,C=CCC1=C(CC=C)C(=O)C=CC1=O.C1=CCC=C1>>C=CCC12C(=O)C=CC(=O)C1(CC=C)C1C=CC2C1,0,0.0,0.039695718378084166,0,0.0,0.0,0.0
213,213,213,213,213,213,213,213,213,213,213,213,213,280,280,1303,280,C=CCC1=C(CC=C)C(=O)C=CC1=O.C1=CCC=C1,C=CCC1=C(CC2CC3C=CC2C3)C(=O)C=CC1=O,Methanol,methanol,C=CCC1=C(CC=C)C(=O)C=CC1=O.C1=CCC=C1>>C=CCC1=C(CC2CC3C=CC2C3)C(=O)C=CC1=O,0,0.0,0.03616816143903634,0,0.0,0.0,0.0
214,214,214,214,214,214,214,214,214,214,214,214,214,283,283,1362,283,C=CC(=O)C(C)(C)O.C=CC(=C)C,CC1=CCCC(C(=O)C(C)(C)O)C1,CH2Cl2,dichloromethane,C=CC(=O)C(C)(C)O.C=CC(=C)C>>CC1=CCCC(C(=O)C(C)(C)O)C1,0,0.0,0.032090749986991796,1,1.0,0.0,0.0
215,215,215,215,215,215,215,215,215,215,215,215,215,284,284,1362,284,C=CC(=O)C(C)(C)O.C=CC(=C)C,CC1=CCC(C(=O)C(C)(C)O)CC1,CH2Cl2,dichloromethane,C=CC(=O)C(C)(C)O.C=CC(=C)C>>CC1=CCC(C(=O)C(C)(C)O)CC1,1,0.0,0.0213346233779248,0,0.0,1.0,1.0
216,216,216,216,216,216,216,216,216,216,216,216,216,291,291,1455,291,C=C(C)C(COC(C)=O)=C(C)C.C=CC=O,CC(=O)OCC1=C(C)CCC(C=O)C1(C)C,CH2Cl2,dichloromethane,C=C(C)C(COC(C)=O)=C(C)C.C=CC=O>>CC(=O)OCC1=C(C)CCC(C=O)C1(C)C,1,0.0,0.026376182241961033,1,1.0,1.0,1.0
217,217,217,217,217,217,217,217,217,217,217,217,217,292,292,1455,292,C=C(C)C(COC(C)=O)=C(C)C.C=CC=O,CC(=O)OCC1=C(C)CC(C=O)CC1(C)C,CH2Cl2,dichloromethane,C=C(C)C(COC(C)=O)=C(C)C.C=CC=O>>CC(=O)OCC1=C(C)CC(C=O)CC1(C)C,0,0.0,0.046129806116027794,0,0.0,0.0,0.0
218,218,218,218,218,218,218,218,218,218,218,218,218,295,295,1512,295,C1=CCC=C1.CC1=CC(=O)C=CC1=O,CC1=CC(=O)C2C3C=CC(C3)C2C1=O,Methanol,methanol,C1=CCC=C1.CC1=CC(=O)C=CC1=O>>CC1=CC(=O)C2C3C=CC(C3)C2C1=O,1,0.0,0.015195835104009348,1,1.0,1.0,1.0
219,219,219,219,219,219,219,219,219,219,219,219,219,296,296,1512,296,C1=CCC=C1.CC1=CC(=O)C=CC1=O,CC12C(=O)C=CC(=O)C1C1C=CC2C1,Methanol,methanol,C1=CCC=C1.CC1=CC(=O)C=CC1=O>>CC12C(=O)C=CC(=O)C1C1C=CC2C1,0,0.0,0.02569676160999279,0,0.0,0.0,0.0
220,220,220,220,220,220,220,220,220,220,220,220,220,297,297,1524,297,C=C(C)C=O.CCOP(=O)(OCC)OC(=CSCC)C1=CCCC1,CCOP(=O)(OCC)OC1=C2CCCC2C(C)(C=O)CC1SCC,Ether,diethyl ether,C=C(C)C=O.CCOP(=O)(OCC)OC(=CSCC)C1=CCCC1>>CCOP(=O)(OCC)OC1=C2CCCC2C(C)(C=O)CC1SCC,0,0.0,0.03382840780886909,1,1.0,0.0,1.0
221,221,221,221,221,221,221,221,221,221,221,221,221,298,298,1524,298,C=C(C)C=O.CCOP(=O)(OCC)OC(=CSCC)C1=CCCC1,CCOP(=O)(OCC)OC1=C2CCCC2CC(C)(C=O)C1SCC,Ether,diethyl ether,C=C(C)C=O.CCOP(=O)(OCC)OC(=CSCC)C1=CCCC1>>CCOP(=O)(OCC)OC1=C2CCCC2CC(C)(C=O)C1SCC,1,0.0,0.036274259241054096,0,0.0,1.0,0.0
222,222,222,222,222,222,222,222,222,222,222,222,222,299,299,1528,299,C=CC(C)=O.CCOP(=O)(OCC)OC(=CSCC)C1=CCCC1,CCOP(=O)(OCC)OC1=C2CCCC2C(C(C)=O)CC1SCC,Ether,diethyl ether,C=CC(C)=O.CCOP(=O)(OCC)OC(=CSCC)C1=CCCC1>>CCOP(=O)(OCC)OC1=C2CCCC2C(C(C)=O)CC1SCC,0,0.0,0.029567152065965274,0,0.0,0.0,0.0
223,223,223,223,223,223,223,223,223,223,223,223,223,300,300,1528,300,C=CC(C)=O.CCOP(=O)(OCC)OC(=CSCC)C1=CCCC1,CCOP(=O)(OCC)OC1=C2CCCC2CC(C(C)=O)C1SCC,Ether,diethyl ether,C=CC(C)=O.CCOP(=O)(OCC)OC(=CSCC)C1=CCCC1>>CCOP(=O)(OCC)OC1=C2CCCC2CC(C(C)=O)C1SCC,1,0.0,0.02930543331399349,1,1.0,1.0,1.0
224,224,224,224,224,224,224,224,224,224,224,224,224,303,303,1676,303,C=C(C)C=O.C=CC1=CCCCC1O,CC1(C=O)CC=C2C(O)CCCC2C1,CH2Cl2,dichloromethane,C=C(C)C=O.C=CC1=CCCCC1O>>CC1(C=O)CC=C2C(O)CCCC2C1,0,0.0,0.03944516898900474,1,1.0,0.0,0.0
225,225,225,225,225,225,225,225,225,225,225,225,225,304,304,1676,304,C=C(C)C=O.C=CC1=CCCCC1O,CC1(C=O)CCC=C2C(O)CCCC21,CH2Cl2,dichloromethane,C=C(C)C=O.C=CC1=CCCCC1O>>CC1(C=O)CCC=C2C(O)CCCC21,1,0.0,0.01760284905901699,0,0.0,1.0,1.0
226,226,226,226,226,226,226,226,226,226,226,226,226,305,305,1678,305,C=CC1=CCCCC1O.C=CC(=O)OC,COC(=O)C1CC=C2C(O)CCCC2C1,CH2Cl2,dichloromethane,C=CC1=CCCCC1O.C=CC(=O)OC>>COC(=O)C1CC=C2C(O)CCCC2C1,0,0.0,0.03419006204808284,0,0.0,0.0,0.0
227,227,227,227,227,227,227,227,227,227,227,227,227,306,306,1678,306,C=CC1=CCCCC1O.C=CC(=O)OC,COC(=O)C1CCC=C2C(O)CCCC21,CH2Cl2,dichloromethane,C=CC1=CCCCC1O.C=CC(=O)OC>>COC(=O)C1CCC=C2C(O)CCCC21,1,0.0,0.019026841044933462,1,1.0,1.0,1.0
228,228,228,228,228,228,228,228,228,228,228,228,228,307,307,1680,307,C=CC1=CCCCC1O.C=CC=O,O=CC1CCC=C2C(O)CCCC21,CH2Cl2,dichloromethane,C=CC1=CCCCC1O.C=CC=O>>O=CC1CCC=C2C(O)CCCC21,1,0.0,0.028649916844983636,1,0.0,1.0,0.0
229,229,229,229,229,229,229,229,229,229,229,229,229,308,308,1680,308,C=CC1=CCCCC1O.C=CC=O,O=CC1CC=C2C(O)CCCC2C1,CH2Cl2,dichloromethane,C=CC1=CCCCC1O.C=CC=O>>O=CC1CC=C2C(O)CCCC2C1,0,0.0,0.0239070247860127,0,1.0,0.0,1.0
230,230,230,230,230,230,230,230,230,230,230,230,230,311,311,1739,311,C=CC1=CC(O[Si](C)(C)C(C)(C)C)CC1(C)O.C=CC=O,CC1(O)CC(O[Si](C)(C)C(C)(C)C)C2CC(C=O)CC=C21,CH2Cl2,dichloromethane,C=CC1=CC(O[Si](C)(C)C(C)(C)C)CC1(C)O.C=CC=O>>CC1(O)CC(O[Si](C)(C)C(C)(C)C)C2CC(C=O)CC=C21,0,0.0,0.01937072378314042,1,1.0,,1.0
231,231,231,231,231,231,231,231,231,231,231,231,231,312,312,1739,312,C=CC1=CC(O[Si](C)(C)C(C)(C)C)CC1(C)O.C=CC=O,CC1(O)CC(O[Si](C)(C)C(C)(C)C)C2C1=CCCC2C=O,CH2Cl2,dichloromethane,C=CC1=CC(O[Si](C)(C)C(C)(C)C)CC1(C)O.C=CC=O>>CC1(O)CC(O[Si](C)(C)C(C)(C)C)C2C1=CCCC2C=O,1,0.0,0.02546284746904348,0,0.0,,0.0
232,232,232,232,232,232,232,232,232,232,232,232,232,313,313,1748,313,C=C=COC1CC(C)CCC1C(C)C.C1=CCC=C1,C=C1C2C=CC(C2)C1OC1CC(C)CCC1C(C)C,CH2Cl2,dichloromethane,C=C=COC1CC(C)CCC1C(C)C.C1=CCC=C1>>C=C1C2C=CC(C2)C1OC1CC(C)CCC1C(C)C,0,0.0,0.0435721503069999,0,0.0,0.0,0.0
233,233,233,233,233,233,233,233,233,233,233,233,233,314,314,1748,314,C=C=COC1CC(C)CCC1C(C)C.C1=CCC=C1,CC1CCC(C(C)C)C(OC=C2CC3C=CC2C3)C1,CH2Cl2,dichloromethane,C=C=COC1CC(C)CCC1C(C)C.C1=CCC=C1>>CC1CCC(C(C)C)C(OC=C2CC3C=CC2C3)C1,1,0.0,0.04086726554908182,1,1.0,1.0,1.0
234,234,234,234,234,234,234,234,234,234,234,234,234,317,317,1768,317,C=CC(=O)OC(C)(C)C.CC12C=CC=CN1C=CC2=O,CC(C)(C)OC(=O)C1CC2C=CC1N1C=CC(=O)C21C,Benzene,benzene,C=CC(=O)OC(C)(C)C.CC12C=CC=CN1C=CC2=O>>CC(C)(C)OC(=O)C1CC2C=CC1N1C=CC(=O)C21C,1,0.0,0.0351106703340065,1,1.0,1.0,1.0
235,235,235,235,235,235,235,235,235,235,235,235,235,318,318,1768,318,C=CC(=O)OC(C)(C)C.CC12C=CC=CN1C=CC2=O,CC(C)(C)OC(=O)C1CC2C=CC1C1(C)C(=O)C=CN21,Benzene,benzene,C=CC(=O)OC(C)(C)C.CC12C=CC=CN1C=CC2=O>>CC(C)(C)OC(=O)C1CC2C=CC1C1(C)C(=O)C=CN21,0,0.0,0.05213771281000845,0,0.0,0.0,0.0
236,236,236,236,236,236,236,236,236,236,236,236,236,319,319,1769,319,CC12C=CC=CN1C=CC2=O.C=CC(=O)OC,COC(=O)C1CC2C=CC1N1C=CC(=O)C21C,Benzene,benzene,CC12C=CC=CN1C=CC2=O.C=CC(=O)OC>>COC(=O)C1CC2C=CC1N1C=CC(=O)C21C,1,0.0,0.039697045627008265,1,1.0,0.0,1.0
237,237,237,237,237,237,237,237,237,237,237,237,237,320,320,1769,320,CC12C=CC=CN1C=CC2=O.C=CC(=O)OC,COC(=O)C1CC2C=CC1C1(C)C(=O)C=CN21,Benzene,benzene,CC12C=CC=CN1C=CC2=O.C=CC(=O)OC>>COC(=O)C1CC2C=CC1C1(C)C(=O)C=CN21,0,0.0,0.04856098728203051,0,0.0,1.0,0.0
238,238,238,238,238,238,238,238,238,238,238,238,238,321,321,1770,321,CC12C=CC=CN1C=CC2=O.C=C(Cl)C#N,CC12C(=O)C=CN1C1C=CC2CC1(Cl)C#N,Benzene,benzene,CC12C=CC=CN1C=CC2=O.C=C(Cl)C#N>>CC12C(=O)C=CN1C1C=CC2CC1(Cl)C#N,1,0.0,0.026075809469148226,1,1.0,1.0,1.0
239,239,239,239,239,239,239,239,239,239,239,239,239,322,322,1770,322,CC12C=CC=CN1C=CC2=O.C=C(Cl)C#N,CC12C(=O)C=CN1C1C=CC2C(Cl)(C#N)C1,Benzene,benzene,CC12C=CC=CN1C=CC2=O.C=C(Cl)C#N>>CC12C(=O)C=CN1C1C=CC2C(Cl)(C#N)C1,0,0.0,0.04658312318406388,0,0.0,0.0,0.0
240,240,240,240,240,240,240,240,240,240,240,240,240,327,327,1857,327,C=C(C)C=O.C=C(C)C1=CCCCC1O,CC1=C2C(O)CCCC2C(C)(C=O)CC1,CH2Cl2,dichloromethane,C=C(C)C=O.C=C(C)C1=CCCCC1O>>CC1=C2C(O)CCCC2C(C)(C=O)CC1,1,0.0,0.03032473559801474,0,0.0,1.0,1.0
241,241,241,241,241,241,241,241,241,241,241,241,241,328,328,1857,328,C=C(C)C=O.C=C(C)C1=CCCCC1O,CC1=C2C(O)CCCC2CC(C)(C=O)C1,CH2Cl2,dichloromethane,C=C(C)C=O.C=C(C)C1=CCCCC1O>>CC1=C2C(O)CCCC2CC(C)(C=O)C1,0,0.0,0.03810649048796222,1,1.0,0.0,0.0
242,242,242,242,242,242,242,242,242,242,242,242,242,329,329,1858,329,C=C(C)C=O.C=CC1=CCCCC1(O)C=C,C=CC1(O)CCCC2CC(C)(C=O)CC=C21,CH2Cl2,dichloromethane,C=C(C)C=O.C=CC1=CCCCC1(O)C=C>>C=CC1(O)CCCC2CC(C)(C=O)CC=C21,0,0.0,0.03162628923791999,1,1.0,0.0,0.0
243,243,243,243,243,243,243,243,243,243,243,243,243,330,330,1858,330,C=C(C)C=O.C=CC1=CCCCC1(O)C=C,C=CC1(O)CCCC2C1=CCCC2(C)C=O,CH2Cl2,dichloromethane,C=C(C)C=O.C=CC1=CCCCC1(O)C=C>>C=CC1(O)CCCC2C1=CCCC2(C)C=O,1,0.0,0.024745611954017477,0,0.0,1.0,1.0
244,244,244,244,244,244,244,244,244,244,244,244,244,331,331,1859,331,C=C(C)C=O.C=CC1=CCCCC1(O)C(=C)C,C=C(C)C1(O)CCCC2CC(C)(C=O)CC=C21,CH2Cl2,dichloromethane,C=C(C)C=O.C=CC1=CCCCC1(O)C(=C)C>>C=C(C)C1(O)CCCC2CC(C)(C=O)CC=C21,0,0.0,0.037509859495003184,1,1.0,0.0,0.0
245,245,245,245,245,245,245,245,245,245,245,245,245,332,332,1859,332,C=C(C)C=O.C=CC1=CCCCC1(O)C(=C)C,C=C(C)C1(O)CCCC2C1=CCCC2(C)C=O,CH2Cl2,dichloromethane,C=C(C)C=O.C=CC1=CCCCC1(O)C(=C)C>>C=C(C)C1(O)CCCC2C1=CCCC2(C)C=O,1,0.0,0.03579815772297934,0,0.0,1.0,1.0
246,246,246,246,246,246,246,246,246,246,246,246,246,333,333,1862,333,C=C(C)C1=CCCCC1O.C=CC(=O)OC,COC(=O)C1CC(C)=C2C(O)CCCC2C1,CH2Cl2,dichloromethane,C=C(C)C1=CCCCC1O.C=CC(=O)OC>>COC(=O)C1CC(C)=C2C(O)CCCC2C1,0,0.0,0.039687848409016624,0,0.0,0.0,0.0
247,247,247,247,247,247,247,247,247,247,247,247,247,334,334,1862,334,C=C(C)C1=CCCCC1O.C=CC(=O)OC,COC(=O)C1CCC(C)=C2C(O)CCCC21,CH2Cl2,dichloromethane,C=C(C)C1=CCCCC1O.C=CC(=O)OC>>COC(=O)C1CCC(C)=C2C(O)CCCC21,1,0.0,0.03720780568505688,1,1.0,1.0,1.0
248,248,248,248,248,248,248,248,248,248,248,248,248,337,337,1864,337,C=CC=O.C=CC1=CCCCC1(O)c1ccccc1,O=CC1CCC=C2C1CCCC2(O)c1ccccc1,CH2Cl2,dichloromethane,C=CC=O.C=CC1=CCCCC1(O)c1ccccc1>>O=CC1CCC=C2C1CCCC2(O)c1ccccc1,1,0.0,0.028358969722035,1,1.0,1.0,1.0
249,249,249,249,249,249,249,249,249,249,249,249,249,338,338,1864,338,C=CC=O.C=CC1=CCCCC1(O)c1ccccc1,O=CC1CC=C2C(CCCC2(O)c2ccccc2)C1,CH2Cl2,dichloromethane,C=CC=O.C=CC1=CCCCC1(O)c1ccccc1>>O=CC1CC=C2C(CCCC2(O)c2ccccc2)C1,0,0.0,0.029814442194037838,0,0.0,0.0,0.0
250,250,250,250,250,250,250,250,250,250,250,250,250,339,339,1893,339,O=C1C=CC(=O)C(CCC(=O)O)=C1.C1=CCC=C1,O=C(O)CCC12C(=O)C=CC(=O)C1C1C=CC2C1,Methanol,methanol,O=C1C=CC(=O)C(CCC(=O)O)=C1.C1=CCC=C1>>O=C(O)CCC12C(=O)C=CC(=O)C1C1C=CC2C1,0,0.0,0.019474460071023714,1,1.0,0.0,0.0
251,251,251,251,251,251,251,251,251,251,251,251,251,340,340,1893,340,O=C1C=CC(=O)C(CCC(=O)O)=C1.C1=CCC=C1,O=C(O)CCC1=CC(=O)C2C3C=CC(C3)C2C1=O,Methanol,methanol,O=C1C=CC(=O)C(CCC(=O)O)=C1.C1=CCC=C1>>O=C(O)CCC1=CC(=O)C2C3C=CC(C3)C2C1=O,1,0.0,0.013321333156909532,0,0.0,1.0,1.0
252,252,252,252,252,252,252,252,252,252,252,252,252,345,345,1898,345,CS(=O)(=O)C1=CC=C(S(C)(=O)=O)S1(=O)=O.C=C(C)C(=C)C,C=C(C)C1(C)CC2(S(C)(=O)=O)C=CC1(S(C)(=O)=O)S2(=O)=O,CH2Cl2,dichloromethane,CS(=O)(=O)C1=CC=C(S(C)(=O)=O)S1(=O)=O.C=C(C)C(=C)C>>C=C(C)C1(C)CC2(S(C)(=O)=O)C=CC1(S(C)(=O)=O)S2(=O)=O,0,0.0,0.01401794189314387,0,0.0,,0.0
253,253,253,253,253,253,253,253,253,253,253,253,253,346,346,1898,346,CS(=O)(=O)C1=CC=C(S(C)(=O)=O)S1(=O)=O.C=C(C)C(=C)C,CC1=C(C)CC2(S(C)(=O)=O)C(C=C(S(C)(=O)=O)S2(=O)=O)C1,CH2Cl2,dichloromethane,CS(=O)(=O)C1=CC=C(S(C)(=O)=O)S1(=O)=O.C=C(C)C(=C)C>>CC1=C(C)CC2(S(C)(=O)=O)C(C=C(S(C)(=O)=O)S2(=O)=O)C1,1,0.0,-0.08399776421674687,1,1.0,,1.0
254,254,254,254,254,254,254,254,254,254,254,254,254,347,347,1899,347,C=C(C)C(=C)C.CS(=O)(=O)C1=CC=C(Cl)S1(=O)=O,C=C(C)C1(C)CC2(S(C)(=O)=O)C=CC1(Cl)S2(=O)=O,CH2Cl2,dichloromethane,C=C(C)C(=C)C.CS(=O)(=O)C1=CC=C(Cl)S1(=O)=O>>C=C(C)C1(C)CC2(S(C)(=O)=O)C=CC1(Cl)S2(=O)=O,0,0.0,0.026168595933995675,0,0.0,0.0,0.0
255,255,255,255,255,255,255,255,255,255,255,255,255,348,348,1899,348,C=C(C)C(=C)C.CS(=O)(=O)C1=CC=C(Cl)S1(=O)=O,CC1=C(C)CC2(S(C)(=O)=O)C(C=C(Cl)S2(=O)=O)C1,CH2Cl2,dichloromethane,C=C(C)C(=C)C.CS(=O)(=O)C1=CC=C(Cl)S1(=O)=O>>CC1=C(C)CC2(S(C)(=O)=O)C(C=C(Cl)S2(=O)=O)C1,1,0.0,0.01679120519997923,0,0.0,0.0,0.0
256,256,256,256,256,256,256,256,256,256,256,256,256,349,349,1899,349,C=C(C)C(=C)C.CS(=O)(=O)C1=CC=C(Cl)S1(=O)=O,C=C(C)C1(C)CC2(Cl)C=CC1(S(C)(=O)=O)S2(=O)=O,CH2Cl2,dichloromethane,C=C(C)C(=C)C.CS(=O)(=O)C1=CC=C(Cl)S1(=O)=O>>C=C(C)C1(C)CC2(Cl)C=CC1(S(C)(=O)=O)S2(=O)=O,0,0.0,0.024566435241013096,0,0.0,0.0,0.0
257,257,257,257,257,257,257,257,257,257,257,257,257,350,350,1899,350,C=C(C)C(=C)C.CS(=O)(=O)C1=CC=C(Cl)S1(=O)=O,CC1=C(C)CC2(Cl)C(C=C(S(C)(=O)=O)S2(=O)=O)C1,CH2Cl2,dichloromethane,C=C(C)C(=C)C.CS(=O)(=O)C1=CC=C(Cl)S1(=O)=O>>CC1=C(C)CC2(Cl)C(C=C(S(C)(=O)=O)S2(=O)=O)C1,0,0.0,0.009564920389948384,1,1.0,1.0,1.0
258,258,258,258,258,258,258,258,258,258,258,258,258,355,355,1908,355,COC(=O)C1=CC(=O)C=CC1=O.C=C(C=COC)OC,COC(=O)C1=CC(=O)C2C(OC)C=C(OC)CC2C1=O,Benzene,benzene,COC(=O)C1=CC(=O)C=CC1=O.C=C(C=COC)OC>>COC(=O)C1=CC(=O)C2C(OC)C=C(OC)CC2C1=O,0,0.0,,0,0.0,,
259,259,259,259,259,259,259,259,259,259,259,259,259,356,356,1908,356,COC(=O)C1=CC(=O)C=CC1=O.C=C(C=COC)OC,COC(=O)C1=CC(=O)C2CC(OC)=CC(OC)C2C1=O,Benzene,benzene,COC(=O)C1=CC(=O)C=CC1=O.C=C(C=COC)OC>>COC(=O)C1=CC(=O)C2CC(OC)=CC(OC)C2C1=O,0,0.0,0.005837951825924392,1,1.0,,
260,260,260,260,260,260,260,260,260,260,260,260,260,357,357,1908,357,COC(=O)C1=CC(=O)C=CC1=O.C=C(C=COC)OC,COC(=O)C12CC(OC)=CC(OC)C1C(=O)C=CC2=O,Benzene,benzene,COC(=O)C1=CC(=O)C=CC1=O.C=C(C=COC)OC>>COC(=O)C12CC(OC)=CC(OC)C1C(=O)C=CC2=O,0,0.0,0.008236663923980814,0,0.0,,
261,261,261,261,261,261,261,261,261,261,261,261,261,363,363,1924,363,C1=CCC=C1.O=C1C=CCCC2C3C=CC(C3)C12,O=C1C=CCCC2C3CC(C12)C1C2C=CC(C2)C31,Toluene,toluene,C1=CCC=C1.O=C1C=CCCC2C3C=CC(C3)C12>>O=C1C=CCCC2C3CC(C12)C1C2C=CC(C2)C31,0,0.0,0.05225847835606601,1,0.0,0.0,0.0
262,262,262,262,262,262,262,262,262,262,262,262,262,364,364,1924,364,C1=CCC=C1.O=C1C=CCCC2C3C=CC(C3)C12,O=C1C2C3C=CC(C3)C2CCC2C3C=CC(C3)C12,Toluene,toluene,C1=CCC=C1.O=C1C=CCCC2C3C=CC(C3)C12>>O=C1C2C3C=CC(C3)C2CCC2C3C=CC(C3)C12,1,0.0,0.03735047032296279,0,1.0,1.0,1.0
263,263,263,263,263,263,263,263,263,263,263,263,263,367,367,2065,367,CC12C=CC=CN1C=CC2=O.C=CC=O,CC12C(=O)C=CN1C1C=CC2CC1C=O,Benzene,benzene,CC12C=CC=CN1C=CC2=O.C=CC=O>>CC12C(=O)C=CN1C1C=CC2CC1C=O,1,0.0,0.022568038494000575,1,1.0,1.0,1.0
264,264,264,264,264,264,264,264,264,264,264,264,264,368,368,2065,368,CC12C=CC=CN1C=CC2=O.C=CC=O,CC12C(=O)C=CN1C1C=CC2C(C=O)C1,Benzene,benzene,CC12C=CC=CN1C=CC2=O.C=CC=O>>CC12C(=O)C=CN1C1C=CC2C(C=O)C1,0,0.0,0.030636761185064643,0,0.0,0.0,0.0
265,265,265,265,265,265,265,265,265,265,265,265,265,369,369,2073,369,CC1=C(C)C(=O)C=CC1=O.C=CC(=C)C,CC1=CCC2C(=O)C(C)=C(C)C(=O)C2C1,Benzene,benzene,CC1=C(C)C(=O)C=CC1=O.C=CC(=C)C>>CC1=CCC2C(=O)C(C)=C(C)C(=O)C2C1,1,0.0,0.01323683917598828,0,0.0,1.0,1.0
266,266,266,266,266,266,266,266,266,266,266,266,266,370,370,2073,370,CC1=C(C)C(=O)C=CC1=O.C=CC(=C)C,CC1=CCC2(C)C(=O)C=CC(=O)C2(C)C1,Benzene,benzene,CC1=C(C)C(=O)C=CC1=O.C=CC(=C)C>>CC1=CCC2(C)C(=O)C=CC(=O)C2(C)C1,0,0.0,0.038364344419960617,1,1.0,0.0,0.0
267,267,267,267,267,267,267,267,267,267,267,267,267,371,371,2086,371,C=Cc1ccccc1.CC(C)(C)C1=CC(=O)C(=O)C=C1,CC(C)(C)C1=CC2CC(c3ccccc3)C1C(=O)C2=O,Acetonitrile,acetonitrile,C=Cc1ccccc1.CC(C)(C)C1=CC(=O)C(=O)C=C1>>CC(C)(C)C1=CC2CC(c3ccccc3)C1C(=O)C2=O,1,0.0,0.026148197324005196,0,0.0,1.0,0.0
268,268,268,268,268,268,268,268,268,268,268,268,268,372,372,2086,372,C=Cc1ccccc1.CC(C)(C)C1=CC(=O)C(=O)C=C1,CC(C)(C)C1=CC2C(=O)C(=O)C1CC2c1ccccc1,Acetonitrile,acetonitrile,C=Cc1ccccc1.CC(C)(C)C1=CC(=O)C(=O)C=C1>>CC(C)(C)C1=CC2C(=O)C(=O)C1CC2c1ccccc1,0,0.0,0.02254947196206558,1,1.0,0.0,1.0
269,269,269,269,269,269,269,269,269,269,269,269,269,373,373,2105,373,C1=CCC=C1.CC1(C)CC(O)C2=C(S1)C(=O)C=CC2=O,CC1(C)CC(O)C2=C(S1)C(=O)C1C3C=CC(C3)C1C2=O,CH2Cl2,dichloromethane,C1=CCC=C1.CC1(C)CC(O)C2=C(S1)C(=O)C=CC2=O>>CC1(C)CC(O)C2=C(S1)C(=O)C1C3C=CC(C3)C1C2=O,1,0.0,0.014995685330859487,0,0.0,1.0,1.0
270,270,270,270,270,270,270,270,270,270,270,270,270,374,374,2105,374,C1=CCC=C1.CC1(C)CC(O)C2=C(S1)C(=O)C=CC2=O,CC1(C)CC(O)C23C(=O)C=CC(=O)C2(S1)C1C=CC3C1,CH2Cl2,dichloromethane,C1=CCC=C1.CC1(C)CC(O)C2=C(S1)C(=O)C=CC2=O>>CC1(C)CC(O)C23C(=O)C=CC(=O)C2(S1)C1C=CC3C1,0,0.0,0.0416856647188979,1,1.0,0.0,0.0
271,271,271,271,271,271,271,271,271,271,271,271,271,379,379,2146,379,CCC1=CC(=O)C=CC1=O.C1=CCC=C1,CCC1=CC(=O)C2C3C=CC(C3)C2C1=O,Methanol,methanol,CCC1=CC(=O)C=CC1=O.C1=CCC=C1>>CCC1=CC(=O)C2C3C=CC(C3)C2C1=O,1,0.0,0.013979379343027176,1,1.0,1.0,1.0
272,272,272,272,272,272,272,272,272,272,272,272,272,380,380,2146,380,CCC1=CC(=O)C=CC1=O.C1=CCC=C1,CCC12C(=O)C=CC(=O)C1C1C=CC2C1,Methanol,methanol,CCC1=CC(=O)C=CC1=O.C1=CCC=C1>>CCC12C(=O)C=CC(=O)C1C1C=CC2C1,0,0.0,0.02458465042093394,0,0.0,0.0,0.0
273,273,273,273,273,273,273,273,273,273,273,273,273,381,381,2194,381,C=CC1=CCCc2cc(OC)ccc21.CC1=CC(=O)C(C)=CC1=O,COc1ccc2c(c1)CCC1C2=CCC2C(=O)C(C)=CC(=O)C21C,Toluene,toluene,C=CC1=CCCc2cc(OC)ccc21.CC1=CC(=O)C(C)=CC1=O>>COc1ccc2c(c1)CCC1C2=CCC2C(=O)C(C)=CC(=O)C21C,0,0.0,0.021565878892943147,0,0.0,1.0,0.0
274,274,274,274,274,274,274,274,274,274,274,274,274,382,382,2194,382,C=CC1=CCCc2cc(OC)ccc21.CC1=CC(=O)C(C)=CC1=O,COc1ccc2c(c1)CCC1C2=CCC2(C)C(=O)C=C(C)C(=O)C12,Toluene,toluene,C=CC1=CCCc2cc(OC)ccc21.CC1=CC(=O)C(C)=CC1=O>>COc1ccc2c(c1)CCC1C2=CCC2(C)C(=O)C=C(C)C(=O)C12,1,0.0,0.02148457900716494,1,1.0,0.0,1.0
275,275,275,275,275,275,275,275,275,275,275,275,275,383,383,2244,383,C=CCCC12C=CC=CN1C=CC2=O.C=CC=O,C=CCCC12C(=O)C=CN1C1C=CC2C(C=O)C1,Benzene,benzene,C=CCCC12C=CC=CN1C=CC2=O.C=CC=O>>C=CCCC12C(=O)C=CN1C1C=CC2C(C=O)C1,0,0.0,0.04583409470490096,0,0.0,0.0,0.0
276,276,276,276,276,276,276,276,276,276,276,276,276,384,384,2244,384,C=CCCC12C=CC=CN1C=CC2=O.C=CC=O,C=CCCC12C(=O)C=CN1C1C=CC2CC1C=O,Benzene,benzene,C=CCCC12C=CC=CN1C=CC2=O.C=CC=O>>C=CCCC12C(=O)C=CN1C1C=CC2CC1C=O,1,0.0,0.0279173863369806,1,1.0,1.0,1.0
277,277,277,277,277,277,277,277,277,277,277,277,277,385,385,2245,385,C=CCCC12C=CC=CN1C=CC2=O.C=C(Cl)C#N,C=CCCC12C(=O)C=CN1C1C=CC2CC1(Cl)C#N,Benzene,benzene,C=CCCC12C=CC=CN1C=CC2=O.C=C(Cl)C#N>>C=CCCC12C(=O)C=CN1C1C=CC2CC1(Cl)C#N,1,0.0,0.03782970492102322,1,1.0,1.0,1.0
278,278,278,278,278,278,278,278,278,278,278,278,278,386,386,2245,386,C=CCCC12C=CC=CN1C=CC2=O.C=C(Cl)C#N,C=CCCC12C(=O)C=CN1C1C=CC2C(Cl)(C#N)C1,Benzene,benzene,C=CCCC12C=CC=CN1C=CC2=O.C=C(Cl)C#N>>C=CCCC12C(=O)C=CN1C1C=CC2C(Cl)(C#N)C1,0,0.0,0.04837811477500509,0,0.0,0.0,0.0
279,279,279,279,279,279,279,279,279,279,279,279,279,391,391,2273,391,C=Cc1ccc(C)cc1.CC(C)(C)C1=CC(=O)C(=O)C=C1,Cc1ccc(C2CC3C(=O)C(=O)C2C=C3C(C)(C)C)cc1,Acetonitrile,acetonitrile,C=Cc1ccc(C)cc1.CC(C)(C)C1=CC(=O)C(=O)C=C1>>Cc1ccc(C2CC3C(=O)C(=O)C2C=C3C(C)(C)C)cc1,0,0.0,0.02118942387903644,1,1.0,0.0,0.0
280,280,280,280,280,280,280,280,280,280,280,280,280,392,392,2273,392,C=Cc1ccc(C)cc1.CC(C)(C)C1=CC(=O)C(=O)C=C1,Cc1ccc(C2CC3C=C(C(C)(C)C)C2C(=O)C3=O)cc1,Acetonitrile,acetonitrile,C=Cc1ccc(C)cc1.CC(C)(C)C1=CC(=O)C(=O)C=C1>>Cc1ccc(C2CC3C=C(C(C)(C)C)C2C(=O)C3=O)cc1,1,0.0,0.018501203478990647,0,0.0,1.0,1.0
281,281,281,281,281,281,281,281,281,281,281,281,281,393,393,2282,393,C=CC=COC.CC1(C)CC(=O)C(C#N)=CO1,COC1C=CCC2(C#N)C(=O)CC(C)(C)OC12,Toluene,toluene,C=CC=COC.CC1(C)CC(=O)C(C#N)=CO1>>COC1C=CCC2(C#N)C(=O)CC(C)(C)OC12,0,0.0,0.053929903989001104,0,0.0,0.0,0.0
282,282,282,282,282,282,282,282,282,282,282,282,282,394,394,2282,394,C=CC=COC.CC1(C)CC(=O)C(C#N)=CO1,COC1C=CCC2OC(C)(C)CC(=O)C12C#N,Toluene,toluene,C=CC=COC.CC1(C)CC(=O)C(C#N)=CO1>>COC1C=CCC2OC(C)(C)CC(=O)C12C#N,1,0.0,0.022783789518030062,1,1.0,1.0,1.0
283,283,283,283,283,283,283,283,283,283,283,283,283,399,399,2329,399,C1=CC2(CC2)C(COCc2ccccc2)=C1.C=C(Cl)C#N,N#CC1(Cl)CC2C=CC1(COCc1ccccc1)C21CC1,Benzene,benzene,C1=CC2(CC2)C(COCc2ccccc2)=C1.C=C(Cl)C#N>>N#CC1(Cl)CC2C=CC1(COCc1ccccc1)C21CC1,1,0.0,0.020643956781214,1,1.0,1.0,1.0
284,284,284,284,284,284,284,284,284,284,284,284,284,400,400,2329,400,C1=CC2(CC2)C(COCc2ccccc2)=C1.C=C(Cl)C#N,N#CC1(Cl)CC2(COCc3ccccc3)C=CC1C21CC1,Benzene,benzene,C1=CC2(CC2)C(COCc2ccccc2)=C1.C=C(Cl)C#N>>N#CC1(Cl)CC2(COCc3ccccc3)C=CC1C21CC1,0,0.0,0.031251601787971595,0,0.0,0.0,0.0
285,285,285,285,285,285,285,285,285,285,285,285,285,405,405,2335,405,C1=CCC=C1.CS(=O)(=O)C1=CC=C(Cl)S1(=O)=O,CS(=O)(=O)C12C=CC(Cl)(C3CC=CC31)S2(=O)=O,CH2Cl2,dichloromethane,C1=CCC=C1.CS(=O)(=O)C1=CC=C(Cl)S1(=O)=O>>CS(=O)(=O)C12C=CC(Cl)(C3CC=CC31)S2(=O)=O,0,0.0,0.027319930797148118,0,0.0,0.0,0.0
286,286,286,286,286,286,286,286,286,286,286,286,286,406,406,2335,406,C1=CCC=C1.CS(=O)(=O)C1=CC=C(Cl)S1(=O)=O,CS(=O)(=O)C12C=CC(Cl)(C3C=CCC31)S2(=O)=O,CH2Cl2,dichloromethane,C1=CCC=C1.CS(=O)(=O)C1=CC=C(Cl)S1(=O)=O>>CS(=O)(=O)C12C=CC(Cl)(C3C=CCC31)S2(=O)=O,0,0.0,0.022498643570997956,1,1.0,1.0,0.0
287,287,287,287,287,287,287,287,287,287,287,287,287,407,407,2335,407,C1=CCC=C1.CS(=O)(=O)C1=CC=C(Cl)S1(=O)=O,CS(=O)(=O)C12C3C=CC(C3)C1C=C(Cl)S2(=O)=O,CH2Cl2,dichloromethane,C1=CCC=C1.CS(=O)(=O)C1=CC=C(Cl)S1(=O)=O>>CS(=O)(=O)C12C3C=CC(C3)C1C=C(Cl)S2(=O)=O,1,0.0,0.01621016061494629,0,0.0,0.0,0.0
288,288,288,288,288,288,288,288,288,288,288,288,288,408,408,2335,408,C1=CCC=C1.CS(=O)(=O)C1=CC=C(Cl)S1(=O)=O,CS(=O)(=O)C1=CC2C3C=CC(C3)C2(Cl)S1(=O)=O,CH2Cl2,dichloromethane,C1=CCC=C1.CS(=O)(=O)C1=CC=C(Cl)S1(=O)=O>>CS(=O)(=O)C1=CC2C3C=CC(C3)C2(Cl)S1(=O)=O,0,0.0,0.012459075011975074,0,0.0,0.0,1.0
289,289,289,289,289,289,289,289,289,289,289,289,289,409,409,2340,409,CC(=O)C1=C(Cl)C(=O)C=CC1=O.C1=CCC=C1,CC(=O)C12C(=O)C=CC(=O)C1(Cl)C1C=CC2C1,CH2Cl2,dichloromethane,CC(=O)C1=C(Cl)C(=O)C=CC1=O.C1=CCC=C1>>CC(=O)C12C(=O)C=CC(=O)C1(Cl)C1C=CC2C1,0,0.0,0.029855435710942402,0,0.0,0.0,0.0
290,290,290,290,290,290,290,290,290,290,290,290,290,410,410,2340,410,CC(=O)C1=C(Cl)C(=O)C=CC1=O.C1=CCC=C1,CC(=O)C1=C(Cl)C(=O)C2C3C=CC(C3)C2C1=O,CH2Cl2,dichloromethane,CC(=O)C1=C(Cl)C(=O)C=CC1=O.C1=CCC=C1>>CC(=O)C1=C(Cl)C(=O)C2C3C=CC(C3)C2C1=O,1,0.0,0.01480994159283,1,1.0,1.0,1.0
291,291,291,291,291,291,291,291,291,291,291,291,291,415,415,2430,415,O=C1C=CC(=O)O1.CC=C(C)C=CC=C(C)C,CC(C)=CC1C=C(C)C(C)C2C(=O)OC(=O)C12,THF,tetrahydrofuran,O=C1C=CC(=O)O1.CC=C(C)C=CC=C(C)C>>CC(C)=CC1C=C(C)C(C)C2C(=O)OC(=O)C12,1,0.0,0.022521335547025956,0,0.0,1.0,1.0
292,292,292,292,292,292,292,292,292,292,292,292,292,416,416,2430,416,O=C1C=CC(=O)O1.CC=C(C)C=CC=C(C)C,CC=C(C)C1C=CC(C)(C)C2C(=O)OC(=O)C12,THF,tetrahydrofuran,O=C1C=CC(=O)O1.CC=C(C)C=CC=C(C)C>>CC=C(C)C1C=CC(C)(C)C2C(=O)OC(=O)C12,0,0.0,0.0319181884600539,1,1.0,0.0,0.0
293,293,293,293,293,293,293,293,293,293,293,293,293,417,417,2436,417,COC1(OC)C2C=CC1C1C(=O)C=CC(=O)C12.C1=CCC=C1,COC1(OC)C2C=CC1C1C(=O)C3C4C=CC(C4)C3C(=O)C12,Toluene,toluene,COC1(OC)C2C=CC1C1C(=O)C=CC(=O)C12.C1=CCC=C1>>COC1(OC)C2C=CC1C1C(=O)C3C4C=CC(C4)C3C(=O)C12,1,0.0,0.02046435831096005,1,1.0,1.0,1.0
294,294,294,294,294,294,294,294,294,294,294,294,294,418,418,2436,418,COC1(OC)C2C=CC1C1C(=O)C=CC(=O)C12.C1=CCC=C1,COC1(OC)C2C3C(=O)C=CC(=O)C3C1C1C3C=CC(C3)C12,Toluene,toluene,COC1(OC)C2C=CC1C1C(=O)C=CC(=O)C12.C1=CCC=C1>>COC1(OC)C2C3C(=O)C=CC(=O)C3C1C1C3C=CC(C3)C12,0,0.0,0.05719893381399288,0,0.0,0.0,0.0
295,295,295,295,295,295,295,295,295,295,295,295,295,419,419,2476,419,C=C=CP(=O)(c1ccccc1)c1ccccc1.C1=CCC=C1,O=P(C=C1CC2C=CC1C2)(c1ccccc1)c1ccccc1,Toluene,toluene,C=C=CP(=O)(c1ccccc1)c1ccccc1.C1=CCC=C1>>O=P(C=C1CC2C=CC1C2)(c1ccccc1)c1ccccc1,0,0.0,0.031010281334147294,1,1.0,1.0,1.0
296,296,296,296,296,296,296,296,296,296,296,296,296,420,420,2476,420,C=C=CP(=O)(c1ccccc1)c1ccccc1.C1=CCC=C1,C=C1C2C=CC(C2)C1P(=O)(c1ccccc1)c1ccccc1,Toluene,toluene,C=C=CP(=O)(c1ccccc1)c1ccccc1.C1=CCC=C1>>C=C1C2C=CC(C2)C1P(=O)(c1ccccc1)c1ccccc1,1,0.0,0.042633404347043324,0,0.0,0.0,0.0
297,297,297,297,297,297,297,297,297,297,297,297,297,423,423,2542,423,COC1C=CC(=O)O1.C=CC=CO[Si](C)(C)C(C)(C)C,COC1OC(=O)C2CC=CC(O[Si](C)(C)C(C)(C)C)C12,Toluene,toluene,COC1C=CC(=O)O1.C=CC=CO[Si](C)(C)C(C)(C)C>>COC1OC(=O)C2CC=CC(O[Si](C)(C)C(C)(C)C)C12,0,0.0,0.0362329143840725,0,0.0,1.0,0.0
298,298,298,298,298,298,298,298,298,298,298,298,298,424,424,2542,424,COC1C=CC(=O)O1.C=CC=CO[Si](C)(C)C(C)(C)C,COC1OC(=O)C2C(O[Si](C)(C)C(C)(C)C)C=CCC12,Toluene,toluene,COC1C=CC(=O)O1.C=CC=CO[Si](C)(C)C(C)(C)C>>COC1OC(=O)C2C(O[Si](C)(C)C(C)(C)C)C=CCC12,1,0.0,0.03423026450195721,1,1.0,0.0,1.0
299,299,299,299,299,299,299,299,299,299,299,299,299,429,429,2584,429,CC1=CC(=O)OC1=O.CC=C(C)C=CC=C(C)C,CC=C(C)C1C=CC(C)(C)C2C(=O)OC(=O)C12C,THF,tetrahydrofuran,CC1=CC(=O)OC1=O.CC=C(C)C=CC=C(C)C>>CC=C(C)C1C=CC(C)(C)C2C(=O)OC(=O)C12C,0,0.0,0.03808984587510622,0,0.0,0.0,0.0
300,300,300,300,300,300,300,300,300,300,300,300,300,430,430,2584,430,CC1=CC(=O)OC1=O.CC=C(C)C=CC=C(C)C,CC=C(C)C1C=CC(C)(C)C2(C)C(=O)OC(=O)C12,THF,tetrahydrofuran,CC1=CC(=O)OC1=O.CC=C(C)C=CC=C(C)C>>CC=C(C)C1C=CC(C)(C)C2(C)C(=O)OC(=O)C12,0,0.0,0.04666218569593639,0,0.0,0.0,0.0
301,301,301,301,301,301,301,301,301,301,301,301,301,431,431,2584,431,CC1=CC(=O)OC1=O.CC=C(C)C=CC=C(C)C,CC(C)=CC1C=C(C)C(C)C2(C)C(=O)OC(=O)C12,THF,tetrahydrofuran,CC1=CC(=O)OC1=O.CC=C(C)C=CC=C(C)C>>CC(C)=CC1C=C(C)C(C)C2(C)C(=O)OC(=O)C12,0,0.0,0.026247871202940587,0,0.0,0.0,0.0
302,302,302,302,302,302,302,302,302,302,302,302,302,432,432,2584,432,CC1=CC(=O)OC1=O.CC=C(C)C=CC=C(C)C,CC(C)=CC1C=C(C)C(C)C2C(=O)OC(=O)C12C,THF,tetrahydrofuran,CC1=CC(=O)OC1=O.CC=C(C)C=CC=C(C)C>>CC(C)=CC1C=C(C)C(C)C2C(=O)OC(=O)C12C,1,0.0,0.01872210791998441,1,1.0,1.0,1.0
303,303,303,303,303,303,303,303,303,303,303,303,303,435,435,2620,435,C=CC(=O)OC.C=CC=CN(C(=O)CC)C(C)C,CCC(=O)N(C(C)C)C1C=CCC(C(=O)OC)C1,Toluene,toluene,C=CC(=O)OC.C=CC=CN(C(=O)CC)C(C)C>>CCC(=O)N(C(C)C)C1C=CCC(C(=O)OC)C1,0,0.0,0.0340472524269444,0,0.0,1.0,0.0
304,304,304,304,304,304,304,304,304,304,304,304,304,436,436,2620,436,C=CC(=O)OC.C=CC=CN(C(=O)CC)C(C)C,CCC(=O)N(C(C)C)C1C=CCCC1C(=O)OC,Toluene,toluene,C=CC(=O)OC.C=CC=CN(C(=O)CC)C(C)C>>CCC(=O)N(C(C)C)C1C=CCCC1C(=O)OC,1,0.0,0.030863080073913807,1,1.0,0.0,1.0
305,305,305,305,305,305,305,305,305,305,305,305,305,437,437,2692,437,C=CC1=CCCc2cc(OC)ccc21.COC(=O)C1=CCCC1=O,COC(=O)C12CC=C3c4ccc(OC)cc4CCC3C1CCC2=O,CH2Cl2,dichloromethane,C=CC1=CCCc2cc(OC)ccc21.COC(=O)C1=CCCC1=O>>COC(=O)C12CC=C3c4ccc(OC)cc4CCC3C1CCC2=O,1,0.0,0.01722903711811341,0,0.0,0.0,1.0
306,306,306,306,306,306,306,306,306,306,306,306,306,438,438,2692,438,C=CC1=CCCc2cc(OC)ccc21.COC(=O)C1=CCCC1=O,COC(=O)C12C(=O)CCC1CC=C1c3ccc(OC)cc3CCC12,CH2Cl2,dichloromethane,C=CC1=CCCc2cc(OC)ccc21.COC(=O)C1=CCCC1=O>>COC(=O)C12C(=O)CCC1CC=C1c3ccc(OC)cc3CCC12,0,0.0,0.018329002293967278,1,1.0,1.0,0.0
307,307,307,307,307,307,307,307,307,307,307,307,307,439,439,2891,439,O=S1(=O)C=Cc2ccccc21.C=CC(=C)O[Si](C)(C)C,C[Si](C)(C)OC1=CCC2C(C1)c1ccccc1S2(=O)=O,CHCl3,chloroform,O=S1(=O)C=Cc2ccccc21.C=CC(=C)O[Si](C)(C)C>>C[Si](C)(C)OC1=CCC2C(C1)c1ccccc1S2(=O)=O,1,0.0,0.025993916499146508,1,1.0,1.0,0.0
308,308,308,308,308,308,308,308,308,308,308,308,308,440,440,2891,440,O=S1(=O)C=Cc2ccccc21.C=CC(=C)O[Si](C)(C)C,C[Si](C)(C)OC1=CCC2c3ccccc3S(=O)(=O)C2C1,CHCl3,chloroform,O=S1(=O)C=Cc2ccccc21.C=CC(=C)O[Si](C)(C)C>>C[Si](C)(C)OC1=CCC2c3ccccc3S(=O)(=O)C2C1,0,0.0,0.024614052475044446,0,0.0,0.0,1.0
309,309,309,309,309,309,309,309,309,309,309,309,309,441,441,2902,441,O=C1C=CC1.C=CC(=C)O[Si](C)(C)C(C)(C)C,CC(C)(C)[Si](C)(C)OC1=CCC2CC(=O)C2C1,CHCl3,chloroform,O=C1C=CC1.C=CC(=C)O[Si](C)(C)C(C)(C)C>>CC(C)(C)[Si](C)(C)OC1=CCC2CC(=O)C2C1,0,0.0,0.02410698697406133,0,0.0,0.0,0.0
310,310,310,310,310,310,310,310,310,310,310,310,310,442,442,2902,442,O=C1C=CC1.C=CC(=C)O[Si](C)(C)C(C)(C)C,CC(C)(C)[Si](C)(C)OC1=CCC2C(=O)CC2C1,CHCl3,chloroform,O=C1C=CC1.C=CC(=C)O[Si](C)(C)C(C)(C)C>>CC(C)(C)[Si](C)(C)OC1=CCC2C(=O)CC2C1,1,0.0,0.021847323698011678,1,1.0,1.0,1.0
311,311,311,311,311,311,311,311,311,311,311,311,311,468,468,3470,468,C1=CCC=C1.C=C(C)CCC1=CC(=O)OC1=O,CC1(CCC2=CC(=O)OC2=O)CC2C=CC1C2,Toluene,toluene,C1=CCC=C1.C=C(C)CCC1=CC(=O)OC1=O>>CC1(CCC2=CC(=O)OC2=O)CC2C=CC1C2,0,0.0,0.04660666521294843,0,0.0,0.0,0.0
312,312,312,312,312,312,312,312,312,312,312,312,312,469,469,3470,469,C1=CCC=C1.C=C(C)CCC1=CC(=O)OC1=O,C=C(C)CCC12C(=O)OC(=O)C1C1C=CC2C1,Toluene,toluene,C1=CCC=C1.C=C(C)CCC1=CC(=O)OC1=O>>C=C(C)CCC12C(=O)OC(=O)C1C1C=CC2C1,1,0.0,0.02217773625091013,1,1.0,1.0,1.0
313,313,313,313,313,313,313,313,313,313,313,313,313,470,470,3510,470,N#CC1=C(C#N)C(=O)C=CC1=O.C1=CCC=C1,N#CC12C(=O)C=CC(=O)C1(C#N)C1C=CC2C1,Methanol,methanol,N#CC1=C(C#N)C(=O)C=CC1=O.C1=CCC=C1>>N#CC12C(=O)C=CC(=O)C1(C#N)C1C=CC2C1,1,0.0,0.007757394776035653,1,1.0,1.0,1.0
314,314,314,314,314,314,314,314,314,314,314,314,314,471,471,3510,471,N#CC1=C(C#N)C(=O)C=CC1=O.C1=CCC=C1,N#CC1=C(C#N)C(=O)C2C3C=CC(C3)C2C1=O,Methanol,methanol,N#CC1=C(C#N)C(=O)C=CC1=O.C1=CCC=C1>>N#CC1=C(C#N)C(=O)C2C3C=CC(C3)C2C1=O,0,0.0,0.011371989930012205,0,0.0,0.0,0.0
315,315,315,315,315,315,315,315,315,315,315,315,315,472,472,3798,472,COC(=O)C1=CC(C)(C)CCC1=O.C=CC(=C)C,COC(=O)C12CC=C(C)CC1C(C)(C)CCC2=O,Ether,diethyl ether,COC(=O)C1=CC(C)(C)CCC1=O.C=CC(=C)C>>COC(=O)C12CC=C(C)CC1C(C)(C)CCC2=O,1,0.0,0.02523583320294165,1,1.0,1.0,1.0
316,316,316,316,316,316,316,316,316,316,316,316,316,473,473,3798,473,COC(=O)C1=CC(C)(C)CCC1=O.C=CC(=C)C,COC(=O)C12CC(C)=CCC1C(C)(C)CCC2=O,Ether,diethyl ether,COC(=O)C1=CC(C)(C)CCC1=O.C=CC(=C)C>>COC(=O)C12CC(C)=CCC1C(C)(C)CCC2=O,0,0.0,0.027700415285039526,0,0.0,0.0,0.0
317,317,317,317,317,317,317,317,317,317,317,317,317,474,474,3904,474,C#CCC1(C)C=CC=C(C)C1=O.C=CC#N,C#CCC1(C)C(=O)C2(C)C=CC1C(C#N)C2,Benzene,benzene,C#CCC1(C)C=CC=C(C)C1=O.C=CC#N>>C#CCC1(C)C(=O)C2(C)C=CC1C(C#N)C2,1,0.0,0.04730154174706058,0,0.0,0.0,0.0
318,318,318,318,318,318,318,318,318,318,318,318,318,475,475,3904,475,C#CCC1(C)C=CC=C(C)C1=O.C=CC#N,C#CCC1(C)C(=O)C2(C)C=CC1CC2C#N,Benzene,benzene,C#CCC1(C)C=CC=C(C)C1=O.C=CC#N>>C#CCC1(C)C(=O)C2(C)C=CC1CC2C#N,0,0.0,0.03666709977699156,1,1.0,1.0,1.0
